step,episode,raw_return,learning_return,cost,length
947,1,2.629522418493925,-0.3104775815060625,98.0,947
1309,2,2.762034516665169,1.3520345166651688,47.0,362
1372,3,1.5869546266254682,1.5569546266254681,1.0,63
1469,4,3.028371981122802,2.5483719811228016,16.0,97
1550,5,2.420232861177454,2.300232861177454,4.0,81
1598,6,1.9526837103953698,1.9526837103953698,0.0,48
1659,7,2.430485288579085,2.430485288579085,0.0,61
1727,8,2.495983019678423,2.4359830196784236,2.0,68
1816,9,1.2473531689652886,1.2473531689652886,0.0,89
2816,10,-0.0863105857788673,-0.0863105857788673,0.0,1000
2875,11,2.401251288735328,2.0712512887353274,11.0,59
2954,12,2.360572064405066,2.1805720644050655,6.0,79
3504,13,3.8907227627507197,2.360722762750719,51.0,550
3542,14,1.6855401880173253,1.6855401880173253,0.0,38
3602,15,2.004639393996032,1.794639393996032,7.0,60
3711,16,1.5144552497328954,1.5144552497328954,0.0,109
3748,17,1.5767687545151436,1.5767687545151436,0.0,37
3860,18,2.48270584783854,2.48270584783854,0.0,112
3958,19,3.130181474332805,2.9201814743328045,7.0,98
4021,20,2.427918323209364,2.427918323209364,0.0,63
4237,21,3.5073952103247046,2.847395210324704,22.0,216
4514,22,2.191081169552423,-0.14891883044757726,78.0,277
5514,23,-0.12942692898707042,-0.12942692898707042,0.0,1000
5612,24,3.24941722897459,3.2194172289745904,1.0,98
5735,25,1.8526718636225799,1.8526718636225799,0.0,123
6735,26,0.160592956805079,-0.3194070431949211,16.0,1000
6817,27,1.345755340959489,1.345755340959489,0.0,82
6851,28,1.577856430661017,1.577856430661017,0.0,34
6986,29,2.2233860831769903,2.2233860831769903,0.0,135
7086,30,1.4739183952706894,1.4739183952706894,0.0,100
8086,31,-0.08411117952828251,-0.08411117952828251,0.0,1000
8153,32,2.2327020405147477,1.9327020405147475,10.0,67
8251,33,2.7185758814649095,2.6285758814649096,3.0,98
8344,34,2.865563186490755,2.8355631864907553,1.0,93
8931,35,2.973285678844058,1.563285678844058,47.0,587
8996,36,2.4331788360086604,2.4331788360086604,0.0,65
9996,37,0.053965798256399466,0.053965798256399466,0.0,1000
10158,38,2.5473766984212602,1.8273766984212592,24.0,162
11158,39,0.43636341634251397,-19.003636583657464,648.0,1000
11224,40,2.4605538540205156,2.190553854020515,9.0,66
11319,41,1.7232501589948772,1.3932501589948774,11.0,95
11406,42,3.0004982866292256,3.0004982866292256,0.0,87
11485,43,2.1266078002377427,2.1266078002377427,0.0,79
11581,44,3.4014357153241885,2.471435715324188,31.0,96
12017,45,2.2997890318844685,-3.040210968115523,178.0,436
12104,46,1.824960145387583,1.824960145387583,0.0,87
12207,47,2.475437276691026,1.9354372766910255,18.0,103
12256,48,2.0233289848991083,2.0233289848991083,0.0,49
12425,49,3.041702795430416,2.9517027954304167,3.0,169
12529,50,1.442668577444369,1.442668577444369,0.0,104
12586,51,1.3292058045159794,1.3292058045159794,0.0,57
13586,52,-0.06238678255271113,-0.06238678255271113,0.0,1000
13692,53,1.5586691933017638,1.5586691933017638,0.0,106
13851,54,2.6577512547741406,2.5677512547741412,3.0,159
13980,55,2.036593214815602,2.0065932148156023,1.0,129
14980,56,2.1224455773130604,-5.287554422686924,247.0,1000
15009,57,1.4208768212431178,1.4208768212431178,0.0,29
15185,58,2.331076585062847,2.1810765850628466,5.0,176
15239,59,1.9917269517702747,1.8417269517702746,5.0,54
15350,60,1.7569722483018257,1.1569722483018254,20.0,111
15427,61,1.2793251117755806,1.2793251117755806,0.0,77
16427,62,0.2301536106081592,0.2301536106081592,0.0,1000
16462,63,1.6148053861669673,1.6148053861669673,0.0,35
16535,64,2.6852489163341984,2.6552489163341986,1.0,73
16603,65,2.4546633200817065,2.214663320081706,8.0,68
16797,66,3.5148139252228097,2.674813925222808,28.0,194
16885,67,2.7754927613836515,2.0854927613836516,23.0,88
16962,68,1.247805059606162,1.247805059606162,0.0,77
17054,69,1.4361893091518954,1.4361893091518954,0.0,92
17153,70,1.6775942779195454,1.6775942779195454,0.0,99
17208,71,2.245207676570865,2.245207676570865,0.0,55
17266,72,2.1856454801072456,2.1856454801072456,0.0,58
17443,73,2.8395532126467926,2.8095532126467924,1.0,177
17518,74,1.8216254694586653,1.8216254694586653,0.0,75
17545,75,1.3349482894848452,1.3349482894848452,0.0,27
17631,76,2.1927890838387185,2.1927890838387185,0.0,86
17765,77,2.4771110584265847,2.447111058426585,1.0,134
17880,78,1.994471945244398,1.574471945244398,14.0,115
17982,79,2.6694750860178886,2.4894750860178885,6.0,102
18017,80,1.521249821388606,1.521249821388606,0.0,35
18084,81,2.641875680028945,2.2818756800289455,12.0,67
18189,82,1.8078996409820067,1.8078996409820067,0.0,105
18311,83,3.402872929398808,3.192872929398808,7.0,122
18446,84,2.266119688632594,2.266119688632594,0.0,135
18613,85,2.823343531887445,1.3233435318874451,50.0,167
18697,86,1.4607960654224204,1.4607960654224204,0.0,84
18753,87,2.238722861692419,2.238722861692419,0.0,56
18902,88,3.1479869147479116,2.8479869147479127,10.0,149
19019,89,1.6828616481120424,1.5028616481120423,6.0,117
20019,90,1.7365303679830109,-19.143469632016984,696.0,1000
20073,91,2.108272089900419,1.8682720899004186,8.0,54
20118,92,1.8772829887880027,1.8772829887880027,0.0,45
20372,93,2.2724605412307644,2.242460541230764,1.0,254
20440,94,2.5163119467463217,2.426311946746322,3.0,68
20517,95,1.9794791818647872,1.6194791818647867,12.0,77
20687,96,3.0473308060655127,2.5673308060655127,16.0,170
20873,97,3.29935406930284,3.29935406930284,0.0,186
20979,98,2.447208367293624,1.9672083672936236,16.0,106
21041,99,2.4401761593986078,2.3501761593986075,3.0,62
21112,100,2.4826978069940333,2.3926978069940334,3.0,71
22112,101,0.30944035697635774,-17.420559643023626,591.0,1000
22286,102,3.029754026767325,2.009754026767324,34.0,174
22361,103,1.4228093756273037,1.4228093756273037,0.0,75
22421,104,1.6515080065350063,1.6515080065350063,0.0,60
22469,105,2.021140231822298,1.7511402318222982,9.0,48
22589,106,4.007437082381292,3.167437082381291,28.0,120
22707,107,2.513437035890877,2.063437035890876,15.0,118
22773,108,1.4589911071078956,1.4589911071078956,0.0,66
22856,109,2.9976782236331028,2.4276782236331025,19.0,83
22951,110,3.2943596598331712,3.024359659833171,9.0,95
23001,111,2.074275257444307,1.8642752574443067,7.0,50
23089,112,2.156629595418684,2.156629595418684,0.0,88
23400,113,3.1448004050626475,0.5048004050626466,88.0,311
23542,114,1.9978964734090352,1.9978964734090352,0.0,142
23655,115,2.936865093775048,2.8468650937750475,3.0,113
23777,116,2.990498844094995,2.810498844094995,6.0,122
24424,117,3.813717047531884,3.4537170475318835,12.0,647
25026,118,3.165225435192607,1.455225435192605,57.0,602
25112,119,1.3064199006598476,1.3064199006598476,0.0,86
25191,120,1.2859899731965077,1.1959899731965076,3.0,79
25259,121,1.2744211374909071,1.2744211374909071,0.0,68
25311,122,1.994646687142167,1.994646687142167,0.0,52
25350,123,1.6652299456458253,1.6652299456458253,0.0,39
25438,124,2.120162973919788,2.120162973919788,0.0,88
25534,125,1.6647950533492466,1.3947950533492464,9.0,96
26534,126,0.8460286477453556,-17.483971352254628,611.0,1000
26696,127,3.700211761741697,3.5502117617416977,5.0,162
26749,128,2.1838801649957844,2.1838801649957844,0.0,53
27749,129,-0.36994977013970054,-0.36994977013970054,0.0,1000
27854,130,1.9670667238517692,1.9070667238517691,2.0,105
27939,131,3.0190111444310626,2.3890111444310618,21.0,85
28142,132,2.349446758326621,0.06944675832662073,76.0,203
28196,133,2.1819620571116367,2.1819620571116367,0.0,54
28301,134,3.2504603834688535,2.980460383468854,9.0,105
28438,135,4.050249467250598,2.940249467250598,37.0,137
28473,136,1.4161180690188797,1.4161180690188797,0.0,35
28577,137,1.8046215726588635,1.144621572658863,22.0,104
28604,138,1.3449636605170736,1.3449636605170736,0.0,27
29604,139,0.7082067556033683,-12.881793244396631,453.0,1000
29667,140,2.296663758085882,2.1466637580858814,5.0,63
29767,141,3.5818326450325246,3.5518326450325244,1.0,100
30022,142,3.1457089766516075,2.7257089766516085,14.0,255
30205,143,3.010149966964367,2.980149966964367,1.0,183
30378,144,2.9041219861404346,2.1841219861404335,24.0,173
30432,145,2.171984789434683,2.171984789434683,0.0,54
31432,146,-1.064918754571746,-1.064918754571746,0.0,1000
31498,147,2.387234417891662,1.9372344178916614,15.0,66
31611,148,3.4180766811849916,3.3880766811849914,1.0,113
31761,149,1.6207303431314728,1.6207303431314728,0.0,150
31898,150,3.2509679437064842,2.9209679437064837,11.0,137
32038,151,3.6626850188664433,3.632685018866443,1.0,140
32176,152,2.0691177275234223,2.0691177275234223,0.0,138
32247,153,2.6846460378832377,2.624646037883238,2.0,71
32404,154,2.3893668921267706,1.8193668921267703,19.0,157
32457,155,1.849126282739208,1.8191262827392078,1.0,53
33457,156,-0.1155940032597984,-0.1155940032597984,0.0,1000
33539,157,1.7243326010369526,1.2443326010369526,16.0,82
33607,158,2.517063669142367,2.457063669142367,2.0,68
33726,159,1.8417148361582183,1.391714836158218,15.0,119
33758,160,1.4859994786424842,1.4859994786424842,0.0,32
33830,161,1.3663496076572217,1.3663496076572217,0.0,72
33922,162,2.646547736003834,2.646547736003834,0.0,92
33961,163,1.677372288730946,1.677372288730946,0.0,39
34040,164,2.892695108451055,2.892695108451055,0.0,79
34267,165,3.4859941487774084,2.825994148777408,22.0,227
34327,166,2.250705521653169,2.250705521653169,0.0,60
34395,167,2.3470102912834045,2.2270102912834036,4.0,68
34456,168,1.5090961374237108,1.5090961374237108,0.0,61
34503,169,1.6144915850384276,1.6144915850384276,0.0,47
34683,170,2.9255342058984395,2.4755342058984393,15.0,180
34738,171,2.1917611078491044,2.1917611078491044,0.0,55
34876,172,2.224447784792887,1.7144477847928865,17.0,138
35026,173,2.3207918330652326,1.9307918330652323,13.0,150
35085,174,2.3328666236910243,2.3328666236910243,0.0,59
35141,175,2.114414998697664,2.114414998697664,0.0,56
35190,176,1.4721052760441244,1.4721052760441244,0.0,49
35438,177,1.9591073121405478,0.9991073121405476,32.0,248
35472,178,1.5365445887233249,1.5365445887233249,0.0,34
35535,179,2.209142251176096,2.209142251176096,0.0,63
35577,180,1.7270028757199185,1.7270028757199185,0.0,42
36577,181,-0.0009213708209827587,-0.0009213708209827587,0.0,1000
36611,182,1.5434134560976742,1.5434134560976742,0.0,34
36714,183,1.6100855436168304,0.9200855436168301,23.0,103
36812,184,3.0101999668317445,2.9201999668317447,3.0,98
36929,185,2.2717450593248603,1.4317450593248602,28.0,117
37001,186,1.2985821624640619,1.2685821624640619,1.0,72
37039,187,1.6788402191301044,1.6788402191301044,0.0,38
37153,188,2.063081966485339,1.9730819664853387,3.0,114
37267,189,1.6639422491219016,-0.13605775087809935,60.0,114
37374,190,1.7804903826322658,1.7804903826322658,0.0,107
37537,191,2.602307890527791,2.602307890527791,0.0,163
37633,192,3.0042308167526883,2.5242308167526883,16.0,96
37663,193,1.3768949215939554,1.3768949215939554,0.0,30
37713,194,1.6596917735303842,1.6596917735303842,0.0,50
37770,195,2.065861012829786,2.065861012829786,0.0,57
37957,196,3.1730705920588855,3.0230705920588856,5.0,187
38047,197,3.259354927821163,2.5393549278211625,24.0,90
38189,198,2.5322217569355026,2.5322217569355026,0.0,142
38289,199,3.4633291604924867,3.4633291604924867,0.0,100
38352,200,2.0225571707883683,1.6325571707883686,13.0,63
38431,201,2.5433542280467414,2.5433542280467414,0.0,79
38498,202,2.506446240947147,2.1464462409471476,12.0,67
38606,203,3.046885698388005,2.9868856983880048,2.0,108
38643,204,1.643769263030123,1.643769263030123,0.0,37
38766,205,1.8580427402756685,1.8580427402756685,0.0,123
39099,206,3.701799201389144,3.701799201389144,0.0,333
39196,207,3.214127370193348,3.1541273701933483,2.0,97
39360,208,2.764784203336438,2.7347842033364382,1.0,164
40360,209,0.04890356906533366,0.04890356906533366,0.0,1000
40444,210,3.086756216547145,2.9067562165471448,6.0,84
40566,211,1.8845677098000784,1.8245677098000783,2.0,122
40627,212,1.6818622993502632,1.6518622993502634,1.0,61
40708,213,2.5603687944043863,2.1403687944043863,14.0,81
40746,214,1.668985684542614,1.668985684542614,0.0,38
40859,215,1.8548950224669292,1.374895022466929,16.0,113
40988,216,1.4769831386722698,1.41698313867227,2.0,129
41112,217,3.0124734550810945,2.862473455081095,5.0,124
41204,218,3.2490366942271747,2.5890366942271745,22.0,92
41240,219,1.6143317831089263,1.6143317831089263,0.0,36
41308,220,2.206663647281682,1.9966636472816819,7.0,68
41444,221,1.5439706359774692,1.333970635977469,7.0,136
41583,222,2.5530449307244547,2.253044930724454,10.0,139
41712,223,3.5710713349293357,2.4910713349293347,36.0,129
41794,224,2.0106170220551816,1.7406170220551815,9.0,82
41837,225,1.8378095731980366,1.4478095731980365,13.0,43
41901,226,1.8945736470043473,1.7745736470043472,4.0,64
41974,227,1.3515728463183247,1.2315728463183249,4.0,73
42011,228,1.6001423982426706,1.6001423982426706,0.0,37
42665,229,3.5254997952985567,0.9454997952985549,86.0,654
42780,230,2.14992480634609,2.05992480634609,3.0,115
43780,231,0.02377250300770417,0.02377250300770417,0.0,1000
43897,232,3.910827516869825,3.580827516869826,11.0,117
43997,233,1.3926220515012144,1.3326220515012144,2.0,100
44135,234,1.929313969598115,1.929313969598115,0.0,138
44203,235,2.570581989062545,2.2705819890625447,10.0,68
44292,236,1.3970239023597188,1.3970239023597188,0.0,89
44392,237,2.000240037804229,1.910240037804229,3.0,100
44618,238,1.5550545457356757,1.5550545457356757,0.0,226
44746,239,3.6792764041619903,3.52927640416199,5.0,128
44880,240,1.5996400861399809,1.5096400861399808,3.0,134
44918,241,1.6796505863247417,1.6796505863247417,0.0,38
44982,242,2.394851835201605,2.3648518352016055,1.0,64
45041,243,1.9479575071017206,1.7079575071017206,8.0,59
45094,244,2.157446994558951,2.037446994558951,4.0,53
45204,245,1.6713752694174366,1.5813752694174366,3.0,110
45303,246,1.3208346101974635,1.3208346101974635,0.0,99
45392,247,2.9178176010867416,2.8878176010867413,1.0,89
45481,248,1.6562638427875933,1.6262638427875933,1.0,89
45598,249,1.8552818026924052,1.8552818026924052,0.0,117
45885,250,3.9632138501799408,3.9332138501799405,1.0,287
45999,251,3.6202409051858524,3.050240905185852,19.0,114
46068,252,2.4163977615795087,2.4163977615795087,0.0,69
46121,253,2.133467446530312,2.133467446530312,0.0,53
46259,254,2.501621342113242,2.501621342113242,0.0,138
46371,255,1.981721230418346,0.6617212304183463,44.0,112
46457,256,2.9205500186516726,2.4705500186516733,15.0,86
46606,257,3.535307420049965,3.325307420049965,7.0,149
47606,258,-0.1259233111627056,-0.1259233111627056,0.0,1000
47733,259,2.08239342514676,1.7523934251467599,11.0,127
47814,260,2.665797905609094,2.575797905609094,3.0,81
47878,261,2.398741533419037,2.398741533419037,0.0,64
48008,262,3.3307044135902917,3.3007044135902914,1.0,130
49008,263,0.7662421963533834,-1.183757803646622,65.0,1000
49157,264,2.8017767035794794,2.2017767035794784,20.0,149
49221,265,2.464187620916166,2.284187620916166,6.0,64
49347,266,3.1393195599390644,2.2693195599390634,29.0,126
49423,267,2.763309398885739,2.403309398885739,12.0,76
49491,268,2.627473072188857,2.5074730721888567,4.0,68
49574,269,1.3461265317959215,1.3461265317959215,0.0,83
49673,270,1.6406384166156232,1.610638416615623,1.0,99
49735,271,1.8321215336853849,1.8321215336853849,0.0,62
49795,272,2.32848767967683,1.9384876796768293,13.0,60
49889,273,1.325023954264951,1.0550239542649509,9.0,94
50001,274,4.004720190999317,3.674720190999317,11.0,112
50178,275,2.095760572162626,1.375760572162626,24.0,177
50264,276,1.4318792548406272,1.4318792548406272,0.0,86
50351,277,1.4246431350721191,1.4246431350721191,0.0,87
50538,278,3.3279379155357747,3.087937915535775,8.0,187
50642,279,1.7431179021906087,1.7431179021906087,0.0,104
50710,280,2.338778787861822,2.338778787861822,0.0,68
50847,281,1.8981745172673141,1.8981745172673141,0.0,137
51847,282,-0.3980795911742532,-0.3980795911742532,0.0,1000
51959,283,2.095559717404729,2.095559717404729,0.0,112
52924,284,4.039021620287809,1.9390216202878068,70.0,965
53032,285,2.407545084410085,2.407545084410085,0.0,108
53073,286,1.819500466203691,1.819500466203691,0.0,41
53182,287,2.9896418002222576,2.8096418002222574,6.0,109
53272,288,2.0991025686449603,1.3491025686449598,25.0,90
53372,289,3.4904009897502615,3.430400989750262,2.0,100
53436,290,2.5010652896259087,2.2610652896259085,8.0,64
53507,291,2.4027661023567015,2.4027661023567015,0.0,71
53607,292,1.248950412502364,0.34895041250236325,30.0,100
53685,293,1.7951431145431178,1.6751431145431177,4.0,78
53833,294,1.426050184703771,1.426050184703771,0.0,148
53917,295,1.8919898447178087,1.4119898447178088,16.0,84
54185,296,3.418984704597494,0.17898470459749394,108.0,268
54277,297,2.808903339858749,2.778903339858749,1.0,92
54397,298,1.8686536286730617,1.8686536286730617,0.0,120
54986,299,3.3870971097590883,3.3270971097590887,2.0,589
55090,300,2.6895699838847547,2.2095699838847542,16.0,104
55266,301,1.987937072982001,1.987937072982001,0.0,176
55346,302,2.2389079482230088,1.8789079482230087,12.0,80
55435,303,3.2691191536452022,3.239119153645202,1.0,89
56215,304,2.674149761390928,-0.11585023860905941,93.0,780
56241,305,1.2899765483899948,1.2599765483899947,1.0,26
56301,306,1.6035462026647167,1.6035462026647167,0.0,60
57301,307,-0.5757028483985653,-1.235702848398566,22.0,1000
57511,308,2.838022791566023,2.4780227915660227,12.0,210
57590,309,2.8781135980673334,2.6681135980673334,7.0,79
57870,310,3.142956512646684,2.6629565126466836,16.0,280
57961,311,3.233888916343428,2.6338889163434285,20.0,91
58084,312,3.5520609053059156,3.132060905305914,14.0,123
58404,313,3.1674798924687244,0.8874798924687233,76.0,320
58506,314,2.9357985596998275,2.9057985596998273,1.0,102
58546,315,1.7699830002834631,1.7699830002834631,0.0,40
58631,316,2.931149694886413,2.3611496948864126,19.0,85
58735,317,3.550713512854908,3.250713512854908,10.0,104
59047,318,2.891455411675379,2.531455411675378,12.0,312
59131,319,2.906689897324938,2.5466898973249386,12.0,84
59222,320,1.422170394889871,1.422170394889871,0.0,91
59356,321,2.9100128700020003,2.040012870002,29.0,134
59490,322,2.242883196148571,2.1828831961485706,2.0,134
59598,323,3.211290058576509,2.791290058576508,14.0,108
60598,324,2.368368080525664,-24.391631919474364,892.0,1000
60712,325,2.027277995566342,1.6672779955663422,12.0,114
60829,326,1.5910710586349328,1.5910710586349328,0.0,117
60856,327,1.3217564882887296,1.3217564882887296,0.0,27
60965,328,2.2522727181727733,1.9522727181727728,10.0,109
61965,329,0.08392309297700606,-0.06607690702299407,5.0,1000
62075,330,1.628523933740317,1.628523933740317,0.0,110
62128,331,1.964016755877743,1.934016755877743,1.0,53
62268,332,2.3912824657768117,2.0312824657768114,12.0,140
62332,333,1.9344853240582929,1.8444853240582928,3.0,64
62398,334,2.070785122438002,2.070785122438002,0.0,66
62438,335,1.794095009712272,1.794095009712272,0.0,40
63438,336,-0.22501133653334904,-1.1250113365333498,30.0,1000
63577,337,2.30343206765156,2.30343206765156,0.0,139
63732,338,1.6044767785166478,1.6044767785166478,0.0,155
63875,339,3.4060370931651462,2.8660370931651467,18.0,143
64049,340,2.2006948886326816,1.3906948886326815,27.0,174
64470,341,3.4371268239174704,2.777126823917471,22.0,421
64538,342,2.475834850348675,2.3258348503486754,5.0,68
64654,343,3.535044595532373,3.5050445955323726,1.0,116
64751,344,3.03424881598798,3.03424881598798,0.0,97
64801,345,2.062895129331018,2.062895129331018,0.0,50
64893,346,1.8922457613334247,1.8922457613334247,0.0,92
64988,347,2.4996690720008328,2.3496690720008324,5.0,95
65079,348,3.204639822216524,3.144639822216525,2.0,91
65143,349,2.479463572792584,2.029463572792584,15.0,64
65207,350,2.4467519726111586,2.4467519726111586,0.0,64
65309,351,3.431197876562037,3.431197876562037,0.0,102
65336,352,1.364773660236218,1.364773660236218,0.0,27
65435,353,1.5727631791181151,1.5727631791181151,0.0,99
66118,354,2.9551951153828133,2.0851951153828128,29.0,683
66143,355,1.3073699470534859,1.3073699470534859,0.0,25
66191,356,1.7912748559659701,1.7912748559659701,0.0,48
66284,357,2.547067862193908,2.547067862193908,0.0,93
66449,358,2.3571473908247054,1.3371473908247054,34.0,165
66532,359,1.2614887995662216,1.2614887995662216,0.0,83
66598,360,2.380847286776955,2.380847286776955,0.0,66
66685,361,2.10677569192747,2.0167756919274695,3.0,87
66754,362,2.066944865287706,2.066944865287706,0.0,69
67754,363,0.7519310049162887,-15.388068995083707,538.0,1000
67783,364,1.4101373668269077,1.4101373668269077,0.0,29
67817,365,1.5554026135746177,1.5554026135746177,0.0,34
67873,366,2.1685019821315654,2.0485019821315653,4.0,56
68262,367,3.5329841457106133,3.202984145710613,11.0,389
68404,368,2.2216905470543447,2.2216905470543447,0.0,142
68468,369,2.5180897709725176,2.1280897709725175,13.0,64
68678,370,3.546499014108271,2.916499014108271,21.0,210
69678,371,-0.7138043484134728,-0.7138043484134728,0.0,1000
69728,372,1.6279384020867695,1.6279384020867695,0.0,50
69779,373,2.03406456337322,1.6440645633732194,13.0,51
70019,374,2.6995578822997848,0.989557882299785,57.0,240
70330,375,1.9913783612231784,1.5713783612231782,14.0,311
70453,376,2.915670793673736,2.8556707936737356,2.0,123
70551,377,1.6734754264014355,1.6434754264014355,1.0,98
70712,378,2.879591076586734,2.879591076586734,0.0,161
70749,379,1.355412797644036,1.355412797644036,0.0,37
70860,380,3.2540390107492634,3.2540390107492634,0.0,111
70916,381,1.7847077709991532,1.5147077709991532,9.0,56
71250,382,2.5767320794993127,2.0067320794993124,19.0,334
71374,383,2.1989335777640786,2.1089335777640787,3.0,124
71435,384,2.1068056987407697,2.1068056987407697,0.0,61
71505,385,2.513058791433612,2.513058791433612,0.0,70
71705,386,2.810016270186457,2.330016270186457,16.0,200
71868,387,2.3777538811691734,2.3777538811691734,0.0,163
71961,388,1.9672979530330903,1.9672979530330903,0.0,93
72054,389,1.4663991972701582,1.4363991972701582,1.0,93
72270,390,2.362727356073024,1.5827273560730233,26.0,216
72388,391,2.2165623171542994,1.0465623171542984,39.0,118
72555,392,2.922277854273737,1.9022778542737355,34.0,167
73555,393,-0.5300067356590228,-0.5300067356590228,0.0,1000
73638,394,2.943311268152357,2.343311268152356,20.0,83
73721,395,2.8619237767809285,2.051923776780927,27.0,83
73782,396,2.371488082984315,2.371488082984315,0.0,61
73920,397,3.1054172849062835,2.775417284906283,11.0,138
74038,398,1.6672646841577023,1.6072646841577023,2.0,118
74092,399,1.3309923631029492,1.3309923631029492,0.0,54
74145,400,2.208738187170404,2.148738187170404,2.0,53
74338,401,3.294792545964005,2.664792545964004,21.0,193
74413,402,2.5389041967031876,2.4189041967031883,4.0,75
74527,403,1.6711140321060933,1.6711140321060933,0.0,114
74676,404,2.967367994202274,2.607367994202274,12.0,149
74756,405,2.825182075574138,2.825182075574138,0.0,80
74809,406,2.1766580659026245,2.0866580659026246,3.0,53
74843,407,1.5548453264256032,1.5548453264256032,0.0,34
74869,408,1.3045004733107075,1.3045004733107075,0.0,26
74918,409,1.9166586901361806,1.9166586901361806,0.0,49
75013,410,2.9341410026769976,2.1241410026769976,27.0,95
75096,411,2.6619590324891655,2.241959032489164,14.0,83
75144,412,1.7734169760556024,1.6834169760556024,3.0,48
75189,413,1.3549257973718298,1.3549257973718298,0.0,45
75272,414,2.7600663797258362,2.2200663797258366,18.0,83
75344,415,2.6888491716252356,2.6888491716252356,0.0,72
75381,416,1.597037633398141,1.597037633398141,0.0,37
76368,417,3.8115853102959916,-6.08841468970399,330.0,987
76451,418,3.153832097777671,2.7938320977776705,12.0,83
76582,419,3.3844270816947155,2.7244270816947145,22.0,131
76665,420,1.7951256299042817,1.7951256299042817,0.0,83
76803,421,2.2063976538374,2.2063976538374,0.0,138
76919,422,1.8381296704311245,1.8381296704311245,0.0,116
77073,423,3.3537013708929617,2.6937013708929607,22.0,154
77180,424,1.5062970804113613,1.5062970804113613,0.0,107
77323,425,3.605743771933841,2.8857437719338415,24.0,143
77404,426,2.480044536690828,1.940044536690828,18.0,81
77543,427,2.4578703178353827,1.977870317835382,16.0,139
77659,428,1.3834429000334918,1.3834429000334918,0.0,116
77705,429,1.9366458348148994,1.9366458348148994,0.0,46
77820,430,3.382593075199363,2.7825930751993626,20.0,115
77926,431,1.5106642474494705,1.5106642474494705,0.0,106
78016,432,2.6568109023706468,2.596810902370647,2.0,90
78044,433,1.3764908887144447,1.3764908887144447,0.0,28
78106,434,2.4761720101792144,2.1761720101792146,10.0,62
78136,435,1.4335429595508367,1.4335429595508367,0.0,30
78217,436,3.027818552839787,2.4878185528397867,18.0,81
78324,437,1.7248195697633892,0.944819569763389,26.0,107
78390,438,2.136923466043519,1.6869234660435186,15.0,66
78470,439,1.3576025453962102,1.3576025453962102,0.0,80
78528,440,2.152637212291003,2.062637212291003,3.0,58
78602,441,2.596058350065772,2.596058350065772,0.0,74
78627,442,1.2886005367298674,1.2886005367298674,0.0,25
78714,443,2.462099582685613,2.1020995826856126,12.0,87
78805,444,3.0218966833477148,2.631896683347714,13.0,91
78886,445,2.9977315139881173,2.9977315139881173,0.0,81
78945,446,2.2948143741539537,2.144814374153954,5.0,59
79356,447,1.7299617490918116,-5.650038250908189,246.0,411
79474,448,2.834704482556204,2.774704482556204,2.0,118
79517,449,1.8587387509109585,1.5887387509109585,9.0,43
79643,450,2.986658701185401,2.716658701185401,9.0,126
79727,451,2.8363775931688666,2.8063775931688673,1.0,84
79850,452,2.0012551458154464,1.8212551458154467,6.0,123
79939,453,3.198535161963054,3.1385351619630537,2.0,89
80021,454,1.5234866122406698,1.5234866122406698,0.0,82
80070,455,2.009026390003739,2.009026390003739,0.0,49
80283,456,2.727925330395717,2.607925330395717,4.0,213
80505,457,3.1584237283629246,2.978423728362925,6.0,222
81505,458,-5.956992760278576,-6.046992760278576,3.0,1000
81541,459,1.6227376333307189,1.6227376333307189,0.0,36
81973,460,3.095729359267641,2.4357293592676403,22.0,432
82158,461,2.1848156507592167,2.1848156507592167,0.0,185
82228,462,2.6480681953083374,2.5880681953083373,2.0,70
82319,463,2.2802099682910955,1.890209968291095,13.0,91
82409,464,3.366006268875556,3.2760062688755562,3.0,90
82516,465,3.6164289872633226,3.466428987263323,5.0,107
82805,466,1.823235033857495,-1.326764966142505,105.0,289
83629,467,3.261610761598199,3.021610761598196,8.0,824
83697,468,2.5991342237715225,2.569134223771523,1.0,68
83802,469,3.377119385559624,3.047119385559624,11.0,105
83871,470,2.28383186292183,1.9838318629218297,10.0,69
84036,471,2.3134195686106445,2.2534195686106444,2.0,165
84149,472,1.3650489153179053,0.31504891531790413,35.0,113
84230,473,2.318328228799289,1.8683282287992888,15.0,81
84605,474,2.8912469205938467,2.6512469205938465,8.0,375
84999,475,2.164412670004504,2.164412670004504,0.0,394
85214,476,2.8189771530397776,2.4889771530397766,11.0,215
85310,477,2.8800980468822495,2.8800980468822495,0.0,96
85411,478,1.3295515701200864,1.3295515701200864,0.0,101
85500,479,1.3067993432402027,1.3067993432402027,0.0,89
85617,480,1.6711956511145556,1.6111956511145555,2.0,117
85673,481,2.1273528746139196,2.1273528746139196,0.0,56
85778,482,1.6229158374743553,0.8429158374743551,26.0,105
85897,483,2.0493465463763756,1.7193465463763753,11.0,119
85954,484,2.243557891996666,2.1235578919966662,4.0,57
85991,485,1.6600672745909624,1.6600672745909624,0.0,37
86991,486,-1.0801486642813232,-1.1401486642813232,2.0,1000
87086,487,3.0428563529586254,2.682856352958625,12.0,95
87219,488,2.9762461708214394,2.61624617082144,12.0,133
87281,489,2.3561839195729872,1.8161839195729867,18.0,62
87347,490,2.5922910003833097,1.872291000383309,24.0,66
87389,491,1.4828330242639771,1.4828330242639771,0.0,42
87454,492,1.9929823757094396,1.6629823757094393,11.0,65
87726,493,3.2120822639124933,3.062082263912493,5.0,272
87796,494,2.0579760294394944,2.0579760294394944,0.0,70
87858,495,2.375660912481706,2.315660912481706,2.0,62
87976,496,1.6229029454436683,0.5429029454436676,36.0,118
88100,497,4.162299387406667,3.232299387406668,31.0,124
88139,498,1.7459730336135224,1.7459730336135224,0.0,39
88177,499,1.3951451616426782,1.3951451616426782,0.0,38
88227,500,1.7361223852440708,1.7361223852440708,0.0,50
89227,501,0.8338738868636024,0.08387388686360228,25.0,1000
89449,502,3.2443159049302674,1.3843159049302658,62.0,222
89658,503,2.952126862940238,2.022126862940237,31.0,209
89818,504,2.441674874597898,2.441674874597898,0.0,160
89912,505,2.709419608331447,2.169419608331447,18.0,94
89983,506,2.2648207199536903,2.17482071995369,3.0,71
90017,507,1.5355326741790996,1.5355326741790996,0.0,34
90097,508,2.8494674431555786,2.5794674431555786,9.0,80
90141,509,1.8916195987372784,1.8916195987372784,0.0,44
90240,510,1.2748724483883924,1.2748724483883924,0.0,99
90299,511,1.4960737343798942,1.4960737343798942,0.0,59
90376,512,2.735093571885688,2.1050935718856882,21.0,77
90470,513,2.7221070490689296,2.60210704906893,4.0,94
90533,514,2.462254200131898,2.462254200131898,0.0,63
90682,515,1.3013163238932333,1.3013163238932333,0.0,149
90753,516,2.760423351609824,2.400423351609824,12.0,71
90841,517,3.179306081432671,2.9093060814326703,9.0,88
90885,518,1.6252241940748382,1.6252241940748382,0.0,44
91014,519,1.4793645406983096,1.3893645406983097,3.0,129
91086,520,2.728314121785713,2.728314121785713,0.0,72
91182,521,1.7082716138519949,1.7082716138519949,0.0,96
91262,522,1.3714686632596154,1.3714686632596154,0.0,80
91310,523,1.9893918893573574,1.9893918893573574,0.0,48
91442,524,2.572529576129399,2.572529576129399,0.0,132
91519,525,2.1770150395563266,2.0270150395563267,5.0,77
91576,526,2.0147769476144024,1.8947769476144025,4.0,57
91626,527,2.085212306641094,2.085212306641094,0.0,50
91680,528,2.2659312098338753,2.2659312098338753,0.0,54
91724,529,1.8102715308762274,1.7502715308762273,2.0,44
92724,530,-0.3166498701815921,-9.4366498701816,304.0,1000
92771,531,1.50521411075023,1.50521411075023,0.0,47
92967,532,3.3152644299689302,2.7452644299689286,19.0,196
93032,533,2.418957334440067,2.418957334440067,0.0,65
93178,534,3.908299837722975,3.488299837722975,14.0,146
93978,535,3.3737283020196074,2.983728302019607,13.0,800
94102,536,2.3371945381475774,0.6871945381475772,55.0,124
94185,537,2.9924514663691526,2.9924514663691526,0.0,83
94312,538,2.2732681375051924,1.733268137505192,18.0,127
94421,539,1.6333895534507303,1.6333895534507303,0.0,109
94449,540,1.3671577192671365,1.3671577192671365,0.0,28
94542,541,1.867714610702807,1.7777146107028072,3.0,93
94579,542,1.6090898873377715,1.6090898873377715,0.0,37
95579,543,-0.03771760624862752,-0.03771760624862752,0.0,1000
95700,544,2.3810600907930395,2.2610600907930394,4.0,121
95780,545,2.6299745572959,2.6299745572959,0.0,80
95825,546,1.8368121714109304,1.8368121714109304,0.0,45
95944,547,3.2873976228761554,2.687397622876156,20.0,119
96028,548,3.0154924800884997,3.0154924800884997,0.0,84
96121,549,3.3094717352862055,2.9794717352862046,11.0,93
96198,550,2.5833627265293604,2.5833627265293604,0.0,77
96285,551,3.0244982763414052,2.8444982763414055,6.0,87
96407,552,2.079209607724237,1.2392096077242363,28.0,122
96863,553,3.52974834680209,-0.8502516531979012,146.0,456
96988,554,2.29651880502296,1.8165188050229593,16.0,125
97047,555,2.3090088008340066,2.249008800834007,2.0,59
97157,556,1.3701348845998282,1.3701348845998282,0.0,110
97202,557,1.73588122216481,1.52588122216481,7.0,45
97371,558,2.74993400570449,2.7199340057044896,1.0,169
97656,559,2.3765638734003582,-0.17343612659964136,85.0,285
97801,560,3.241142641705715,2.911142641705716,11.0,145
97923,561,2.6300364767308193,2.2700364767308185,12.0,122
98045,562,1.5760128642575815,1.5760128642575815,0.0,122
98081,563,1.6297425722940067,1.6297425722940067,0.0,36
98456,564,3.1355495332185384,2.2355495332185367,30.0,375
98620,565,2.161447531024692,2.0714475310246923,3.0,164
98736,566,1.5786186617637838,1.5786186617637838,0.0,116
98788,567,1.8652296437696343,1.8652296437696343,0.0,52
98925,568,2.076473435686991,1.6864734356869908,13.0,137
99085,569,1.3619186780935344,1.2419186780935343,4.0,160
99138,570,2.11329733333101,1.9032973333310097,7.0,53
99205,571,2.522944207734498,2.522944207734498,0.0,67
99329,572,1.8418337900883002,1.8418337900883002,0.0,124
99431,573,2.14818539818745,1.7581853981874502,13.0,102
99527,574,3.364022714485937,2.884022714485936,16.0,96
99664,575,2.7228649641703826,1.6128649641703823,37.0,137
99803,576,2.13524862130326,1.7752486213032599,12.0,139
100803,577,-25.91602271127138,-25.91602271127138,0.0,1000
101071,578,2.200744026288324,2.080744026288324,4.0,268
101107,579,1.658875907337423,1.658875907337423,0.0,36
101240,580,3.703742883053778,3.3137428830537785,13.0,133
102079,581,2.394370664391769,2.1543706643917693,8.0,839
103079,582,-0.21396665376377433,-0.21396665376377433,0.0,1000
104079,583,-1.1766521923681146,-1.1766521923681146,0.0,1000
104125,584,1.7104464453062107,1.5604464453062108,5.0,46
104320,585,2.368781476797828,2.218781476797828,5.0,195
105320,586,-0.4315097389159446,-0.4315097389159446,0.0,1000
105442,587,1.728527598929891,1.728527598929891,0.0,122
105532,588,2.081573836892626,1.931573836892626,5.0,90
105585,589,2.1194785604093846,1.939478560409385,6.0,53
105843,590,3.5844750118209463,3.4044750118209466,6.0,258
105898,591,2.1507439237570223,2.1507439237570223,0.0,55
105946,592,1.954939766067036,1.894939766067036,2.0,48
106063,593,2.482127111573444,1.9121271115734435,19.0,117
106130,594,1.9844300999845486,1.9844300999845486,0.0,67
106185,595,2.107454596058058,2.107454596058058,0.0,55
106752,596,2.7020429650590927,2.312042965059093,13.0,567
106948,597,2.8610077405289074,2.831007740528907,1.0,196
107066,598,1.9518296664724066,1.2618296664724065,23.0,118
107197,599,2.210920737169168,2.180920737169168,1.0,131
108197,600,-0.02200122528424575,-20.24200122528424,674.0,1000
108226,601,1.4003539695254417,1.4003539695254417,0.0,29
108409,602,2.8560260490706755,2.7660260490706756,3.0,183
109174,603,3.417007016445282,-3.5729929835547143,233.0,765
109204,604,1.3838344740249475,1.3838344740249475,0.0,30
109260,605,1.9797126463148582,1.9497126463148582,1.0,56
109320,606,2.341278715887203,2.341278715887203,0.0,60
109405,607,2.3806951325370465,2.320695132537046,2.0,85
109462,608,1.9446239182417329,1.9446239182417329,0.0,57
109519,609,1.476848904972961,1.476848904972961,0.0,57
109584,610,1.9354898437215897,1.9354898437215897,0.0,65
109702,611,2.3452852742960038,0.8752852742960029,49.0,118
109777,612,2.6906159602782647,2.5406159602782648,5.0,75
109868,613,3.1594676208995436,2.3194676208995433,28.0,91
109954,614,2.1710325981076783,2.1710325981076783,0.0,86
110030,615,2.416746460860013,2.416746460860013,0.0,76
110092,616,2.404817189394583,2.404817189394583,0.0,62
110177,617,3.166545027319218,2.956545027319218,7.0,85
110229,618,1.8692230130103415,1.5692230130103415,10.0,52
110503,619,3.7630092365797427,3.7630092365797427,0.0,274
111377,620,2.9293478174202745,-7.21065218257972,338.0,874
111523,621,2.0023370356535213,2.0023370356535213,0.0,146
111604,622,1.3036554233433901,1.3036554233433901,0.0,81
112604,623,0.819298835480682,-14.660701164519281,516.0,1000
112666,624,1.8094429950174868,1.8094429950174868,0.0,62
113666,625,-0.8551937663730271,-0.8551937663730271,0.0,1000
113965,626,3.2176752526921186,2.0776752526921176,38.0,299
114055,627,1.8548212910074144,1.8548212910074144,0.0,90
114149,628,2.586941856615271,2.1969418566152705,13.0,94
115149,629,-0.29622880501113125,-3.476228805011123,106.0,1000
116149,630,-0.7754486009003898,-10.10544860090038,311.0,1000
116283,631,2.14360834011336,1.2736083401133602,29.0,134
116432,632,1.974599971924389,1.944599971924389,1.0,149
116495,633,2.4639005880382556,2.4639005880382556,0.0,63
116556,634,2.1652583822884313,1.8352583822884307,11.0,61
116644,635,3.2367597550855596,2.7867597550855585,15.0,88
116867,636,2.877146939297821,1.7071469392978216,39.0,223
116916,637,1.7868141454052717,1.4268141454052718,12.0,49
116996,638,2.106386516947944,2.106386516947944,0.0,80
117094,639,1.5050252544696945,0.6050252544696944,30.0,98
117631,640,3.7845797723843058,2.944579772384306,28.0,537
117657,641,1.3114835014126847,1.3114835014126847,0.0,26
117705,642,2.033291953539222,2.033291953539222,0.0,48
117869,643,2.5253900807420258,2.375390080742026,5.0,164
118869,644,1.2718345231323949,-15.318165476867593,553.0,1000
118911,645,1.6613257954382477,1.5113257954382475,5.0,42
119001,646,1.5100827031526403,1.5100827031526403,0.0,90
119071,647,1.4894206148751754,1.4894206148751754,0.0,70
119209,648,2.1655408062613724,2.015540806261373,5.0,138
119310,649,1.6563965064320136,1.6563965064320136,0.0,101
119352,650,1.8263227021513555,1.8263227021513555,0.0,42
119392,651,1.71640284254261,1.71640284254261,0.0,40
119490,652,3.3591012495357804,3.3591012495357804,0.0,98
119565,653,2.796284443134982,2.706284443134982,3.0,75
119703,654,1.8131247579305172,0.9131247579305166,30.0,138
120004,655,2.3444595607990824,-2.7555404392009155,170.0,301
120033,656,1.409114848746524,1.409114848746524,0.0,29
121033,657,0.5604916410856952,-14.019508358914287,486.0,1000
121184,658,2.4305973854480083,1.4405973854480072,33.0,151
121251,659,2.5657325476900485,2.385732547690049,6.0,67
121337,660,2.851753772223855,2.851753772223855,0.0,86
121433,661,1.5810328920574168,0.7710328920574165,27.0,96
121919,662,2.2884391669441237,2.2884391669441237,0.0,486
122258,663,1.9566345622439216,1.7466345622439214,7.0,339
122330,664,2.723442442041158,2.723442442041158,0.0,72
122499,665,2.678325202111874,1.688325202111873,33.0,169
122558,666,1.7754293417219031,1.7754293417219031,0.0,59
122644,667,3.0856878998256265,2.785687899825626,10.0,86
122731,668,3.1998631736970333,2.8998631736970335,10.0,87
122792,669,2.4130334849697164,2.383033484969717,1.0,61
122921,670,2.303573914331974,1.9735739143319733,11.0,129
123257,671,2.7364869362950954,-3.143513063704904,196.0,336
123343,672,2.2963933217560943,2.1463933217560944,5.0,86
123604,673,2.111567476512156,-0.8584325234878427,99.0,261
123662,674,2.3076496671358093,2.277649667135809,1.0,58
123781,675,3.1474010365033607,2.997401036503361,5.0,119
123867,676,2.9331809640270174,2.573180964027018,12.0,86
124867,677,0.17581659063860133,-0.454183409361399,21.0,1000
124916,678,2.001984366481947,2.001984366481947,0.0,49
125024,679,2.734990397120522,2.5549903971205223,6.0,108
125145,680,2.7158814378651353,2.205881437865135,17.0,121
125289,681,2.8277024174997787,2.8277024174997787,0.0,144
125376,682,1.5730733511555222,1.3630733511555222,7.0,87
125494,683,3.5780340545110003,3.1880340545109997,13.0,118
125547,684,2.159511829079652,2.159511829079652,0.0,53
125627,685,1.9066032268286839,1.9066032268286839,0.0,80
125678,686,2.051808023853415,2.051808023853415,0.0,51
125780,687,1.5350445138695683,1.5350445138695683,0.0,102
125911,688,2.0637351225085974,1.703735122508597,12.0,131
125979,689,1.283872119923376,1.283872119923376,0.0,68
126979,690,-0.2285805260791185,-14.958580526079114,491.0,1000
127081,691,3.367971267310577,3.1879712673105773,6.0,102
127139,692,2.3078462723269864,2.3078462723269864,0.0,58
127215,693,1.4490616506699041,1.4490616506699041,0.0,76
127421,694,1.8803670019152723,1.430367001915272,15.0,206
127486,695,2.4629596107707346,1.7129596107707346,25.0,65
127611,696,2.0731816827584693,1.893181682758469,6.0,125
127757,697,2.8300209216654397,2.8300209216654397,0.0,146
127827,698,1.7609821001547106,1.7309821001547105,1.0,70
127894,699,1.963978610092544,1.963978610092544,0.0,67
128091,700,2.016420570027854,1.4464205700278536,19.0,197
128175,701,1.5412719900545087,1.5412719900545087,0.0,84
128200,702,1.313386713796638,1.313386713796638,0.0,25
128238,703,1.692072884106769,1.692072884106769,0.0,38
128272,704,1.550725837310392,1.550725837310392,0.0,34
128524,705,2.1661008788106964,2.0461008788106962,4.0,252
128612,706,1.30510419447416,0.49510419447415976,27.0,88
129131,707,2.8550313266661176,2.465031326666118,13.0,519
129288,708,2.8003374361950213,2.8003374361950213,0.0,157
129347,709,2.1076079198258517,2.017607919825851,3.0,59
129393,710,1.87242062921238,1.6324206292123797,8.0,46
129514,711,1.9904524344726178,1.0604524344726172,31.0,121
129586,712,2.7114753218552194,2.411475321855219,10.0,72
129779,713,1.9122443119571761,1.672244311957176,8.0,193
129831,714,1.9529017836138653,1.9529017836138653,0.0,52
129858,715,1.3359548314698648,1.3359548314698648,0.0,27
129973,716,1.7206083193930348,1.7206083193930348,0.0,115
130116,717,2.4131412184705026,1.6931412184705015,24.0,143
130231,718,2.039439726784412,1.6194397267844114,14.0,115
130308,719,2.832963039602599,2.4429630396026,13.0,77
130426,720,1.6058178765994564,1.6058178765994564,0.0,118
130479,721,2.1370201364593564,2.077020136459357,2.0,53
130533,722,2.1699768893707407,2.019976889370741,5.0,54
131533,723,1.6462799776670125,1.6462799776670125,0.0,1000
131603,724,1.8481336157086923,1.8181336157086923,1.0,70
131706,725,1.5021935471087056,0.8421935471087053,22.0,103
131911,726,2.929116509035569,2.839116509035569,3.0,205
132027,727,2.9366464462256703,1.73664644622567,40.0,116
132177,728,2.293158640667835,1.7831586406678344,17.0,150
132236,729,2.2452313906065307,2.2452313906065307,0.0,59
132350,730,1.425244297775053,1.425244297775053,0.0,114
132388,731,1.6960949054571828,1.6960949054571828,0.0,38
132513,732,3.51140298114659,3.1214029811465895,13.0,125
132539,733,1.3431318351128296,1.3431318351128296,0.0,26
132628,734,3.112165818679607,2.7521658186796065,12.0,89
133628,735,0.40420618246367,-15.945793817536277,545.0,1000
133678,736,1.89045746714159,1.89045746714159,0.0,50
133716,737,1.3621730575385553,1.3621730575385553,0.0,38
133756,738,1.4293606029958734,1.4293606029958734,0.0,40
134756,739,0.09685524251752975,0.09685524251752975,0.0,1000
134824,740,2.4515380425908897,2.15153804259089,10.0,68
134908,741,2.592706724265885,2.562706724265885,1.0,84
134960,742,2.1701002784015087,2.110100278401508,2.0,52
135472,743,2.7905638308911844,2.7305638308911844,2.0,512
135534,744,2.3267729958806327,2.3267729958806327,0.0,62
135645,745,2.619345828924992,1.989345828924991,21.0,111
135759,746,3.340499739365737,3.1004997393657376,8.0,114
135927,747,2.337562368288236,1.3475623682882356,33.0,168
136011,748,2.7952280160433833,2.615228016043383,6.0,84
136046,749,1.6146542583644903,1.6146542583644903,0.0,35
136119,750,2.091972967357929,2.001972967357929,3.0,73
136604,751,3.1386684400725184,2.8686684400725184,9.0,485
136748,752,2.1421743904731003,1.3321743904730998,27.0,144
136870,753,1.7852060583806604,1.63520605838066,5.0,122
137021,754,2.5393933344898425,2.359393334489843,6.0,151
137058,755,1.6549855049836952,1.6549855049836952,0.0,37
137084,756,1.3164789559214523,1.3164789559214523,0.0,26
137127,757,1.874533508922827,1.874533508922827,0.0,43
137246,758,3.9265997679176508,3.74659976791765,6.0,119
137270,759,1.2738882991773843,1.2738882991773843,0.0,24
137368,760,1.7998525702750974,1.7998525702750974,0.0,98
137416,761,1.9274979761371809,1.6574979761371806,9.0,48
137512,762,1.666752664415242,1.666752664415242,0.0,96
137591,763,2.536114999677955,2.1161149996779547,14.0,79
137685,764,1.9688779272699966,1.9688779272699966,0.0,94
137746,765,2.3757383249200346,2.0157383249200342,12.0,61
137820,766,1.4875816955940957,1.4575816955940955,1.0,74
137886,767,2.473453289381202,2.473453289381202,0.0,66
138886,768,0.21353825987437913,-16.526461740125587,558.0,1000
138950,769,2.4996065569502246,2.4096065569502243,3.0,64
138979,770,1.3548935692095838,1.3548935692095838,0.0,29
139216,771,2.066748406579161,1.166748406579161,30.0,237
139250,772,1.3968562407414022,1.3668562407414022,1.0,34
139437,773,3.1384087240862426,2.8684087240862426,9.0,187
139504,774,2.523746495125612,2.1037464951256117,14.0,67
140504,775,0.07117109586093395,0.07117109586093395,0.0,1000
140574,776,2.5923104586605916,2.412310458660592,6.0,70
140671,777,2.925492813342025,2.925492813342025,0.0,97
140751,778,2.6188008466579245,2.1988008466579245,14.0,80
140840,779,3.1737651438343963,3.0537651438343962,4.0,89
140887,780,1.9202131400129627,1.5302131400129624,13.0,47
141887,781,0.3938356365397637,-25.46616436346025,862.0,1000
141991,782,1.6578793735273234,1.6578793735273234,0.0,104
142057,783,2.425001190665866,2.425001190665866,0.0,66
142185,784,2.1558590033143945,2.1258590033143943,1.0,128
142283,785,3.490697132947193,3.2506971329471943,8.0,98
142387,786,3.380772082102548,3.380772082102548,0.0,104
142473,787,3.155083629254632,2.645083629254632,17.0,86
142504,788,1.31870682705129,1.31870682705129,0.0,31
142589,789,1.9324967638026247,1.6324967638026249,10.0,85
142753,790,1.9756782717204007,1.8856782717204008,3.0,164
142799,791,1.674523232163593,1.404523232163593,9.0,46
142855,792,2.2792360398234943,2.0092360398234943,9.0,56
142963,793,2.7885453299255127,2.368545329925513,14.0,108
143035,794,2.052718711251495,2.052718711251495,0.0,72
143086,795,2.068624117045963,2.068624117045963,0.0,51
143286,796,2.537582001753255,2.4175820017532548,4.0,200
143359,797,2.640501522698097,2.2505015226980967,13.0,73
144114,798,2.801019325091749,2.801019325091749,0.0,755
144211,799,2.8278999271593683,2.8278999271593683,0.0,97
144521,800,2.610431484579404,1.380431484579403,41.0,310
144722,801,2.232445941452964,2.232445941452964,0.0,201
144793,802,1.668841142909386,1.668841142909386,0.0,71
144970,803,2.1647676872583084,0.3947676872583067,59.0,177
145042,804,2.703989660752959,2.373989660752959,11.0,72
145212,805,2.28079392065401,2.2507939206540097,1.0,170
145826,806,2.6460832349168824,0.5760832349168804,69.0,614
145932,807,3.1488506489347037,3.058850648934704,3.0,106
145988,808,2.2320743385029047,2.1120743385029046,4.0,56
146023,809,1.5284510043288915,1.5284510043288915,0.0,35
146240,810,2.8923824780886505,1.5723824780886495,44.0,217
146607,811,3.176577185619397,1.856577185619396,44.0,367
146683,812,2.847858708062863,2.517858708062862,11.0,76
146841,813,1.9196524551431113,-0.03034754485688862,65.0,158
147028,814,3.231409706505191,2.8414097065051926,13.0,187
147185,815,2.1981139806428986,2.1981139806428986,0.0,157
147326,816,4.192887834133452,4.102887834133453,3.0,141
148070,817,3.0838372363875357,-5.49616276361245,286.0,744
149070,818,-0.7642288427324262,-10.994228842732426,341.0,1000
149185,819,3.1370910367992195,3.0170910367992203,4.0,115
149330,820,2.0750431227560844,2.0750431227560844,0.0,145
149426,821,3.2424688988051336,2.912468898805134,11.0,96
149500,822,2.1061031982200475,2.016103198220047,3.0,74
149569,823,2.2095800580365377,2.2095800580365377,0.0,69
149614,824,1.4782139884082799,1.4782139884082799,0.0,45
149740,825,4.140953735484431,3.8709537354844317,9.0,126
149815,826,2.8331479633131114,2.383147963313111,15.0,75
149877,827,2.3217962540595662,2.291796254059566,1.0,62
150061,828,2.6534343138751613,2.1134343138751603,18.0,184
150235,829,3.1455099917614664,3.1455099917614664,0.0,174
150386,830,2.5752125213937243,2.3052125213937242,9.0,151
150447,831,2.393524322584049,2.0935243225840487,10.0,61
150483,832,1.6385809456604719,1.6385809456604719,0.0,36
150552,833,1.9943423263469686,1.9943423263469686,0.0,69
150635,834,2.8996145784962737,2.869614578496274,1.0,83
151035,835,2.5719889679028776,2.5119889679028775,2.0,400
151129,836,2.4188923728579304,1.8488923728579305,19.0,94
151215,837,2.8499428860006017,2.3699428860006013,16.0,86
151241,838,1.310677318532718,1.310677318532718,0.0,26
151338,839,2.8972196566782347,2.6272196566782346,9.0,97
151609,840,2.1661229928954215,2.046122992895422,4.0,271
151700,841,3.1521595355199303,2.6721595355199312,16.0,91
151824,842,4.031564454279525,3.971564454279524,2.0,124
151911,843,1.3402305717500815,1.3402305717500815,0.0,87
152023,844,1.8632709142469288,1.8632709142469288,0.0,112
152116,845,3.1886474916771963,2.8586474916771953,11.0,93
152162,846,2.0006684948219307,2.0006684948219307,0.0,46
152287,847,1.3971867496085548,1.3971867496085548,0.0,125
152385,848,1.6317459647493706,1.6317459647493706,0.0,98
152452,849,2.1510569011301444,1.4610569011301442,23.0,67
152548,850,3.4207711464147783,3.4207711464147783,0.0,96
152655,851,3.4087200532478263,3.1987200532478264,7.0,107
152789,852,2.3706466813725626,2.2506466813725625,4.0,134
152938,853,2.497121030538043,2.2271210305380436,9.0,149
152993,854,2.199162579051875,2.1091625790518753,3.0,55
153190,855,1.5226115032987195,-0.8473884967012795,79.0,197
153615,856,3.0841796361548663,0.5341796361548644,85.0,425
153737,857,1.9872824511730087,1.7772824511730085,7.0,122
153776,858,1.7279210540499108,1.7279210540499108,0.0,39
154776,859,1.1544808713493717,-13.635519128650607,493.0,1000
154844,860,2.5056474912081868,2.5056474912081868,0.0,68
154933,861,1.6469006490037386,1.6469006490037386,0.0,89
155002,862,2.1941319072941345,2.1941319072941345,0.0,69
155167,863,2.1416103695591975,1.9616103695591973,6.0,165
155253,864,2.10466174188082,1.7746617418808204,11.0,86
155452,865,3.9013287667189607,2.9413287667189594,32.0,199
155513,866,2.2401431205704556,2.2401431205704556,0.0,61
155902,867,3.3501643029057364,0.8301643029057342,84.0,389
155945,868,1.4874757781757864,1.4874757781757864,0.0,43
155993,869,1.5772749105721295,1.5772749105721295,0.0,48
156047,870,1.598947453237082,1.598947453237082,0.0,54
157047,871,-0.44142109657938466,-14.541421096579342,470.0,1000
157125,872,1.325366627045749,1.325366627045749,0.0,78
157161,873,1.5348844312825398,1.5348844312825398,0.0,36
157217,874,2.2833571394175975,2.2833571394175975,0.0,56
157252,875,1.435854693325531,1.435854693325531,0.0,35
157363,876,3.6222984867163253,2.812298486716325,27.0,111
157417,877,2.105225179247824,2.105225179247824,0.0,54
157470,878,2.195308684172553,2.195308684172553,0.0,53
157517,879,1.9600441909031465,1.9600441909031465,0.0,47
157644,880,2.1441468331204376,2.1441468331204376,0.0,127
157774,881,1.9477494954376988,1.9477494954376988,0.0,130
157974,882,3.512863884541643,3.002863884541644,17.0,200
158058,883,3.0259033202857646,2.9359033202857647,3.0,84
158160,884,3.3195223099143947,3.3195223099143947,0.0,102
158221,885,2.385154705953196,2.385154705953196,0.0,61
158320,886,3.0620446404892556,2.6720446404892546,13.0,99
158392,887,2.4988752162915766,2.3788752162915765,4.0,72
158655,888,2.821921699990219,2.461921699990219,12.0,263
158865,889,2.745506956057378,2.655506956057377,3.0,210
159036,890,2.9332335497411637,2.8132335497411636,4.0,171
159186,891,3.003356368425048,2.9733563684250477,1.0,150
159254,892,2.5276391904520272,2.1376391904520275,13.0,68
160254,893,-1.3975402483722825,-2.147540248372283,25.0,1000
160301,894,1.8128962973758422,1.8128962973758422,0.0,47
160355,895,2.1898852336715326,2.1898852336715326,0.0,54
160506,896,2.522662238634477,2.3726622386344767,5.0,151
160613,897,1.6463436198196664,1.3463436198196663,10.0,107
160657,898,1.8486207995756723,1.548620799575672,10.0,44
160769,899,1.3299509579342785,1.1199509579342786,7.0,112
160858,900,2.0704378033613673,1.3204378033613673,25.0,89
161090,901,2.752577653287329,-0.007422346712672834,92.0,232
161208,902,1.615078897737709,1.585078897737709,1.0,118
161241,903,1.5228600291562766,1.5228600291562766,0.0,33
161308,904,2.5497155502268605,2.5497155502268605,0.0,67
161388,905,1.7859769913690942,1.7859769913690942,0.0,80
161483,906,3.395169178790918,2.9751691787909182,14.0,95
161543,907,2.4114780959955566,2.4114780959955566,0.0,60
161577,908,1.5106980459497108,1.5106980459497108,0.0,34
162577,909,0.6526868588193422,-21.877313141180625,751.0,1000
162709,910,2.076384162712473,1.5063841627124723,19.0,132
163709,911,-1.1518160329107845,-1.2118160329107845,2.0,1000
163832,912,2.241712753458916,2.241712753458916,0.0,123
163893,913,2.213676055048581,2.213676055048581,0.0,61
164893,914,0.5781364995780802,-16.0118635004219,553.0,1000
165002,915,3.2750552381050966,2.8850552381050956,13.0,109
165132,916,1.694600952610795,1.154600952610795,18.0,130
165534,917,2.6176530968676333,2.5276530968676334,3.0,402
165645,918,2.0598926976495875,1.9398926976495874,4.0,111
165765,919,2.0223189938191055,2.0223189938191055,0.0,120
165901,920,1.614876511058518,1.344876511058518,9.0,136
165986,921,1.651169419359504,1.651169419359504,0.0,85
166060,922,2.5427684239964967,2.182768423996496,12.0,74
166162,923,2.1201855180929217,2.1201855180929217,0.0,102
167162,924,-0.8065336032200863,-0.8065336032200863,0.0,1000
168162,925,-0.05023359400042615,-3.710233594000417,122.0,1000
168341,926,1.6848120306289325,0.9948120306289321,23.0,179
168493,927,2.717233835143178,2.627233835143178,3.0,152
168794,928,1.7853816199583539,1.3053816199583541,16.0,301
168918,929,2.190601766310319,2.190601766310319,0.0,124
168988,930,1.461874575684765,1.461874575684765,0.0,70
169019,931,1.4753970484483319,1.4753970484483319,0.0,31
169193,932,3.187095071962557,2.317095071962557,29.0,174
169221,933,1.3970422415025348,1.3970422415025348,0.0,28
169433,934,3.055656364880371,0.6556563648803713,80.0,212
169501,935,1.755924381068333,1.7259243810683331,1.0,68
169603,936,1.2609010568229457,1.2609010568229457,0.0,102
169718,937,3.2805498605729024,2.7405498605729024,18.0,115
169785,938,2.484956958901896,2.1249569589018957,12.0,67
170785,939,0.28515877011124435,-18.314841229888724,620.0,1000
171785,940,0.5543034451140255,-1.7556965548859726,77.0,1000
171896,941,1.4989100172890548,1.4989100172890548,0.0,111
172020,942,1.9779710969631552,1.7079710969631552,9.0,124
172088,943,2.237117377489926,2.237117377489926,0.0,68
172128,944,1.6959727169363523,1.6959727169363523,0.0,40
172181,945,2.1610124088425726,2.1610124088425726,0.0,53
172227,946,1.8501820722358613,1.8501820722358613,0.0,46
172300,947,2.1503711589425647,2.0303711589425646,4.0,73
172338,948,1.3692811180379156,1.3692811180379156,0.0,38
172368,949,1.4001882583962897,1.4001882583962897,0.0,30
172450,950,3.0833862910832153,3.053386291083216,1.0,82
173450,951,1.0126584595120613,-14.527341540487894,518.0,1000
173846,952,3.373185761812829,2.2331857618128277,38.0,396
173913,953,1.7716766172711118,1.7116766172711118,2.0,67
174913,954,-0.36502000006938573,-0.36502000006938573,0.0,1000
174982,955,2.5392753074067604,2.14927530740676,13.0,69
175023,956,1.74681613806797,1.74681613806797,0.0,41
175183,957,2.935324681930221,2.695324681930221,8.0,160
176183,958,0.40579304075721545,-0.04420695924278473,15.0,1000
176252,959,2.5099500035769653,2.5099500035769653,0.0,69
176393,960,2.4435780153765,2.4435780153765,0.0,141
176486,961,2.5849767930989866,2.5849767930989866,0.0,93
176528,962,1.8222767381887446,1.8222767381887446,0.0,42
176817,963,2.3503104269985697,-2.389689573001431,158.0,289
176926,964,1.657102702531571,1.657102702531571,0.0,109
177926,965,0.44994815133043153,-0.9600518486695693,47.0,1000
178005,966,2.1465307490070966,2.1465307490070966,0.0,79
178034,967,1.373939741321688,1.373939741321688,0.0,29
178073,968,1.7508253222866483,1.390825322286648,12.0,39
178184,969,1.7883042395857762,1.7883042395857762,0.0,111
178268,970,3.0494355967107847,3.0494355967107847,0.0,84
178409,971,1.6518505556128702,0.6918505556128693,32.0,141
178498,972,2.2322423487485796,1.9922423487485794,8.0,89
178716,973,2.1677942629322975,-2.0622057370677,141.0,218
178811,974,3.242426668181815,3.242426668181815,0.0,95
178869,975,2.263638378004832,2.263638378004832,0.0,58
178933,976,2.181243450904784,1.8812434509047837,10.0,64
179049,977,1.401863263402548,1.401863263402548,0.0,116
180049,978,0.4209380665892066,0.4209380665892066,0.0,1000
180289,979,3.2495357498842816,2.769535749884282,16.0,240
180428,980,2.245124708689273,2.0651247086892734,6.0,139
180469,981,1.306461306360281,1.306461306360281,0.0,41
180502,982,1.486019939282371,1.486019939282371,0.0,33
180571,983,2.282695898961216,2.282695898961216,0.0,69
180647,984,1.5801604502785211,1.5801604502785211,0.0,76
180813,985,3.357200852325369,2.6672008523253674,23.0,166
181038,986,2.865366300904768,1.725366300904767,38.0,225
181220,987,3.2820638702786966,2.202063870278695,36.0,182
182220,988,1.9904326208838148,-21.799567379116176,793.0,1000
182305,989,1.958319230172826,1.7183192301728258,8.0,85
182438,990,2.622200285491826,1.3622002854918258,42.0,133
182465,991,1.3360505016449071,1.3360505016449071,0.0,27
182601,992,2.22407996632598,1.9840799663259798,8.0,136
182756,993,2.5637667104457504,2.353766710445751,7.0,155
182818,994,2.377494338716418,2.1074943387164184,9.0,62
182877,995,2.1525660984636543,2.1525660984636543,0.0,59
183877,996,-0.14549571131906136,-0.14549571131906136,0.0,1000
183927,997,1.8671648827381016,1.7171648827381014,5.0,50
184042,998,1.6930246593354275,1.6930246593354275,0.0,115
184450,999,3.1428718524607073,3.112871852460707,1.0,408
184570,1000,2.8126409659751355,1.912640965975135,30.0,120
184639,1001,2.3915951763203305,2.03159517632033,12.0,69
184703,1002,2.3280870370599334,1.9380870370599332,13.0,64
184741,1003,1.6733212750812245,1.6733212750812245,0.0,38
184853,1004,3.6543131958186583,3.0243131958186575,21.0,112
184930,1005,2.7846318110196853,2.454631811019685,11.0,77
185099,1006,2.7417572594251793,1.0617572594251785,56.0,169
185151,1007,1.3072389892196299,1.3072389892196299,0.0,52
185245,1008,2.610102207919073,2.610102207919073,0.0,94
185301,1009,1.8186503309007895,1.8186503309007895,0.0,56
185371,1010,2.50420928440099,2.50420928440099,0.0,70
185499,1011,1.8185164255928932,1.8185164255928932,0.0,128
185629,1012,3.5962980996148044,3.2962980996148055,10.0,130
185797,1013,3.1150706560400137,3.0850706560400143,1.0,168
185838,1014,1.5449837772076096,1.5449837772076096,0.0,41
185947,1015,3.161107860982998,2.9811078609829975,6.0,109
186046,1016,2.924866953814706,2.5648669538147058,12.0,99
186119,1017,2.747421561915256,2.747421561915256,0.0,73
186165,1018,1.6239237618074946,1.5639237618074946,2.0,46
186276,1019,1.2940820870260328,1.2940820870260328,0.0,111
186334,1020,1.6787864937367154,1.6187864937367153,2.0,58
186429,1021,3.460597401177057,3.460597401177057,0.0,95
187429,1022,1.7455311751558107,0.4255311751558102,44.0,1000
187523,1023,2.4463132875505513,2.416313287550551,1.0,94
187665,1024,2.1590068765813477,2.1590068765813477,0.0,142
187787,1025,1.794960442335133,1.524960442335133,9.0,122
187824,1026,1.3121882013353745,1.3121882013353745,0.0,37
187861,1027,1.648289643242674,1.648289643242674,0.0,37
187940,1028,1.3069754710952945,1.3069754710952945,0.0,79
188252,1029,2.707712087113101,2.707712087113101,0.0,312
188343,1030,3.0284360724626502,2.9084360724626497,4.0,91
188498,1031,2.4487912675059373,2.3587912675059375,3.0,155
188542,1032,1.8963984933776614,1.7763984933776613,4.0,44
188619,1033,1.3374479812569067,1.3374479812569067,0.0,77
188678,1034,2.250014483727944,2.220014483727944,1.0,59
188732,1035,1.9031839733400508,1.7831839733400507,4.0,54
188879,1036,2.4472345360258148,1.6372345360258147,27.0,147
188987,1037,2.2284351401452653,2.2284351401452653,0.0,108
189087,1038,1.7450565859828298,1.6850565859828297,2.0,100
189175,1039,1.9981823347358274,1.9681823347358274,1.0,88
189253,1040,2.9375796556297047,2.9375796556297047,0.0,78
190101,1041,2.641867408114917,2.131867408114916,17.0,848
190222,1042,2.2467350721025783,1.3467350721025788,30.0,121
190313,1043,2.8878755049969893,2.5278755049969894,12.0,91
190504,1044,3.449456309298691,2.939456309298691,17.0,191
190541,1045,1.5535303568717043,1.5535303568717043,0.0,37
190649,1046,1.98234514497254,1.98234514497254,0.0,108
190691,1047,1.797231335851426,1.4972313358514258,10.0,42
190769,1048,2.595188019707365,2.595188019707365,0.0,78
190870,1049,3.1250950323953397,2.8850950323953395,8.0,101
191273,1050,2.028535611024566,1.1285356110245652,30.0,403
191393,1051,3.1380794879515204,3.0780794879515208,2.0,120
191633,1052,2.8415711708608686,2.361571170860868,16.0,240
191950,1053,3.7274388363253412,3.6674388363253416,2.0,317
192950,1054,0.2343415465988774,0.2343415465988774,0.0,1000
193035,1055,3.0028621961291755,2.2528621961291746,25.0,85
193141,1056,2.0279624639735205,2.0279624639735205,0.0,106
193276,1057,2.7039365724745945,2.7039365724745945,0.0,135
193440,1058,3.111556693525603,1.4315566935256026,56.0,164
193615,1059,3.194307392977763,2.654307392977763,18.0,175
193823,1060,3.4567376800596725,2.376737680059673,36.0,208
194823,1061,0.4645879419531557,-18.31541205804688,626.0,1000
194912,1062,1.4049191231473241,1.4049191231473241,0.0,89
195057,1063,1.7980642061529113,1.5280642061529113,9.0,145
195086,1064,1.4097389935028337,1.4097389935028337,0.0,29
195122,1065,1.3396347590899658,1.3396347590899658,0.0,36
195226,1066,3.0939297701264383,2.6739297701264384,14.0,104
195377,1067,2.1120688135390715,2.052068813539071,2.0,151
195473,1068,2.120479182556469,1.7004791825564691,14.0,96
195534,1069,2.395683790718191,2.395683790718191,0.0,61
195617,1070,1.8400380942592631,1.8400380942592631,0.0,83
196617,1071,1.3427221791083181,-25.687277820891627,901.0,1000
196802,1072,1.5341374541484163,1.3241374541484163,7.0,185
197802,1073,1.3450741358187386,-16.744925864181212,603.0,1000
197855,1074,1.2883462896436393,1.2883462896436393,0.0,53
197959,1075,2.0236704309534206,1.9936704309534203,1.0,104
197988,1076,1.3078450296939854,1.3078450296939854,0.0,29
198053,1077,2.327984200951276,2.0579842009512754,9.0,65
198314,1078,3.1823250273679604,2.0723250273679605,37.0,261
198367,1079,2.086604229260436,1.6666042292604355,14.0,53
198450,1080,2.3496590363802463,2.199659036380246,5.0,83
198566,1081,1.9163757244954192,1.9163757244954192,0.0,116
198601,1082,1.5678306816353027,1.5678306816353027,0.0,35
198684,1083,2.673865153242801,2.0738651532428003,20.0,83
198817,1084,2.696848798234235,2.696848798234235,0.0,133
198926,1085,1.3786656332969203,1.3786656332969203,0.0,109
198981,1086,1.9639071170229614,1.8139071170229613,5.0,55
199050,1087,2.5189858167382155,2.158985816738215,12.0,69
199178,1088,2.282576275522505,2.282576275522505,0.0,128
199487,1089,3.592175463243423,3.1421754632434222,15.0,309
199520,1090,1.5438059362013004,1.5438059362013004,0.0,33
200456,1091,2.4884662620953,-1.1115337379047041,120.0,936
201039,1092,3.302954745936016,-7.9770452540639685,376.0,583
201097,1093,2.141561495371735,1.9615614953717349,6.0,58
201219,1094,1.5113807798817616,1.4813807798817615,1.0,122
201347,1095,2.2806180957439595,2.0706180957439595,7.0,128
201422,1096,2.752198333582712,2.542198333582712,7.0,75
201494,1097,2.6645070001430415,2.634507000143042,1.0,72
202494,1098,-0.7011870418276749,-4.27118704182767,119.0,1000
202796,1099,1.8998424719540872,1.5098424719540868,13.0,302
202899,1100,1.713845576021634,1.713845576021634,0.0,103
202944,1101,1.6308499379098935,1.6308499379098935,0.0,45
203002,1102,2.255574613890655,1.8355746138906546,14.0,58
203069,1103,2.4209369424694787,2.4209369424694787,0.0,67
203120,1104,2.04229081516542,1.9822908151654204,2.0,51
203371,1105,2.7269612906550904,2.36696129065509,12.0,251
203415,1106,1.5064120954108413,1.5064120954108413,0.0,44
203467,1107,2.0417254019917572,2.0417254019917572,0.0,52
204467,1108,-0.8881419475805972,-2.058141947580598,39.0,1000
204624,1109,2.5554237288973485,2.1954237288973486,12.0,157
204698,1110,2.1003422837947965,1.8903422837947963,7.0,74
204774,1111,2.742031242652585,2.682031242652585,2.0,76
204984,1112,2.495197006257452,2.1351970062574517,12.0,210
205786,1113,3.7973516839146546,2.3873516839146554,47.0,802
205860,1114,2.6499919856724388,2.3799919856724387,9.0,74
205927,1115,2.4232116774092294,2.4232116774092294,0.0,67
206295,1116,3.336091391330582,2.3760913913305823,32.0,368
206361,1117,2.365022591983916,2.275022591983916,3.0,66
206432,1118,2.5626861277424817,2.5626861277424817,0.0,71
206538,1119,2.6855314691475956,2.4755314691475956,7.0,106
206614,1120,2.3374026106454933,2.3374026106454933,0.0,76
206921,1121,2.547817655330787,2.547817655330787,0.0,307
207020,1122,2.3571214135355474,2.3571214135355474,0.0,99
207098,1123,1.678666824334286,1.678666824334286,0.0,78
207149,1124,2.021453250970603,2.021453250970603,0.0,51
207260,1125,1.7807014601490274,1.7207014601490274,2.0,111
207382,1126,2.1803265502042626,2.120326550204263,2.0,122
207452,1127,1.3177206184187744,1.3177206184187744,0.0,70
207598,1128,1.8511482033408715,1.7311482033408714,4.0,146
207714,1129,2.05679252188487,1.7267925218848705,11.0,116
207768,1130,2.0830712844926067,2.0530712844926065,1.0,54
207852,1131,2.8779365904135625,2.7579365904135633,4.0,84
207901,1132,2.069080638455163,1.9790806384551631,3.0,49
208016,1133,2.5711114671500575,2.3611114671500575,7.0,115
208115,1134,2.0912281121035092,1.971228112103509,4.0,99
208264,1135,3.4254907950851585,2.4354907950851574,33.0,149
208381,1136,1.85009147480248,1.82009147480248,1.0,117
209381,1137,-0.5103048576561879,-0.5103048576561879,0.0,1000
209476,1138,1.2938340956301395,1.2938340956301395,0.0,95
209517,1139,1.8103272171553053,1.8103272171553053,0.0,41
209638,1140,2.908190803718043,2.5481908037180427,12.0,121
209671,1141,1.4792601849127036,1.4792601849127036,0.0,33
209763,1142,3.434919383878218,3.0749193838782176,12.0,92
209869,1143,2.953578238434112,2.323578238434111,21.0,106
209979,1144,3.0497120111712723,2.6897120111712725,12.0,110
210043,1145,2.2994089441143934,1.999408944114393,10.0,64
210134,1146,2.6628572970879034,2.3628572970879036,10.0,91
210470,1147,3.6542892386653874,3.624289238665388,1.0,336
210559,1148,2.453320983405302,2.453320983405302,0.0,89
210619,1149,1.6287263189068817,1.3887263189068815,8.0,60
210674,1150,2.245613854383094,2.245613854383094,0.0,55
210811,1151,3.46467159281587,2.6546715928158693,27.0,137
210926,1152,1.789951915561982,1.3699519155619817,14.0,115
211060,1153,2.3867009848302656,2.3567009848302654,1.0,134
211139,1154,2.7191529057937154,2.6291529057937155,3.0,79
211180,1155,1.7829942272846342,1.7829942272846342,0.0,41
211247,1156,2.5869961234089507,2.4069961234089505,6.0,67
211292,1157,1.900303311289119,1.900303311289119,0.0,45
211504,1158,1.6664952595838098,1.6664952595838098,0.0,212
211722,1159,1.8835660014617877,0.8635660014617872,34.0,218
211927,1160,3.412865366092106,2.2428653660921034,39.0,205
211969,1161,1.395905851698293,1.395905851698293,0.0,42
212090,1162,1.7509395058927963,1.7509395058927963,0.0,121
212285,1163,2.1839534233424556,2.0639534233424555,4.0,195
212449,1164,2.8507846466477815,1.3207846466477817,51.0,164
212554,1165,1.5496981672813124,1.1596981672813125,13.0,105
212712,1166,3.7597148674223724,3.5497148674223715,7.0,158
212803,1167,3.3009556211685602,3.3009556211685602,0.0,91
212851,1168,1.9793613615374093,1.6193613615374092,12.0,48
212954,1169,2.7652845779630972,2.4952845779630968,9.0,103
213086,1170,3.262859087385987,2.6328590873859876,21.0,132
213981,1171,3.3190346294121973,2.5690346294121973,25.0,895
214091,1172,2.0899506073960894,1.9099506073960892,6.0,110
214228,1173,2.943477815942016,2.733477815942016,7.0,137
214362,1174,1.6979633672484653,0.5879633672484645,37.0,134
214458,1175,1.7474368642137041,1.7474368642137041,0.0,96
214544,1176,3.057951836445117,3.057951836445117,0.0,86
215544,1177,0.729429394109925,-0.3205706058900757,35.0,1000
215670,1178,2.1877628900386537,1.6477628900386534,18.0,126
215715,1179,1.9240433039007063,1.8940433039007063,1.0,45
215789,1180,2.756848312635194,2.756848312635194,0.0,74
215864,1181,2.5120179102477698,2.33201791024777,6.0,75
215944,1182,2.7599370426377936,2.069937042637793,23.0,80
216080,1183,2.1563671651910075,2.1263671651910077,1.0,136
216156,1184,2.512737370324089,2.0327373703240887,16.0,76
216367,1185,2.2545956944270094,-1.3154043055729894,119.0,211
216468,1186,3.245190010799866,2.375190010799865,29.0,101
216566,1187,3.502640266365601,3.172640266365601,11.0,98
216712,1188,2.168375789780735,2.168375789780735,0.0,146
216809,1189,1.4868817600825428,1.4868817600825428,0.0,97
216908,1190,3.29806958601218,2.9980695860121793,10.0,99
216994,1191,2.9967968209115967,2.606796820911596,13.0,86
217031,1192,1.5818326682824546,1.5818326682824546,0.0,37
217097,1193,2.4220034584126466,2.4220034584126466,0.0,66
217153,1194,1.8531439199674404,1.7031439199674403,5.0,56
217199,1195,1.8656372746111873,1.6556372746111874,7.0,46
217271,1196,2.378164893552881,2.198164893552881,6.0,72
217321,1197,1.4056107005671816,1.4056107005671816,0.0,50
217454,1198,4.16670247033995,3.9867024703399503,6.0,133
217503,1199,1.9690924764635482,1.9690924764635482,0.0,49
217568,1200,1.9030043038613724,1.9030043038613724,0.0,65
218050,1201,3.066993323385456,0.6069933233854546,82.0,482
218193,1202,2.3729103994723064,1.7429103994723054,21.0,143
218456,1203,3.065850336341049,3.065850336341049,0.0,263
218511,1204,2.120463596386074,1.8204635963860738,10.0,55
218728,1205,3.041959235165815,1.9919592351658149,35.0,217
218833,1206,3.6815612282131887,2.931561228213188,25.0,105
218890,1207,2.066385592755041,1.9463855927550406,4.0,57
218956,1208,2.15080295372536,1.4608029537253597,23.0,66
219011,1209,2.0269193622745445,2.0269193622745445,0.0,55
219161,1210,2.0097763581099386,0.29977635810993775,57.0,150
219409,1211,3.0127076683053127,2.982707668305313,1.0,248
219441,1212,1.4831176045356527,1.4831176045356527,0.0,32
219511,1213,1.755741716852802,1.755741716852802,0.0,70
219607,1214,3.304703120630543,3.0347031206305424,9.0,96
219717,1215,1.5029239566574084,1.5029239566574084,0.0,110
219763,1216,1.954840892512503,1.684840892512503,9.0,46
220763,1217,0.6889495247942661,-18.661050475205688,645.0,1000
220877,1218,2.9086518677831776,2.308651867783178,20.0,114
220950,1219,2.7235594301035038,2.6635594301035033,2.0,73
221017,1220,2.5236423110198145,2.433642311019814,3.0,67
221210,1221,2.5671601119974903,2.0271601119974894,18.0,193
221298,1222,2.06213327346864,2.06213327346864,0.0,88
221388,1223,1.2606963527638062,0.2406963527638062,34.0,90
221866,1224,2.560146178480063,0.4301461784800613,71.0,478
221911,1225,1.735634571077977,1.675634571077977,2.0,45
222081,1226,1.732916663201879,1.732916663201879,0.0,170
222157,1227,2.901118851922589,2.481118851922588,14.0,76
222669,1228,2.778124824321973,2.5381248243219727,8.0,512
222715,1229,1.9018330522969966,1.9018330522969966,0.0,46
222808,1230,3.457719710408309,3.3977197104083094,2.0,93
223465,1231,2.052660923327771,0.9726609233277701,36.0,657
223512,1232,1.885060262247811,1.885060262247811,0.0,47
223546,1233,1.5106073827609627,1.5106073827609627,0.0,34
223590,1234,1.6556311231905685,1.5056311231905686,5.0,44
224590,1235,0.06248029174712855,0.06248029174712855,0.0,1000
224651,1236,2.0837579283727794,2.0837579283727794,0.0,61
225651,1237,-0.47569330396997955,-0.47569330396997955,0.0,1000
225832,1238,3.0143004506629376,2.5643004506629383,15.0,181
225892,1239,2.3784139068825882,2.3784139068825882,0.0,60
225935,1240,1.8396948514086184,1.4796948514086181,12.0,43
226319,1241,2.628405460339787,2.028405460339787,20.0,384
226897,1242,3.7495228405828644,2.7895228405828636,32.0,578
226968,1243,2.681165160697735,2.681165160697735,0.0,71
227067,1244,1.340675067596952,1.340675067596952,0.0,99
227150,1245,2.946225241379582,2.5562252413795816,13.0,83
227253,1246,1.8351758820038533,1.8351758820038533,0.0,103
227329,1247,2.534461393014226,2.2944613930142257,8.0,76
227378,1248,1.8495040740429003,1.8495040740429003,0.0,49
227465,1249,2.3163910691467136,2.2263910691467137,3.0,87
227626,1250,2.6542387558782043,2.6542387558782043,0.0,161
227727,1251,2.4718396608430915,1.961839660843091,17.0,101
227813,1252,3.1235560462906773,2.913556046290677,7.0,86
228813,1253,-0.1526601969199355,-0.1526601969199355,0.0,1000
228844,1254,1.4829183108426285,1.4829183108426285,0.0,31
228888,1255,1.8920719421266974,1.8920719421266974,0.0,44
229190,1256,2.2061561648591255,2.2061561648591255,0.0,302
229238,1257,1.9686345612573437,1.9686345612573437,0.0,48
229416,1258,2.503816237766033,0.973816237766032,51.0,178
229502,1259,2.5774577930243536,2.5774577930243536,0.0,86
229570,1260,1.717556109882173,1.717556109882173,0.0,68
229689,1261,3.075962094097398,2.955962094097397,4.0,119
229773,1262,2.939661220884319,2.939661220884319,0.0,84
229806,1263,1.512704642625067,1.512704642625067,0.0,33
229886,1264,2.5141974522397996,2.5141974522397996,0.0,80
229974,1265,2.469929068218759,1.659929068218759,27.0,88
230059,1266,2.1408104692120675,1.9308104692120676,7.0,85
230342,1267,3.007217892308166,2.737217892308166,9.0,283
230431,1268,2.1048868104801457,2.1048868104801457,0.0,89
230498,1269,1.9091135950308598,1.9091135950308598,0.0,67
230576,1270,2.6687104939416706,2.57871049394167,3.0,78
230684,1271,1.4471984914336522,1.4471984914336522,0.0,108
230958,1272,3.1124164018546914,2.0624164018546898,35.0,274
231061,1273,2.0598738383277744,2.0598738383277744,0.0,103
232061,1274,-0.03552523464534896,-0.03552523464534896,0.0,1000
232177,1275,1.5312876267000437,1.2612876267000437,9.0,116
232245,1276,2.6342501698421983,2.5742501698421982,2.0,68
232440,1277,1.761543659843782,1.0715436598437817,23.0,195
232565,1278,1.81122821549479,1.81122821549479,0.0,125
232649,1279,1.284107937927717,0.4141079379277166,29.0,84
232786,1280,3.585727846056758,2.9557278460567584,21.0,137
232822,1281,1.6403165101567465,1.6403165101567465,0.0,36
232901,1282,2.667673819964576,2.517673819964576,5.0,79
233000,1283,1.5832040247505115,1.5832040247505115,0.0,99
233029,1284,1.4340317804506244,1.4340317804506244,0.0,29
233206,1285,1.687445068715561,0.7874450687155615,30.0,177
233386,1286,2.148040233563588,1.068040233563587,36.0,180
233575,1287,2.5699113246286744,0.49991132462867305,69.0,189
234466,1288,2.5271734306868847,2.0771734306868836,15.0,891
234564,1289,3.3759738008380955,3.2859738008380956,3.0,98
234644,1290,2.7173451615351754,2.4173451615351755,10.0,80
234711,1291,2.6004222326171695,2.48042223261717,4.0,67
234740,1292,1.3873016414239001,1.3873016414239001,0.0,29
234811,1293,2.5448029231126172,2.5448029231126172,0.0,71
234988,1294,2.369329535512872,2.3093295355128722,2.0,177
235094,1295,2.91878724918563,2.67878724918563,8.0,106
236094,1296,0.818288464360255,0.36828846436025475,15.0,1000
236159,1297,2.5392860270692648,2.3292860270692652,7.0,65
236329,1298,2.2214964028864728,1.5914964028864729,21.0,170
236387,1299,2.289098907587511,2.2290989075875114,2.0,58
236453,1300,1.4363864383460943,1.4363864383460943,0.0,66
236716,1301,3.397680093645217,3.367680093645216,1.0,263
237716,1302,0.8857321592759387,-9.944267840724063,361.0,1000
237872,1303,3.2343285020757464,3.1443285020757465,3.0,156
237933,1304,2.3585568144002567,2.0285568144002566,11.0,61
237982,1305,1.9242846415312138,1.9242846415312138,0.0,49
238982,1306,-0.23477611321161707,-2.154776113211618,64.0,1000
239982,1307,-0.37335623938104545,-0.37335623938104545,0.0,1000
240047,1308,1.8327047808516919,1.3527047808516917,16.0,65
240206,1309,1.9273316353908476,1.2673316353908477,22.0,159
240755,1310,2.978429406836736,2.018429406836736,32.0,549
240873,1311,1.614793073579231,0.8647930735792311,25.0,118
240931,1312,2.350957953491137,2.350957953491137,0.0,58
241011,1313,2.8762718898300523,2.6962718898300526,6.0,80
241121,1314,1.7139254775486776,1.7139254775486776,0.0,110
241190,1315,2.707093389011342,2.4670933890113425,8.0,69
241475,1316,2.252630094608872,2.1926300946088717,2.0,285
241598,1317,1.8361044106470492,0.6061044106470486,41.0,123
241699,1318,3.5218946889693785,3.0418946889693776,16.0,101
241825,1319,1.8313418447207659,1.8313418447207659,0.0,126
241928,1320,1.8170677163982045,1.8170677163982045,0.0,103
242009,1321,2.5388014391006744,2.5388014391006744,0.0,81
242079,1322,2.3077663444869945,2.097766344486994,7.0,70
242111,1323,1.3084977822447321,1.3084977822447321,0.0,32
242264,1324,3.0146474310627274,2.504647431062727,17.0,153
242337,1325,1.8210344556326035,1.5510344556326034,9.0,73
242385,1326,1.9629029700736267,1.6329029700736264,11.0,48
242532,1327,1.5774142960018767,0.0774142960018771,50.0,147
242590,1328,2.2411498539896177,2.2411498539896177,0.0,58
242661,1329,1.5329388931495842,1.5329388931495842,0.0,71
242743,1330,2.0522855898591956,2.0522855898591956,0.0,82
242838,1331,3.4870055814344045,3.4870055814344045,0.0,95
242906,1332,2.5442991101469676,2.5442991101469676,0.0,68
242968,1333,2.1440662814387963,2.1440662814387963,0.0,62
243077,1334,2.8063054550704862,2.626305455070487,6.0,109
243165,1335,2.8738962389256995,2.5438962389257,11.0,88
243251,1336,2.8058839674482945,2.445883967448295,12.0,86
243391,1337,2.2590830692183568,1.9290830692183567,11.0,140
243544,1338,2.4155386104419794,1.2755386104419795,38.0,153
243621,1339,1.538729675478561,0.9087296754785612,21.0,77
244387,1340,3.488380272104673,1.7483802721046717,58.0,766
245343,1341,3.957878163127101,2.0078781631271,65.0,956
245826,1342,3.0183516191983486,1.8483516191983473,39.0,483
246038,1343,3.613466762336009,3.103466762336008,17.0,212
246091,1344,1.872709186650496,1.872709186650496,0.0,53
246273,1345,2.9083433839655792,2.728343383965579,6.0,182
246305,1346,1.3296568108041202,1.3296568108041202,0.0,32
246441,1347,2.432829932315606,2.342829932315606,3.0,136
246613,1348,2.720752030702263,2.3607520307022636,12.0,172
246670,1349,2.113408495484333,2.023408495484333,3.0,57
246795,1350,2.334893357991807,1.6748933579918068,22.0,125
246836,1351,1.7739881692013832,1.4139881692013834,12.0,41
246886,1352,2.0525208063820637,1.7225208063820632,11.0,50
247032,1353,3.59195710048546,2.5119571004854597,36.0,146
247122,1354,2.5028804484686296,2.1428804484686292,12.0,90
247223,1355,2.7090912424309233,2.7090912424309233,0.0,101
247249,1356,1.3175881125623121,1.3175881125623121,0.0,26
247279,1357,1.4606809832556151,1.4606809832556151,0.0,30
247367,1358,1.6515332197245727,1.2915332197245728,12.0,88
247440,1359,2.262187707122351,2.2321877071223506,1.0,73
247585,1360,2.489525446207339,2.489525446207339,0.0,145
247675,1361,3.2536478235292186,3.2536478235292186,0.0,90
247848,1362,2.454977500156298,1.8249775001562973,21.0,173
247941,1363,3.161889758885125,3.041889758885125,4.0,93
248928,1364,3.1348803302351023,2.354880330235101,26.0,987
249196,1365,2.662763617414577,2.1827636174145777,16.0,268
249309,1366,3.777280145629919,3.777280145629919,0.0,113
249356,1367,1.4934249079773614,1.4934249079773614,0.0,47
249381,1368,1.3078453442986742,1.3078453442986742,0.0,25
249434,1369,2.1480001908648547,2.0580001908648544,3.0,53
249533,1370,1.432887717929015,1.432887717929015,0.0,99
249617,1371,1.4730185685570296,1.4730185685570296,0.0,84
249765,1372,2.0022302149812568,1.912230214981257,3.0,148
250005,1373,3.539126433861925,3.539126433861925,0.0,240
250126,1374,2.5319518577289024,2.501951857728902,1.0,121
250226,1375,1.4335379270405015,1.4335379270405015,0.0,100
250290,1376,2.130110907529505,2.1001109075295052,1.0,64
250383,1377,3.2741693338672366,3.2441693338672364,1.0,93
250475,1378,2.765762539273715,2.435762539273715,11.0,92
250535,1379,1.8117866091001786,1.8117866091001786,0.0,60
250853,1380,3.0371368877776446,0.42713688777764236,87.0,318
250932,1381,2.4867050925568863,2.4867050925568863,0.0,79
251017,1382,3.095487023677178,2.915487023677178,6.0,85
251114,1383,1.7614082845873638,1.7614082845873638,0.0,97
251176,1384,2.4138547721001604,2.4138547721001604,0.0,62
251228,1385,2.190229108969176,2.190229108969176,0.0,52
251323,1386,1.4810722652237756,1.4810722652237756,0.0,95
251400,1387,2.77576180973844,2.7157618097384404,2.0,77
251504,1388,2.2420926702519157,1.9720926702519153,9.0,104
251530,1389,1.31721940073309,1.31721940073309,0.0,26
251581,1390,2.0362222139108983,2.0362222139108983,0.0,51
251676,1391,3.4035177280841706,3.4035177280841706,0.0,95
251706,1392,1.407758365875647,1.407758365875647,0.0,30
251831,1393,2.049623291826874,1.4496232918268739,20.0,125
251926,1394,1.2819036282350558,1.2819036282350558,0.0,95
252010,1395,2.9959611426943535,2.3659611426943536,21.0,84
252624,1396,2.5769619493308227,2.0069619493308224,19.0,614
252761,1397,1.4529631547982857,1.4529631547982857,0.0,137
252904,1398,2.192235178622596,2.072235178622596,4.0,143
253904,1399,-1.4664022683281077,-2.936402268328108,49.0,1000
253987,1400,3.104123209106911,3.0441232091069113,2.0,83
254074,1401,2.9429566335526234,2.6429566335526227,10.0,87
254158,1402,3.173274311143919,3.173274311143919,0.0,84
254247,1403,1.7762593134575566,1.3862593134575563,13.0,89
254344,1404,1.737741815092753,1.737741815092753,0.0,97
254560,1405,3.396120194068936,3.306120194068936,3.0,216
254661,1406,2.138243971952992,1.958243971952992,6.0,101
254760,1407,2.8646058437499984,2.8046058437499983,2.0,99
255264,1408,2.374253863043993,-2.0357461369560035,147.0,504
255465,1409,2.5287543239128922,2.4387543239128915,3.0,201
256465,1410,-1.4393242633676064,-1.4993242633676065,2.0,1000
256510,1411,1.4700630952801212,1.4700630952801212,0.0,45
256574,1412,2.5160294539646078,2.3960294539646076,4.0,64
256663,1413,3.1488967889427526,2.758896788942752,13.0,89
256718,1414,1.9396476696405545,1.9396476696405545,0.0,55
256902,1415,3.6838004546336895,3.1438004546336895,18.0,184
256948,1416,1.9468732043758203,1.8568732043758203,3.0,46
257078,1417,2.316826992829469,1.7468269928294684,19.0,130
257176,1418,3.4233827165339465,3.3933827165339463,1.0,98
257295,1419,1.6306175101304103,1.6306175101304103,0.0,119
257385,1420,1.3633260813271586,1.3633260813271586,0.0,90
257504,1421,3.1528341372382664,3.0928341372382664,2.0,119
258504,1422,1.1741092636435773,-25.6158907363564,893.0,1000
258651,1423,3.658141197359381,2.8781411973593807,26.0,147
258755,1424,3.5940298946946774,3.5340298946946778,2.0,104
258900,1425,1.9362230043662212,1.576223004366221,12.0,145
258974,1426,2.728764787005443,2.158764787005443,19.0,74
259589,1427,2.362463352014824,2.152463352014824,7.0,615
259626,1428,1.6884784437483533,1.6884784437483533,0.0,37
259672,1429,1.91115124421176,1.91115124421176,0.0,46
259798,1430,1.9113562786966745,1.8513562786966744,2.0,126
259890,1431,3.420944236094037,2.850944236094038,19.0,92
260049,1432,3.1636302424423457,2.9236302424423464,8.0,159
260311,1433,1.9855509766433146,-1.7044490233566854,123.0,262
260499,1434,1.784910802915319,1.1549108029153194,21.0,188
260662,1435,2.30933233315815,0.8693323331581493,48.0,163
260780,1436,3.104490795171429,2.7744907951714284,11.0,118
260867,1437,2.884144538709454,2.884144538709454,0.0,87
260993,1438,3.185083500531234,2.465083500531234,24.0,126
261038,1439,1.8269085943132999,1.8269085943132999,0.0,45
262038,1440,-0.005485041699817783,-0.005485041699817783,0.0,1000
262788,1441,2.1087247833591487,0.36872478335914793,58.0,750
262905,1442,3.3921516185152907,2.2221516185152903,39.0,117
262977,1443,2.694001234745146,2.694001234745146,0.0,72
263086,1444,3.180457453703412,2.4604574537034116,24.0,109
263157,1445,2.685482231149617,2.1754822311496165,17.0,71
263373,1446,2.97480678937461,2.55480678937461,14.0,216
263433,1447,1.3332051221167516,1.3332051221167516,0.0,60
263746,1448,2.134648182974745,2.134648182974745,0.0,313
263801,1449,1.8930247577861885,1.7130247577861883,6.0,55
263877,1450,2.48657557195701,2.00657557195701,16.0,76
263961,1451,2.3193969118623077,1.8093969118623074,17.0,84
264022,1452,2.3742610444183376,2.3742610444183376,0.0,61
264094,1453,2.6266207232142422,2.1466207232142422,16.0,72
264183,1454,1.6418278610640642,1.5218278610640643,4.0,89
265183,1455,0.9922747105283274,0.6622747105283273,11.0,1000
265321,1456,2.3851465628390165,2.3851465628390165,0.0,138
265363,1457,1.5219519704709779,1.5219519704709779,0.0,42
265468,1458,2.8576465095366768,2.3476465095366774,17.0,105
265511,1459,1.8162540136929937,1.8162540136929937,0.0,43
265634,1460,2.1675892840737188,2.1675892840737188,0.0,123
265761,1461,2.0525678187270655,1.032567818727065,34.0,127
265909,1462,2.3459806097966522,1.835980609796652,17.0,148
266909,1463,-0.15192142544517928,-0.15192142544517928,0.0,1000
267909,1464,0.253622189437132,-18.61637781056281,629.0,1000
267996,1465,3.0784508123262846,2.7484508123262845,11.0,87
268151,1466,2.0892788199674355,0.5592788199674343,51.0,155
268230,1467,2.4797929043874283,2.119792904387428,12.0,79
268286,1468,1.9184453363353327,1.9184453363353327,0.0,56
268450,1469,2.470585954442128,1.6305859544421275,28.0,164
268497,1470,1.9895599696637931,1.9895599696637931,0.0,47
269497,1471,-7.056987071249953,-7.416987071249953,12.0,1000
269615,1472,2.6486982186443617,2.4386982186443618,7.0,118
269796,1473,3.140636449553412,3.0506364495534113,3.0,181
269904,1474,2.4098970458128015,1.6898970458128018,24.0,108
269984,1475,1.8994259919475547,1.8994259919475547,0.0,80
270273,1476,2.4681670352421907,1.7181670352421907,25.0,289
270321,1477,1.9947854411451809,1.9947854411451809,0.0,48
271321,1478,-1.1364556069849612,-1.3464556069849614,7.0,1000
271382,1479,2.193092681218432,2.193092681218432,0.0,61
272382,1480,1.095601772897022,-15.014398227102925,537.0,1000
272493,1481,2.8355421629974744,2.775542162997475,2.0,111
272572,1482,3.061386147863247,2.971386147863247,3.0,79
272854,1483,2.8631612257136174,2.833161225713618,1.0,282
273075,1484,2.149507233069882,2.149507233069882,0.0,221
273141,1485,2.4661324899346484,2.106132489934648,12.0,66
273218,1486,2.1236497996740056,2.0936497996740058,1.0,77
273662,1487,1.769468865018678,1.769468865018678,0.0,444
274602,1488,3.131521797377616,-2.5084782026223773,188.0,940
274669,1489,2.4684527078763994,2.1084527078763986,12.0,67
274753,1490,3.062440608151272,2.6124406081512714,15.0,84
274822,1491,2.29392940047292,2.29392940047292,0.0,69
274918,1492,1.368043124124156,1.368043124124156,0.0,96
275918,1493,1.2649233776084259,-19.1350766223915,680.0,1000
276027,1494,1.6016751088335783,1.6016751088335783,0.0,109
276118,1495,3.2896413634969983,2.7796413634969985,17.0,91
276262,1496,2.053803941658913,1.5438039416589127,17.0,144
276332,1497,2.408985426820835,2.078985426820835,11.0,70
276437,1498,2.4509485481491895,2.4509485481491895,0.0,105
276640,1499,3.1763486688867557,3.0263486688867545,5.0,203
276728,1500,3.2857122049446286,2.9257122049446282,12.0,88
277728,1501,0.0251102457504645,0.0251102457504645,0.0,1000
277867,1502,3.2166302638967714,2.736630263896771,16.0,139
277897,1503,1.359794886183698,1.359794886183698,0.0,30
277983,1504,3.271997423649782,2.7319974236497826,18.0,86
278435,1505,2.1398551123585436,2.1398551123585436,0.0,452
278845,1506,3.2143214226707197,2.8243214226707187,13.0,410
278945,1507,1.726751396713154,1.726751396713154,0.0,100
279004,1508,2.356069101449866,2.326069101449866,1.0,59
279104,1509,1.7407513636670837,1.5307513636670838,7.0,100
279175,1510,2.3747869620557305,2.3747869620557305,0.0,71
279279,1511,1.7843288371216595,0.6143288371216591,39.0,104
279402,1512,2.0634152461622417,2.0634152461622417,0.0,123
280402,1513,0.2819279953095979,0.2819279953095979,0.0,1000
280450,1514,2.041990496741717,2.041990496741717,0.0,48
280495,1515,1.8197930554137924,1.7897930554137926,1.0,45
280598,1516,3.090964377875556,3.090964377875556,0.0,103
280784,1517,1.5368819600664843,1.5368819600664843,0.0,186
281784,1518,1.4705172748205335,0.8705172748205343,20.0,1000
281823,1519,1.5995983258493638,1.5995983258493638,0.0,39
281853,1520,1.4410848520040822,1.4410848520040822,0.0,30
281896,1521,1.8290289185937392,1.499028918593739,11.0,43
282036,1522,3.0046215500642104,2.4946215500642106,17.0,140
282117,1523,1.8391783803734487,1.8391783803734487,0.0,81
282188,1524,1.994918210454433,1.994918210454433,0.0,71
282235,1525,1.8315255688873273,1.8315255688873273,0.0,47
282344,1526,3.1875432281703384,3.0975432281703386,3.0,109
282384,1527,1.748674155341842,1.748674155341842,0.0,40
283384,1528,0.4027837150014215,-2.597216284998578,100.0,1000
283453,1529,1.9655908916486415,1.6355908916486417,11.0,69
283589,1530,2.5993065723612387,2.5993065723612387,0.0,136
283712,1531,3.4496339206626225,3.269633920662622,6.0,123
283808,1532,1.4414796811518569,1.4414796811518569,0.0,96
284808,1533,-0.8722138124305268,-0.8722138124305268,0.0,1000
284893,1534,2.804076495839199,2.774076495839199,1.0,85
285107,1535,3.1883515352802414,2.7683515352802424,14.0,214
285667,1536,2.011516032228656,1.321516032228656,23.0,560
286203,1537,3.4715057569011862,-0.308494243098808,126.0,536
286288,1538,3.0103563105985045,3.0103563105985045,0.0,85
286725,1539,3.5060848297160474,3.146084829716047,12.0,437
286784,1540,1.8735418241852275,1.8735418241852275,0.0,59
286814,1541,1.427121553624569,1.427121553624569,0.0,30
286849,1542,1.5822233968056514,1.5822233968056514,0.0,35
286968,1543,2.666642189049031,2.336642189049031,11.0,119
287060,1544,2.8419747698589046,2.451974769858905,13.0,92
287178,1545,1.9683781687481667,1.0983781687481664,29.0,118
287267,1546,2.4487187760272517,2.2987187760272514,5.0,89
287333,1547,2.515295651037905,2.515295651037905,0.0,66
287358,1548,1.3168696906612902,1.3168696906612902,0.0,25
287406,1549,1.9341509658858582,1.9041509658858582,1.0,48
287501,1550,3.067716049766478,2.8877160497664773,6.0,95
287566,1551,2.2596689148576665,2.1696689148576667,3.0,65
287787,1552,3.4696367762768285,2.8996367762768314,19.0,221
287910,1553,2.7805704541268073,2.7805704541268073,0.0,123
288065,1554,2.509381685495355,2.1493816854953547,12.0,155
288149,1555,2.989007217874044,2.8990072178740443,3.0,84
288211,1556,2.1615371937554495,2.1015371937554495,2.0,62
288283,1557,2.5387183111334046,1.758718311133404,26.0,72
288360,1558,1.4869435723179771,1.4869435723179771,0.0,77
288450,1559,1.2664905223371432,0.06649052233714281,40.0,90
288614,1560,3.149075294976444,3.149075294976444,0.0,164
288697,1561,1.3550646718181265,1.3550646718181265,0.0,83
288739,1562,1.7336687672490843,1.7336687672490843,0.0,42
288841,1563,2.4205280388362587,2.3905280388362584,1.0,102
288938,1564,1.639342721296201,1.639342721296201,0.0,97
289018,1565,2.9714870791067822,2.2514870791067825,24.0,80
289092,1566,2.002466430982712,1.8224664309827114,6.0,74
289133,1567,1.699774185247805,1.699774185247805,0.0,41
289226,1568,1.4625000721111592,1.4325000721111594,1.0,93
289353,1569,2.4504200331604062,2.4504200331604062,0.0,127
289542,1570,2.6967836027452394,2.21678360274524,16.0,189
289712,1571,2.6374058961890166,2.6374058961890166,0.0,170
289942,1572,2.4873021804067763,1.4673021804067756,34.0,230
290041,1573,2.3762070426455146,2.256207042645515,4.0,99
290134,1574,1.551653658024721,1.491653658024721,2.0,93
290244,1575,1.9038638604380638,1.8438638604380637,2.0,110
290377,1576,1.7232152704230357,1.5132152704230357,7.0,133
290504,1577,3.4239058171475216,2.8839058171475216,18.0,127
290564,1578,2.112397939163283,2.112397939163283,0.0,60
290678,1579,3.909084881205628,3.6690848812056287,8.0,114
290712,1580,1.577075513615544,1.577075513615544,0.0,34
290773,1581,2.296423798354309,2.296423798354309,0.0,61
290863,1582,1.6354104537102452,1.6354104537102452,0.0,90
290994,1583,2.0187383980498455,1.538738398049845,16.0,131
291049,1584,2.209054712555914,1.8190547125559138,13.0,55
291074,1585,1.3103360391323073,1.3103360391323073,0.0,25
291232,1586,2.430351671392885,2.430351671392885,0.0,158
291321,1587,3.3484589622305903,3.3484589622305903,0.0,89
291396,1588,1.7690217693031158,1.7090217693031158,2.0,75
291483,1589,3.2484776082151154,3.2484776082151154,0.0,87
291569,1590,3.0860261019435518,2.786026101943553,10.0,86
292121,1591,2.4873841997721566,2.3673841997721565,4.0,552
292229,1592,3.024343603791385,2.5443436037913845,16.0,108
292364,1593,2.3341472311212326,1.6741472311212324,22.0,135
292485,1594,2.1081059167557776,1.8981059167557777,7.0,121
293485,1595,0.5067020967682901,-14.61329790323168,504.0,1000
293547,1596,1.9576376417339745,1.8076376417339741,5.0,62
293636,1597,1.6336462469298119,1.6336462469298119,0.0,89
293776,1598,2.531030353028748,1.5410303530287475,33.0,140
293907,1599,1.8690257393112506,1.8690257393112506,0.0,131
294138,1600,2.85779240737968,2.197792407379679,22.0,231
294199,1601,2.0239978012267628,2.0239978012267628,0.0,61
294272,1602,2.7553977460121235,2.7553977460121235,0.0,73
294369,1603,3.3531929182621982,3.3531929182621982,0.0,97
294557,1604,2.1604544093347453,1.4404544093347447,24.0,188
294587,1605,1.411015865634841,1.411015865634841,0.0,30
295031,1606,3.956997447815354,2.276997447815356,56.0,444
295139,1607,2.8095833348375883,2.4195833348375886,13.0,108
295242,1608,2.8289392944514864,2.6789392944514865,5.0,103
295321,1609,2.818710828365825,2.4287108283658245,13.0,79
295366,1610,1.632855155966464,1.452855155966464,6.0,45
295522,1611,2.5076930846872836,2.2376930846872836,9.0,156
295621,1612,1.3850188933875647,0.4250188933875645,32.0,99
295711,1613,2.604461710182364,2.0644617101823637,18.0,90
295891,1614,2.9114951019374637,2.371495101937463,18.0,180
295990,1615,1.6557877287500866,1.5957877287500866,2.0,99
296071,1616,3.0601261716888106,3.0601261716888106,0.0,81
296147,1617,2.949762978629691,2.5897629786296914,12.0,76
296316,1618,3.7686595395331692,2.958659539533169,27.0,169
296416,1619,1.605292689210631,0.16529268921063078,48.0,100
296535,1620,1.7902278817223023,1.7002278817223022,3.0,119
296630,1621,1.5680954380363943,1.4780954380363944,3.0,95
296682,1622,2.1020073079104407,2.1020073079104407,0.0,52
296713,1623,1.4477833702082257,1.4477833702082257,0.0,31
297165,1624,3.520930047726344,-2.2390699522736432,192.0,452
297289,1625,1.7072936293953658,1.7072936293953658,0.0,124
297438,1626,3.286911498695153,2.9269114986951537,12.0,149
297498,1627,1.6329968499259762,1.6029968499259761,1.0,60
297827,1628,3.0029564291163853,2.4029564291163847,20.0,329
297877,1629,1.6993807191946098,1.6993807191946098,0.0,50
298877,1630,0.2887968206673335,-16.48120317933264,559.0,1000
298906,1631,1.4070322574393261,1.4070322574393261,0.0,29
299037,1632,2.3211331977022334,2.1711331977022335,5.0,131
299076,1633,1.6987806092043378,1.6987806092043378,0.0,39
299194,1634,3.6982597856973234,3.668259785697323,1.0,118
299282,1635,3.1603265900312216,2.830326590031221,11.0,88
299358,1636,2.827859481632463,2.827859481632463,0.0,76
299399,1637,1.800436988531199,1.440436988531199,12.0,41
299469,1638,1.973003536676916,1.823003536676916,5.0,70
299666,1639,2.698815808055516,1.7688158080555154,31.0,197
299693,1640,1.348130143314702,1.348130143314702,0.0,27
299927,1641,2.4884456383985656,0.9884456383985651,50.0,234
300018,1642,2.1228720595945583,2.062872059594558,2.0,91
300089,1643,2.6755708434348033,2.285570843434803,13.0,71
300194,1644,2.8234192538639293,2.6434192538639296,6.0,105
300255,1645,2.4437782427687083,2.143778242768709,10.0,61
300283,1646,1.3331928225467604,1.3331928225467604,0.0,28
300396,1647,1.64534897192819,1.64534897192819,0.0,113
300523,1648,1.8974916380206155,1.5374916380206156,12.0,127
300596,1649,2.007825489879737,2.007825489879737,0.0,73
300662,1650,2.5076934441833085,2.5076934441833085,0.0,66
301662,1651,-0.6166484598881081,-0.6166484598881081,0.0,1000
301745,1652,2.976101934915059,2.8861019349150583,3.0,83
301814,1653,1.3354337260152416,1.3354337260152416,0.0,69
301936,1654,1.7633593421482283,1.4933593421482283,9.0,122
301966,1655,1.3808264208446117,1.3808264208446117,0.0,30
302010,1656,1.396820867502763,1.396820867502763,0.0,44
302104,1657,3.1858232283433416,2.975823228343342,7.0,94
302155,1658,2.1118329891583856,1.7818329891583857,11.0,51
302242,1659,3.1405080840786175,3.1405080840786175,0.0,87
302333,1660,1.4494914063899078,1.4494914063899078,0.0,91
302389,1661,2.229553028059914,2.049553028059914,6.0,56
302468,1662,2.851671972439081,2.731671972439081,4.0,79
302576,1663,3.4123739821652443,2.992373982165244,14.0,108
302739,1664,2.889893713512489,2.889893713512489,0.0,163
302825,1665,3.023979482425768,2.6939794824257683,11.0,86
302889,1666,2.4327123535669735,2.3427123535669736,3.0,64
302933,1667,1.9101140182065037,1.7601140182065036,5.0,44
303012,1668,2.8965056522365193,2.8365056522365197,2.0,79
303554,1669,2.711341086913306,2.711341086913306,0.0,542
303656,1670,1.4484682658869659,1.4484682658869659,0.0,102
303685,1671,1.3711106737014012,1.3711106737014012,0.0,29
303753,1672,2.578359655180228,2.578359655180228,0.0,68
303803,1673,1.9164592293784684,1.9164592293784684,0.0,50
303930,1674,2.121033535850344,1.1610335358503436,32.0,127
303999,1675,1.413124121841359,1.413124121841359,0.0,69
304088,1676,2.6285657864580516,2.6285657864580516,0.0,89
304126,1677,1.5250361133683314,1.5250361133683314,0.0,38
304226,1678,3.6292573129911005,3.5092573129911013,4.0,100
304311,1679,2.0354344741823276,2.0354344741823276,0.0,85
304406,1680,1.4658375236775874,1.4658375236775874,0.0,95
304524,1681,2.692626711959946,2.362626711959946,11.0,118
304572,1682,1.9870812577927015,1.9570812577927015,1.0,48
304627,1683,1.4162233092679086,1.4162233092679086,0.0,55
305300,1684,1.7410620116066675,1.7410620116066675,0.0,673
305380,1685,1.347400398785338,1.347400398785338,0.0,80
305443,1686,2.483074924849148,2.1530749248491485,11.0,63
306443,1687,-0.5482204364655296,-0.90822043646553,12.0,1000
306535,1688,1.4848191515114488,1.4848191515114488,0.0,92
306623,1689,2.949668440377459,2.949668440377459,0.0,88
306739,1690,2.1425256754611848,1.722525675461185,14.0,116
306828,1691,2.7806264632887743,2.120626463288774,22.0,89
307828,1692,1.103971880034304,-11.496028119965692,420.0,1000
307904,1693,2.8189953681390927,2.8189953681390927,0.0,76
307957,1694,2.0716501324885956,1.9816501324885958,3.0,53
308003,1695,1.628523862282958,1.628523862282958,0.0,46
308039,1696,1.540481229021946,1.540481229021946,0.0,36
308096,1697,2.2238301152987585,2.2238301152987585,0.0,57
308244,1698,2.631110987034311,1.9111109870343104,24.0,148
308295,1699,2.0533007540262176,2.0533007540262176,0.0,51
308465,1700,3.15162583058577,2.761625830585771,13.0,170
308602,1701,1.7431423494631013,1.7431423494631013,0.0,137
308654,1702,2.0765050423066675,2.0765050423066675,0.0,52
308748,1703,2.181070972183807,1.7010709721838069,16.0,94
308848,1704,2.169466126737019,1.839466126737019,11.0,100
308978,1705,2.057083744916773,2.027083744916774,1.0,130
309054,1706,1.9413370368291778,1.9413370368291778,0.0,76
309167,1707,1.5270351608028367,1.4370351608028367,3.0,113
309234,1708,2.5068110010451217,2.5068110010451217,0.0,67
309315,1709,2.2629597261993277,1.6929597261993274,19.0,81
309416,1710,3.527333643364628,3.4673336433646273,2.0,101
310286,1711,3.615031613485663,2.535031613485663,36.0,870
310340,1712,2.071342126887144,2.071342126887144,0.0,54
310757,1713,3.2663773006501344,2.3963773006501325,29.0,417
310810,1714,1.9558288606508876,1.9558288606508876,0.0,53
310882,1715,1.983325239443309,1.5333252394433088,15.0,72
311122,1716,2.844240951792873,2.4542409517928725,13.0,240
311334,1717,4.164944821314199,3.894944821314199,9.0,212
311427,1718,1.7994152782462183,1.7994152782462183,0.0,93
311476,1719,2.083851339726737,2.083851339726737,0.0,49
311525,1720,1.7120857866889316,1.7120857866889316,0.0,49
311882,1721,1.8973067669957522,1.267306766995752,21.0,357
311916,1722,1.5337805767673678,1.5337805767673678,0.0,34
312016,1723,1.3833891888793346,1.3833891888793346,0.0,100
312174,1724,2.2406976754616124,2.2406976754616124,0.0,158
312306,1725,1.6473466261988183,1.4073466261988177,8.0,132
312515,1726,2.559532710250569,2.469532710250569,3.0,209
312708,1727,3.0607881906528185,2.370788190652819,23.0,193
312793,1728,3.043900184746733,2.833900184746733,7.0,85
312939,1729,4.057381177847997,3.2473811778479966,27.0,146
312966,1730,1.3497672681330102,1.3497672681330102,0.0,27
313140,1731,3.573952132221463,3.3939521322214623,6.0,174
313498,1732,3.944031857347648,-1.2759681426523528,174.0,358
313577,1733,1.845715182672425,1.845715182672425,0.0,79
313833,1734,2.591796058121691,2.591796058121691,0.0,256
313892,1735,2.3169175383440948,1.9269175383440942,13.0,59
314295,1736,2.594956041126511,2.35495604112651,8.0,403
314321,1737,1.3086265185651365,1.3086265185651365,0.0,26
314365,1738,1.8561552494052478,1.8561552494052478,0.0,44
314499,1739,2.4684041038131523,2.3484041038131522,4.0,134
314559,1740,2.245800656079292,2.245800656079292,0.0,60
314645,1741,2.7462614550638857,2.3262614550638863,14.0,86
314738,1742,3.0156060720264977,3.0156060720264977,0.0,93
314900,1743,3.480778614595946,3.0007786145959456,16.0,162
314950,1744,1.4241506117428773,1.4241506117428773,0.0,50
315037,1745,2.4736862130598967,2.4736862130598967,0.0,87
315111,1746,2.672343604437029,2.672343604437029,0.0,74
315253,1747,3.1707975208942054,2.270797520894205,30.0,142
315650,1748,3.4271489732458615,3.4271489732458615,0.0,397
315738,1749,1.427342241491135,1.427342241491135,0.0,88
316057,1750,3.203401605686627,3.1134016056866267,3.0,319
316157,1751,3.290129999074015,2.9301299990740146,12.0,100
316247,1752,3.254416282988903,3.0144162829889023,8.0,90
316273,1753,1.3033133566918638,1.3033133566918638,0.0,26
316313,1754,1.7060276861913857,1.7060276861913857,0.0,40
316432,1755,1.505043450512603,1.085043450512603,14.0,119
316487,1756,2.1023361604396293,2.1023361604396293,0.0,55
316551,1757,2.206496546967017,1.9664965469670175,8.0,64
316827,1758,2.8853537731876706,2.645353773187671,8.0,276
316920,1759,1.4951619297780103,1.1951619297780103,10.0,93
317000,1760,2.8227778882386008,2.792777888238601,1.0,80
317171,1761,3.37248788685213,2.3824878868521306,33.0,171
318171,1762,0.18176244420283094,0.18176244420283094,0.0,1000
318286,1763,2.745024833575297,2.685024833575297,2.0,115
318439,1764,3.785768482411793,3.065768482411792,24.0,153
318493,1765,2.179581204367417,2.059581204367417,4.0,54
318622,1766,2.022773649275324,1.8127736492753241,7.0,129
318788,1767,3.1470097876548726,2.8770097876548726,9.0,166
318916,1768,2.080563450145955,0.8805634501459544,40.0,128
319047,1769,3.628858311292114,3.328858311292114,10.0,131
320047,1770,-0.7888257854933443,-0.7888257854933443,0.0,1000
320167,1771,1.8835300772308694,1.6435300772308694,8.0,120
320210,1772,1.8615530542207188,1.8615530542207188,0.0,43
320311,1773,1.6842716109924298,1.3842716109924296,10.0,101
320664,1774,2.1776757873597643,2.1176757873597643,2.0,353
320851,1775,2.7900502569436836,2.520050256943683,9.0,187
320946,1776,1.6124096463485844,1.6124096463485844,0.0,95
321053,1777,3.663557578754846,3.2135575787548456,15.0,107
321133,1778,2.7198470000900015,2.2098470000900012,17.0,80
321228,1779,2.9681876284155226,2.788187628415523,6.0,95
321362,1780,1.8618877956968696,1.8618877956968696,0.0,134
321450,1781,3.197764213068049,2.987764213068048,7.0,88
321553,1782,1.8556024715124952,1.3456024715124952,17.0,103
321665,1783,1.4643730672626964,0.7443730672626963,24.0,112
321794,1784,2.1018540666944645,2.041854066694464,2.0,129
322794,1785,0.09070865981965248,-0.6292913401803476,24.0,1000
322880,1786,2.5359018948618943,1.9959018948618934,18.0,86
322973,1787,1.3468342701721479,1.3468342701721479,0.0,93
323083,1788,3.138798283195045,2.5987982831950456,18.0,110
323259,1789,2.858773604865823,2.738773604865823,4.0,176
323329,1790,2.6699267673572393,2.6699267673572393,0.0,70
323444,1791,1.9222916396087855,1.8322916396087856,3.0,115
323539,1792,3.389527050041523,3.389527050041523,0.0,95
323615,1793,2.857094311501144,2.857094311501144,0.0,76
323712,1794,1.3703474656560755,1.3703474656560755,0.0,97
323768,1795,2.2462683067616345,2.2462683067616345,0.0,56
323901,1796,2.574578124476907,1.8545781244769068,24.0,133
323929,1797,1.3879694713850794,1.3879694713850794,0.0,28
324045,1798,2.6630178624895366,2.6630178624895366,0.0,116
324133,1799,3.0573438550995395,2.9373438550995394,4.0,88
324255,1800,2.112359072835599,2.112359072835599,0.0,122
324307,1801,1.8790799659997441,1.8790799659997441,0.0,52
325307,1802,0.07790062360873473,0.07790062360873473,0.0,1000
325380,1803,2.7765285040368717,2.7465285040368714,1.0,73
325496,1804,2.331551161122561,2.331551161122561,0.0,116
325615,1805,2.0391231684520594,1.3791231684520588,22.0,119
326109,1806,3.4801013028173613,2.9401013028173617,18.0,494
326682,1807,2.1567412722639054,2.1567412722639054,0.0,573
326731,1808,2.041849734479791,2.041849734479791,0.0,49
326803,1809,1.967549626241729,1.967549626241729,0.0,72
326921,1810,2.1938652490098,2.1938652490098,0.0,118
327132,1811,2.9810139324589544,2.291013932458954,23.0,211
327175,1812,1.798852130061102,1.798852130061102,0.0,43
327311,1813,2.4787893960764906,0.9187893960764904,52.0,136
327365,1814,2.2022600865247552,1.8422600865247551,12.0,54
327533,1815,3.3087580310930447,2.918758031093045,13.0,168
327598,1816,1.4868478039671895,1.4868478039671895,0.0,65
327914,1817,1.952607135826786,-2.787392864173209,158.0,316
327973,1818,1.631325909701544,1.631325909701544,0.0,59
328086,1819,1.89580304105739,1.89580304105739,0.0,113
328519,1820,2.397353186933012,-1.022646813066992,114.0,433
329197,1821,2.8593835152097853,2.8593835152097853,0.0,678
329237,1822,1.7044609361498286,1.5244609361498285,6.0,40
330237,1823,0.26166517689607693,-18.878334823103906,638.0,1000
330260,1824,1.2500449019668316,1.2500449019668316,0.0,23
331260,1825,0.2464553842973387,0.21645538429733868,1.0,1000
331338,1826,2.91173843310505,2.91173843310505,0.0,78
331419,1827,2.6431656598269306,2.4931656598269303,5.0,81
332419,1828,-0.0360480065396922,-0.0360480065396922,0.0,1000
332523,1829,1.787693375894151,1.787693375894151,0.0,104
332660,1830,3.1538437187356996,2.7038437187357,15.0,137
332716,1831,1.4631201064760724,1.4631201064760724,0.0,56
332786,1832,2.5107662059153832,2.150766205915383,12.0,70
333012,1833,2.4693673634043947,2.379367363404395,3.0,226
333111,1834,3.3148101727155606,3.134810172715561,6.0,99
334098,1835,2.72492497352554,-2.8550750264744487,186.0,987
334330,1836,2.851907341704755,2.551907341704755,10.0,232
334395,1837,2.1835349550997023,2.153534955099702,1.0,65
334526,1838,2.879325760309582,2.879325760309582,0.0,131
334674,1839,1.8959297504222488,1.8959297504222488,0.0,148
334798,1840,2.0760987169249594,1.986098716924959,3.0,124
334892,1841,3.3009513466535205,3.3009513466535205,0.0,94
335802,1842,3.376561004337959,0.04656100433797028,111.0,910
335825,1843,1.2593028908125417,1.2593028908125417,0.0,23
336339,1844,2.9221908864814727,-2.357809113518521,176.0,514
336426,1845,3.1206972163878186,3.1206972163878186,0.0,87
337079,1846,3.568487644102511,-4.351512355897479,264.0,653
337193,1847,1.4988622688327518,1.4988622688327518,0.0,114
337241,1848,1.9871352547226917,1.8671352547226918,4.0,48
337311,1849,2.5072700000471317,1.8472700000471316,22.0,70
337381,1850,2.677168474911947,2.4071684749119466,9.0,70
337449,1851,2.4505195549585643,1.8505195549585634,20.0,68
337549,1852,1.8191190956673857,1.8191190956673857,0.0,100
337660,1853,1.5946496603212232,1.5346496603212234,2.0,111
337718,1854,1.800951815931992,1.800951815931992,0.0,58
338718,1855,-0.03730972423320589,-0.03730972423320589,0.0,1000
338776,1856,2.335438472184695,2.335438472184695,0.0,58
338954,1857,2.5404694637112746,2.0604694637112746,16.0,178
339025,1858,2.580726789509366,2.5507267895093664,1.0,71
340025,1859,-0.22343207569955448,-0.22343207569955448,0.0,1000
340089,1860,2.1729176739821128,2.1729176739821128,0.0,64
340209,1861,2.1728048653894882,2.052804865389488,4.0,120
340326,1862,2.9196472337592887,2.9196472337592887,0.0,117
340645,1863,2.3110640511902445,1.861064051190244,15.0,319
341020,1864,3.623925661568904,2.873925661568903,25.0,375
341098,1865,2.896143108281224,2.6561431082812237,8.0,78
341151,1866,2.086083123439724,2.086083123439724,0.0,53
341210,1867,1.7137681965920493,1.7137681965920493,0.0,59
341269,1868,1.992241679104157,1.6922416791041568,10.0,59
342269,1869,-0.8803903929841308,-0.8803903929841308,0.0,1000
342328,1870,2.218148819815694,2.218148819815694,0.0,59
342607,1871,2.4464602761392094,-1.633539723860789,136.0,279
342658,1872,1.7652673396663259,1.7652673396663259,0.0,51
342848,1873,1.9201646406226336,1.9201646406226336,0.0,190
342918,1874,2.4118877291569083,2.3218877291569084,3.0,70
343015,1875,3.5513738509649126,3.131373850964912,14.0,97
344015,1876,-1.8062699286193538,-3.606269928619345,60.0,1000
345015,1877,0.7750760469348427,-18.30492395306516,636.0,1000
345261,1878,2.3364659913130144,1.4064659913130149,31.0,246
346261,1879,0.4402353385899822,0.4402353385899822,0.0,1000
346308,1880,1.4897713068511524,1.4897713068511524,0.0,47
347222,1881,2.7200377477009234,2.4500377477009234,9.0,914
347795,1882,2.935616232376398,2.545616232376398,13.0,573
347839,1883,1.8945125527599507,1.8945125527599507,0.0,44
347922,1884,3.005493523316514,2.7054935233165143,10.0,83
348039,1885,3.022703095105032,2.3327030951050314,23.0,117
348210,1886,2.09249097153217,2.09249097153217,0.0,171
348273,1887,2.40349936452025,2.40349936452025,0.0,63
348321,1888,1.434420205210754,1.434420205210754,0.0,48
348398,1889,2.8688657809806895,2.8688657809806895,0.0,77
349398,1890,0.4584412370919604,-25.311558762908028,859.0,1000
349456,1891,2.238315702647812,1.6383157026478115,20.0,58
349494,1892,1.4334624112001413,1.4334624112001413,0.0,38
349602,1893,2.111604065709076,2.111604065709076,0.0,108
349690,1894,2.901057884025676,2.331057884025676,19.0,88
349813,1895,1.4716844172767236,1.4716844172767236,0.0,123
349871,1896,2.315115947519024,2.315115947519024,0.0,58
349934,1897,1.3433306916361913,1.3433306916361913,0.0,63
350004,1898,2.350205672067599,2.1102056720675986,8.0,70
350097,1899,2.6636443202562203,2.0936443202562205,19.0,93
350182,1900,1.5414060115691637,1.0314060115691637,17.0,85
350269,1901,2.2130835506531312,2.1530835506531307,2.0,87
351269,1902,-0.5189000732199855,-0.7589000732199858,8.0,1000
351931,1903,2.6438491449305825,2.253849144930583,13.0,662
352846,1904,4.377556288114636,3.927556288114635,15.0,915
353228,1905,3.664520575743689,2.2245205757436888,48.0,382
353277,1906,1.6235320861590838,1.6235320861590838,0.0,49
353313,1907,1.4137474459652357,1.4137474459652357,0.0,36
353497,1908,2.324067737311022,1.7540677373110212,19.0,184
353579,1909,2.4066486967092375,2.226648696709237,6.0,82
353628,1910,1.7346212678317081,1.7346212678317081,0.0,49
353960,1911,2.434228968070272,-0.2057710319297288,88.0,332
354116,1912,2.390603093161374,1.940603093161375,15.0,156
354226,1913,1.7822424554236278,1.7822424554236278,0.0,110
354338,1914,1.8395468906103167,1.2095468906103164,21.0,112
354396,1915,2.3017908566034926,2.2717908566034923,1.0,58
354468,1916,2.751979941344736,2.7219799413447356,1.0,72
354546,1917,2.815392956134188,2.815392956134188,0.0,78
354600,1918,2.20572926584976,2.17572926584976,1.0,54
355309,1919,2.250834605826281,-3.059165394173715,177.0,709
355435,1920,4.175849774368988,3.6058497743689877,19.0,126
355520,1921,2.685744057163102,2.625744057163102,2.0,85
355744,1922,2.344193719732813,1.3541937197328127,33.0,224
355825,1923,2.3304971671513073,2.3004971671513075,1.0,81
355888,1924,2.48517641619758,2.21517641619758,9.0,63
355943,1925,1.4565328097820456,0.9165328097820457,18.0,55
356113,1926,2.1536204128138143,-0.24637958718618647,80.0,170
356205,1927,2.2463104511363117,1.9763104511363112,9.0,92
357205,1928,0.0012074624434879055,0.0012074624434879055,0.0,1000
357268,1929,2.2625527422235976,1.932552742223597,11.0,63
357328,1930,1.7921430825440479,1.5221430825440476,9.0,60
357452,1931,1.491569006631272,1.491569006631272,0.0,124
358452,1932,0.8610360870402045,-18.878963912959744,658.0,1000
358483,1933,1.4176587069008493,1.4176587069008493,0.0,31
358545,1934,2.32497534206541,2.2049753420654103,4.0,62
359545,1935,0.29672532743431823,-9.213274672565662,317.0,1000
359652,1936,3.5967492273966917,3.2067492273966907,13.0,107
360652,1937,0.029671403906578186,0.029671403906578186,0.0,1000
360745,1938,3.3143238988198833,3.3143238988198833,0.0,93
360832,1939,2.408896016610866,2.3788960166108666,1.0,87
360907,1940,1.3873883967574723,1.3873883967574723,0.0,75
360967,1941,1.9698142834554124,1.3998142834554121,19.0,60
361044,1942,2.40782963044789,2.3478296304478894,2.0,77
361128,1943,2.1998396955044432,2.1998396955044432,0.0,84
361877,1944,2.7192397198740723,2.059239719874073,22.0,749
361929,1945,1.7587111319055873,1.7587111319055873,0.0,52
362005,1946,1.9156649738489708,1.8856649738489708,1.0,76
362331,1947,4.000332564368856,4.000332564368856,0.0,326
362464,1948,2.2388204733499277,1.8188204733499274,14.0,133
362793,1949,3.3248509389802963,2.664850938980296,22.0,329
362911,1950,2.154774802181431,1.7347748021814302,14.0,118
363139,1951,2.782816670502429,2.512816670502429,9.0,228
364139,1952,-0.09350082573646934,-0.5135008257364697,14.0,1000
364181,1953,1.780655910380598,1.780655910380598,0.0,42
364284,1954,3.469623592870083,3.0796235928700835,13.0,103
364349,1955,2.323930632075654,2.323930632075654,0.0,65
364476,1956,2.0327731549313435,2.0327731549313435,0.0,127
364560,1957,3.0094430809885804,3.0094430809885804,0.0,84
364671,1958,3.2934647623580227,2.8734647623580227,14.0,111
364859,1959,2.6094265964314034,2.6094265964314034,0.0,188
364944,1960,2.6733024128997327,2.163302412899732,17.0,85
365820,1961,2.103263233894337,-1.2267367661056636,111.0,876
365912,1962,3.299185203043613,3.2391852030436135,2.0,92
366685,1963,2.206707779056752,0.9767077790567515,41.0,773
366801,1964,2.190335273053274,2.190335273053274,0.0,116
366845,1965,1.7347420658567356,1.7347420658567356,0.0,44
366946,1966,1.5136117106880043,1.5136117106880043,0.0,101
367946,1967,0.04662970445306858,0.04662970445306858,0.0,1000
368946,1968,0.05787375963344843,0.05787375963344843,0.0,1000
369042,1969,2.7290181973280676,2.219018197328067,17.0,96
369170,1970,3.246615245708921,2.9766152457089206,9.0,128
369217,1971,2.0009618386029384,2.0009618386029384,0.0,47
369368,1972,2.419191336231956,0.859191336231955,52.0,151
369516,1973,2.4694265177367183,2.4694265177367183,0.0,148
369550,1974,1.5446998851715146,1.5446998851715146,0.0,34
370550,1975,-0.14810008022672072,-0.14810008022672072,0.0,1000
370604,1976,2.2374379894299583,2.117437989429958,4.0,54
370658,1977,2.1841668250814794,2.1241668250814794,2.0,54
370704,1978,1.93668544340502,1.93668544340502,0.0,46
371704,1979,1.4991757100083036,-6.9908242899916715,283.0,1000
371848,1980,3.4310904031586467,3.371090403158647,2.0,144
371966,1981,2.86139902502991,1.81139902502991,35.0,118
372117,1982,2.4753277365926274,2.4753277365926274,0.0,151
372183,1983,1.8931374507010317,1.8931374507010317,0.0,66
372454,1984,2.5361836485122504,2.14618364851225,13.0,271
372923,1985,2.0118907140043083,1.7418907140043083,9.0,469
372947,1986,1.2615093943792717,1.2615093943792717,0.0,24
372989,1987,1.3669495322349208,1.3669495322349208,0.0,42
373073,1988,2.935199622503168,2.515199622503168,14.0,84
373221,1989,2.7284936771054253,2.1884936771054257,18.0,148
373354,1990,1.872765650082884,1.6927656500828838,6.0,133
373428,1991,2.790748387350018,2.700748387350018,3.0,74
373477,1992,1.983434088611812,1.683434088611812,10.0,49
373565,1993,2.1116157855562605,2.1116157855562605,0.0,88
373751,1994,3.443612494243365,2.3336124942433636,37.0,186
373827,1995,2.8095716578907375,2.1795716578907367,21.0,76
373969,1996,2.0865536129561297,1.3365536129561302,25.0,142
374038,1997,2.6322801898289834,2.6322801898289834,0.0,69
374073,1998,1.5951417229920655,1.5951417229920655,0.0,35
374220,1999,2.5278119039213403,2.4978119039213404,1.0,147
374307,2000,3.115395441652149,2.7553954416521496,12.0,87
374425,2001,2.788227610543019,2.188227610543018,20.0,118
374575,2002,3.4201066149955044,3.1501066149955044,9.0,150
374661,2003,3.044204270321192,2.564204270321191,16.0,86
374724,2004,2.4630159905308866,2.0730159905308865,13.0,63
374769,2005,1.901367053150205,1.5713670531502046,11.0,45
374831,2006,2.3321553453311745,2.3321553453311745,0.0,62
374891,2007,2.288722399893814,2.288722399893814,0.0,60
375675,2008,2.8922057196149007,0.7622057196149038,71.0,784
375918,2009,4.138410873469551,2.0684108734695514,69.0,243
376918,2010,-0.939298508882243,-0.939298508882243,0.0,1000
377118,2011,2.7174309773145477,1.7574309773145471,32.0,200
377218,2012,2.812573918285541,2.812573918285541,0.0,100
377319,2013,3.2301754332255292,2.450175433225528,26.0,101
377437,2014,1.9174264864954211,1.5574264864954208,12.0,118
377623,2015,2.671086312724864,2.581086312724864,3.0,186
378623,2016,0.3211746987170696,0.3211746987170696,0.0,1000
378688,2017,2.4814252721466747,2.3314252721466744,5.0,65
378742,2018,2.119102716861359,2.119102716861359,0.0,54
378796,2019,1.7403909914686844,1.7403909914686844,0.0,54
378862,2020,2.592305751620037,2.4123057516200372,6.0,66
379102,2021,2.326326401971677,1.6963264019716773,21.0,240
379404,2022,2.1221502255104574,1.372150225510457,25.0,302
379525,2023,1.9623345130714933,1.9623345130714933,0.0,121
379624,2024,2.8341203381500515,2.8341203381500515,0.0,99
379776,2025,2.287242038016746,2.287242038016746,0.0,152
379882,2026,2.4001250786852593,2.040125078685259,12.0,106
380882,2027,0.06597996662609429,-14.544020033373874,487.0,1000
380916,2028,1.5306557037124509,1.5306557037124509,0.0,34
381011,2029,2.6848997122753477,2.114899712275348,19.0,95
381080,2030,2.60039673846525,2.09039673846525,17.0,69
382080,2031,-3.835303557693661,-3.835303557693661,0.0,1000
382136,2032,2.1794096481265006,2.0294096481265003,5.0,56
382261,2033,1.7312215848243413,0.29122158482434046,48.0,125
382402,2034,2.010978395126926,1.920978395126926,3.0,141
382472,2035,2.5933002501359166,2.5933002501359166,0.0,70
382597,2036,1.6293770126446847,1.2993770126446846,11.0,125
382651,2037,1.9965817826489296,1.9965817826489296,0.0,54
382759,2038,1.3459805166947512,1.3459805166947512,0.0,108
382854,2039,1.569230764042599,1.569230764042599,0.0,95
383854,2040,-0.45010041411529045,-16.800100414115295,545.0,1000
383917,2041,2.297307555099725,2.147307555099725,5.0,63
383947,2042,1.409041365073827,1.409041365073827,0.0,30
384005,2043,2.1216002630083484,1.431600263008348,23.0,58
384101,2044,1.4199886069292538,0.5499886069292536,29.0,96
384225,2045,3.8008268839803074,3.7108268839803067,3.0,124
384322,2046,2.9448276955401838,2.9448276955401838,0.0,97
384388,2047,2.5658625610705474,2.1158625610705473,15.0,66
384468,2048,2.823686587674211,2.583686587674211,8.0,80
384498,2049,1.4431534519966793,1.4431534519966793,0.0,30
384625,2050,2.4734679289459827,1.9034679289459828,19.0,127
384983,2051,3.6570649802954494,2.2170649802954476,48.0,358
385225,2052,3.4548494611993723,3.304849461199372,5.0,242
385270,2053,1.9245355682555827,1.9245355682555827,0.0,45
385342,2054,2.6943901579994165,2.6643901579994163,1.0,72
385481,2055,2.2830749729548208,1.4130749729548207,29.0,139
385583,2056,2.6969313719944252,2.036931371994424,22.0,102
386583,2057,-0.7419261686646288,-5.241926168664616,150.0,1000
386704,2058,2.9062248095908494,2.60622480959085,10.0,121
386741,2059,1.6371253105980135,1.6371253105980135,0.0,37
386860,2060,1.8782579502696084,1.8182579502696083,2.0,119
386924,2061,2.555199447276031,2.555199447276031,0.0,64
387924,2062,-0.2644311665766299,-0.2644311665766299,0.0,1000
388080,2063,3.1659985354316795,3.1659985354316795,0.0,156
388264,2064,2.9078968919169403,2.75789689191694,5.0,184
388372,2065,3.2783911711180527,2.5283911711180513,25.0,108
388493,2066,1.5045588187273173,1.5045588187273173,0.0,121
388541,2067,2.0139207940446964,2.0139207940446964,0.0,48
388875,2068,2.4907124438766077,-1.4092875561233926,130.0,334
389029,2069,2.627113962469145,2.207113962469146,14.0,154
389119,2070,1.540814223326937,0.4908142233269367,35.0,90
389391,2071,2.6179819172727457,2.257981917272745,12.0,272
389426,2072,1.6050689785517473,1.6050689785517473,0.0,35
389482,2073,2.2690137222979407,2.2690137222979407,0.0,56
389576,2074,2.2343717556956157,1.5743717556956152,22.0,94
389601,2075,1.3185333101611891,1.3185333101611891,0.0,25
389737,2076,2.7993547109265053,1.6593547109265054,38.0,136
389777,2077,1.7184951852578627,1.7184951852578627,0.0,40
389827,2078,1.9631526470020428,1.9631526470020428,0.0,50
389983,2079,2.8302503099740512,1.9002503099740504,31.0,156
390077,2080,2.497564776450175,2.497564776450175,0.0,94
390173,2081,3.4884214277220322,3.4884214277220322,0.0,96
390216,2082,1.3987820289947617,1.3987820289947617,0.0,43
390269,2083,2.1700765924462453,1.810076592446245,12.0,53
390379,2084,1.3506898826271234,1.2006898826271233,5.0,110
390437,2085,2.189902864965301,2.039902864965301,5.0,58
390551,2086,2.91821755752627,2.0782175575262696,28.0,114
390748,2087,2.5234022060926575,2.2834022060926564,8.0,197
390851,2088,2.6379884753477927,2.337988475347792,10.0,103
390972,2089,2.102398536260048,2.102398536260048,0.0,121
390997,2090,1.285184547322605,1.285184547322605,0.0,25
391278,2091,2.8926712437447852,2.7426712437447853,5.0,281
392278,2092,0.8471399752977278,-5.962860024702263,227.0,1000
392401,2093,2.1226148590151164,1.5826148590151163,18.0,123
392569,2094,2.56700412347714,1.7570041234771396,27.0,168
392647,2095,1.6474430747686695,1.6474430747686695,0.0,78
392784,2096,2.232234318008412,1.9922343180084119,8.0,137
392922,2097,2.128172588877623,1.7381725888776227,13.0,138
392969,2098,1.374007216411983,1.374007216411983,0.0,47
393076,2099,1.3816164418462313,1.3816164418462313,0.0,107
393206,2100,1.9888268421376312,1.9288268421376311,2.0,130
393511,2101,2.593419662564658,2.593419662564658,0.0,305
393636,2102,2.074531006199752,1.9845310061997528,3.0,125
393797,2103,3.7863209728871086,3.516320972887108,9.0,161
394250,2104,3.0942902698375,2.794290269837499,10.0,453
394350,2105,1.6092727312467168,1.6092727312467168,0.0,100
394383,2106,1.483917776413857,1.483917776413857,0.0,33
394546,2107,3.019514628942554,2.269514628942555,25.0,163
394708,2108,2.2168970529206886,0.7168970529206882,50.0,162
394974,2109,3.8330704029638167,3.6230704029638168,7.0,266
395052,2110,2.8589260194855384,2.8589260194855384,0.0,78
395088,2111,1.6066992633487234,1.6066992633487234,0.0,36
395180,2112,3.1931311557860202,3.0731311557860206,4.0,92
395237,2113,2.1525520260055133,1.942552026005513,7.0,57
395382,2114,4.112835842406362,3.0028358424063604,37.0,145
395473,2115,1.346274723945562,1.346274723945562,0.0,91
395771,2116,3.1372687964754293,2.0872687964754286,35.0,298
395930,2117,2.715741226525001,2.205741226525001,17.0,159
396066,2118,2.215388965624026,2.155388965624026,2.0,136
396249,2119,1.7391514952994083,1.7391514952994083,0.0,183
396331,2120,1.5857210603054146,1.5257210603054145,2.0,82
396425,2121,2.5609150467587156,2.170915046758716,13.0,94
396467,2122,1.8237585942025039,1.8237585942025039,0.0,42
396581,2123,2.4358539646408373,2.2558539646408367,6.0,114
396627,2124,1.8971575406393915,1.6571575406393912,8.0,46
396712,2125,1.4210092656941924,1.4210092656941924,0.0,85
397712,2126,1.3821816228199473,-12.327818377180035,457.0,1000
397876,2127,2.4834836404030343,2.4834836404030343,0.0,164
397958,2128,2.9688083968436874,2.5788083968436877,13.0,82
398041,2129,2.3717550415736683,2.3717550415736683,0.0,83
398117,2130,2.4247047389533294,2.0647047389533286,12.0,76
398199,2131,3.0354390929980317,2.7654390929980313,9.0,82
398322,2132,2.0616302815150203,2.0316302815150205,1.0,123
398421,2133,1.5361955102902947,1.3261955102902947,7.0,99
398485,2134,2.478237553717084,2.178237553717084,10.0,64
399485,2135,1.4725087448654486,-15.177491255134552,555.0,1000
399536,2136,1.9071441203432777,1.9071441203432777,0.0,51
399561,2137,1.3101858766443764,1.3101858766443764,0.0,25
399646,2138,2.726665909569158,2.426665909569158,10.0,85
399738,2139,2.72371454543398,2.72371454543398,0.0,92
400738,2140,0.06827101014418568,0.06827101014418568,0.0,1000
400809,2141,2.570967722966323,2.150967722966322,14.0,71
400922,2142,2.730117919823422,2.070117919823421,22.0,113
401037,2143,1.3864464524580165,1.3864464524580165,0.0,115
401142,2144,1.9042763127353823,1.9042763127353823,0.0,105
401213,2145,2.5066352649819725,2.146635264981973,12.0,71
401261,2146,1.4384131195975909,1.4384131195975909,0.0,48
401500,2147,1.6548700772967064,1.2948700772967063,12.0,239
401566,2148,2.3692625261075957,2.0092625261075954,12.0,66
401804,2149,2.56949279291722,2.5394927929172204,1.0,238
401890,2150,3.0843783174399073,3.054378317439907,1.0,86
401989,2151,1.661599815015441,1.661599815015441,0.0,99
402290,2152,3.2856960403336863,2.4756960403336867,27.0,301
402366,2153,2.7594128918060528,2.2794128918060523,16.0,76
402788,2154,3.633089289604824,3.0630892896048247,19.0,422
402871,2155,3.169519541620325,2.779519541620325,13.0,83
402981,2156,3.443474494393377,3.143474494393378,10.0,110
403025,2157,1.900762615285278,1.8707626152852779,1.0,44
403212,2158,2.0278527006596896,1.9378527006596897,3.0,187
403340,2159,2.166344811754864,1.8663448117548636,10.0,128
403508,2160,2.3142991400444317,0.9642991400444314,45.0,168
403535,2161,1.3274695419180906,1.3274695419180906,0.0,27
403631,2162,3.370318262685992,2.7703182626859926,20.0,96
403696,2163,2.4444837199699894,2.4444837199699894,0.0,65
403768,2164,1.7729440075808998,1.7729440075808998,0.0,72
404768,2165,-0.37816127495051255,-0.5281612749505127,5.0,1000
404938,2166,1.8773395071698626,1.7873395071698626,3.0,170
405094,2167,2.733437174233945,2.733437174233945,0.0,156
405174,2168,2.2481760608069545,2.0981760608069546,5.0,80
406174,2169,0.8199964718601745,-2.420003528139825,108.0,1000
406255,2170,2.4403179184376036,2.4403179184376036,0.0,81
406372,2171,2.8548524623186293,2.734852462318629,4.0,117
407125,2172,2.169901014777988,-0.230098985222009,80.0,753
407584,2173,3.4606250561470686,2.4706250561470675,33.0,459
407625,2174,1.627504994335585,1.627504994335585,0.0,41
407733,2175,1.801392371567479,1.801392371567479,0.0,108
407836,2176,3.647790628235945,3.5877906282359446,2.0,103
407941,2177,3.727021556640697,3.427021556640696,10.0,105
407996,2178,1.9916565010664318,1.9916565010664318,0.0,55
408416,2179,3.544671382895765,0.0946713828957626,115.0,420
408700,2180,2.4479075762160205,2.0279075762160206,14.0,284
408999,2181,3.173633286297659,2.213633286297658,32.0,299
409038,2182,1.7587187160973614,1.7587187160973614,0.0,39
409112,2183,2.7149878641370053,2.444987864137005,9.0,74
409194,2184,2.917872763410843,2.677872763410843,8.0,82
409254,2185,1.9360451439731068,1.7860451439731067,5.0,60
409318,2186,2.420239995054567,2.390239995054567,1.0,64
409475,2187,2.9410717271551046,1.5610717271551038,46.0,157
409528,2188,2.192561036489043,2.042561036489043,5.0,53
409582,2189,2.1221444217501273,2.0921444217501275,1.0,54
409668,2190,2.5208149751901123,2.5208149751901123,0.0,86
409743,2191,2.098304116828449,2.098304116828449,0.0,75
409888,2192,2.490728003699448,2.490728003699448,0.0,145
410580,2193,3.4932178554622233,0.9732178554622228,84.0,692
410659,2194,2.921979600397204,2.861979600397204,2.0,79
410886,2195,3.1839415984203012,3.0939415984203014,3.0,227
410949,2196,2.238294707356957,1.7582947073569568,16.0,63
411022,2197,2.5898044010450514,2.5898044010450514,0.0,73
411077,2198,1.3855669927597232,1.3855669927597232,0.0,55
411120,2199,1.536937536663741,1.536937536663741,0.0,43
411144,2200,1.2574216673779188,1.2574216673779188,0.0,24
411182,2201,1.3846255026733867,1.3846255026733867,0.0,38
411293,2202,1.829774424141435,1.829774424141435,0.0,111
411445,2203,3.6540669078645363,3.234066907864537,14.0,152
411592,2204,2.044401362104699,1.7444013621046985,10.0,147
411900,2205,2.6736065760131327,2.6736065760131327,0.0,308
411976,2206,1.4182573911750436,1.4182573911750436,0.0,76
412976,2207,0.46378159219608905,-28.366218407803903,961.0,1000
413976,2208,-0.3570545538896921,-0.3570545538896921,0.0,1000
414074,2209,3.2090948886889334,2.9990948886889335,7.0,98
414188,2210,1.9601491039819345,1.9001491039819345,2.0,114
414301,2211,2.6037999289327027,2.213799928932703,13.0,113
414368,2212,2.4382149860217903,2.1082149860217907,11.0,67
414455,2213,3.046660103429187,2.4466601034291866,20.0,87
414498,2214,1.4397538832325067,1.4397538832325067,0.0,43
414563,2215,2.5175798043780135,2.3075798043780136,7.0,65
414664,2216,3.144829070019646,3.144829070019646,0.0,101
414715,2217,1.3928210369511045,1.3928210369511045,0.0,51
414837,2218,1.8999360392581226,0.6099360392581219,43.0,122
414900,2219,2.5060091451224737,2.5060091451224737,0.0,63
415008,2220,1.664358281735967,1.664358281735967,0.0,108
415149,2221,2.9417270828573976,2.6117270828573975,11.0,141
415211,2222,1.737013326247165,1.737013326247165,0.0,62
415283,2223,2.4298894194854617,2.039889419485461,13.0,72
415358,2224,2.704985779808192,1.8949857798081915,27.0,75
415450,2225,2.4559255747888384,2.4559255747888384,0.0,92
415543,2226,3.196807856240133,3.1668078562401334,1.0,93
415587,2227,1.8425796370362193,1.8425796370362193,0.0,44
415661,2228,1.3478372567319028,1.3478372567319028,0.0,74
415893,2229,3.4084340621178573,2.628434062117857,26.0,232
416044,2230,2.5269940104825803,2.5269940104825803,0.0,151
416117,2231,2.6124885763878383,2.6124885763878383,0.0,73
416203,2232,1.9134393382124508,1.5834393382124508,11.0,86
416420,2233,2.0128459123135096,1.9828459123135098,1.0,217
416509,2234,1.9371948546792632,1.9371948546792632,0.0,89
416630,2235,1.9925273116220035,1.9925273116220035,0.0,121
417630,2236,2.071330811911925,-3.2086691880880727,176.0,1000
417701,2237,2.477319045270203,2.477319045270203,0.0,71
417828,2238,1.8780089816011856,1.8780089816011856,0.0,127
417893,2239,2.329266936503327,2.0292669365033267,10.0,65
418000,2240,3.5740826948718767,2.854082694871877,24.0,107
418144,2241,3.401774412629716,2.9217744126297154,16.0,144
418173,2242,1.3729941175768063,1.2829941175768063,3.0,29
418577,2243,3.0119007639202686,2.6219007639202685,13.0,404
418657,2244,2.9609127435755647,2.9309127435755644,1.0,80
418715,2245,2.2831494937293666,2.2531494937293663,1.0,58
418775,2246,2.248371628649738,1.6783716286497372,19.0,60
419110,2247,4.245318896023095,4.035318896023096,7.0,335
419165,2248,2.15850928375266,2.1285092837526602,1.0,55
419237,2249,2.704892471270517,2.3448924712705175,12.0,72
419288,2250,1.7523231500426748,1.722323150042675,1.0,51
419379,2251,3.113407654132275,2.783407654132275,11.0,91
419523,2252,1.9138443795293925,1.9138443795293925,0.0,144
419646,2253,2.3117027639386194,2.161702763938619,5.0,123
419709,2254,2.382197417821547,2.3521974178215466,1.0,63
419787,2255,2.861309814912989,2.8013098149129885,2.0,78
419914,2256,1.9705588492191297,0.7705588492191292,40.0,127
419999,2257,3.091557921742873,2.341557921742872,25.0,85
420102,2258,1.4647250889473085,1.4647250889473085,0.0,103
420157,2259,1.7188571808616946,1.7188571808616946,0.0,55
420238,2260,2.4594561581776015,2.1594561581776013,10.0,81
420323,2261,2.662327133997784,2.3923271339977843,9.0,85
421323,2262,-1.7579902210194551,-2.327990221019456,19.0,1000
421377,2263,2.130107023506494,2.130107023506494,0.0,54
421444,2264,2.482590010660216,2.3025900106602153,6.0,67
421557,2265,2.606391759094167,2.606391759094167,0.0,113
421752,2266,2.068101959730745,1.3781019597307451,23.0,195
421839,2267,1.5760852084085006,1.5760852084085006,0.0,87
422063,2268,3.0124837361111343,1.5124837361111334,50.0,224
422201,2269,1.997412212811249,1.4874122128112486,17.0,138
422243,2270,1.7838375522543546,1.4538375522543545,11.0,42
422327,2271,3.2547945723541334,3.2247945723541336,1.0,84
422515,2272,3.0570741124486602,2.69707411244866,12.0,188
422575,2273,2.390562758325394,2.300562758325394,3.0,60
422679,2274,3.320474956089367,3.290474956089368,1.0,104
422760,2275,2.95694187759277,2.7469418775927705,7.0,81
422847,2276,2.9307910464084133,2.570791046408413,12.0,87
423847,2277,-1.6785149062352662,-1.6785149062352662,0.0,1000
423954,2278,1.5857191591941722,1.5857191591941722,0.0,107
424048,2279,2.5213690542558993,2.5213690542558993,0.0,94
424178,2280,2.0653118471255008,2.035311847125501,1.0,130
424224,2281,1.579069276497631,1.579069276497631,0.0,46
424331,2282,1.4984639646472278,0.5384639646472271,32.0,107
424387,2283,2.175282236072378,2.175282236072378,0.0,56
424506,2284,2.2381236587866216,2.2381236587866216,0.0,119
425506,2285,0.8817329022206444,0.6417329022206442,8.0,1000
425592,2286,3.170942755351607,2.9909427553516075,6.0,86
425693,2287,2.968810001530535,2.518810001530535,15.0,101
425815,2288,2.29792516122724,2.29792516122724,0.0,122
425945,2289,3.220703505346332,2.830703505346332,13.0,130
425992,2290,1.937467107090096,1.877467107090096,2.0,47
426041,2291,1.9914033664075395,1.9914033664075395,0.0,49
426235,2292,2.953824899346058,2.6538248993460574,10.0,194
426486,2293,3.5496410221933816,3.3396410221933808,7.0,251
426621,2294,2.191005194351226,2.191005194351226,0.0,135
426681,2295,1.945750190054702,1.705750190054702,8.0,60
426731,2296,1.9635295863768507,1.9635295863768507,0.0,50
426774,2297,1.8294712178460326,1.8294712178460326,0.0,43
426971,2298,1.8358753986139562,1.0558753986139562,26.0,197
427058,2299,2.9585455585745706,2.7185455585745704,8.0,87
427144,2300,2.2006392175101963,2.050639217510197,5.0,86
427233,2301,2.8331405794520794,2.773140579452079,2.0,89
427337,2302,3.5434345779421412,2.5834345779421413,32.0,104
427472,2303,2.3703169606701326,2.2503169606701325,4.0,135
427578,2304,1.768975699526011,1.3189756995260107,15.0,106
427646,2305,2.2768476937849114,2.2768476937849114,0.0,68
427738,2306,3.2057462313561107,2.8457462313561104,12.0,92
427775,2307,1.576233118309672,1.576233118309672,0.0,37
427801,2308,1.322315320133427,1.322315320133427,0.0,26
427981,2309,2.5998153040505145,2.179815304050514,14.0,180
428222,2310,2.407943562456931,1.9279435624569308,16.0,241
428295,2311,1.880571462451968,1.880571462451968,0.0,73
428343,2312,1.8609597713796542,1.8609597713796542,0.0,48
428377,2313,1.3323513382002576,1.3323513382002576,0.0,34
428507,2314,1.4507241051567457,1.4507241051567457,0.0,130
428659,2315,2.7031487500896647,2.6431487500896647,2.0,152
428686,2316,1.3410826521524537,1.3410826521524537,0.0,27
428803,2317,1.6481430189588244,1.3481430189588244,10.0,117
428907,2318,3.4328347293592887,2.9828347293592894,15.0,104
428996,2319,1.3741239316574037,1.3741239316574037,0.0,89
429169,2320,1.9417856557306368,1.5817856557306367,12.0,173
429308,2321,1.9697386258142868,1.9697386258142868,0.0,139
429385,2322,2.0106323898961707,2.0106323898961707,0.0,77
429537,2323,2.417139034315923,2.087139034315924,11.0,152
429637,2324,2.1867165568441687,2.1867165568441687,0.0,100
430637,2325,-1.0382228890438445,-1.4282228890438446,13.0,1000
430770,2326,2.2454962699351233,1.015496269935123,41.0,133
430829,2327,2.289452625972987,2.259452625972987,1.0,59
430895,2328,1.4647876587241253,1.3747876587241254,3.0,66
431064,2329,3.593880447977166,3.293880447977166,10.0,169
431100,2330,1.6385911140148504,1.4885911140148504,5.0,36
432100,2331,-0.1365479333172317,-1.4565479333172326,44.0,1000
432143,2332,1.834767930797227,1.834767930797227,0.0,43
432353,2333,2.444250742693172,2.3842507426931716,2.0,210
432424,2334,2.3314166945137282,2.0014166945137286,11.0,71
432476,2335,1.4729901061959574,1.4729901061959574,0.0,52
432552,2336,2.835217496374282,2.835217496374282,0.0,76
432611,2337,2.1365714810230916,1.806571481023091,11.0,59
432674,2338,1.8718884111400707,1.8418884111400704,1.0,63
432809,2339,1.7013857347119332,1.7013857347119332,0.0,135
432901,2340,3.1970845735684583,2.9270845735684587,9.0,92
433115,2341,2.3112708961049364,2.3112708961049364,0.0,214
433210,2342,2.8088734210465094,2.68887342104651,4.0,95
433383,2343,2.114867492035841,1.9648674920358407,5.0,173
433442,2344,2.326324836332848,1.9963248363328476,11.0,59
433488,2345,1.9982662100094108,1.9982662100094108,0.0,46
433566,2346,2.6829445646874324,2.2329445646874326,15.0,78
433605,2347,1.5003955311279495,1.5003955311279495,0.0,39
434130,2348,1.702501683151062,-0.3674983168489374,69.0,525
434227,2349,1.7073163793713455,1.6473163793713455,2.0,97
434260,2350,1.5125488657803157,1.5125488657803157,0.0,33
434328,2351,1.8966770851741206,1.6266770851741208,9.0,68
434393,2352,2.4675577995255003,2.4675577995255003,0.0,65
434452,2353,2.255175965868461,2.255175965868461,0.0,59
434920,2354,3.8257100708444343,-0.7342899291555676,152.0,468
435920,2355,0.7329087231366929,0.7029087231366928,1.0,1000
436409,2356,1.7445353533247376,-0.08546464667526288,61.0,489
436458,2357,2.069577809917059,1.6795778099170589,13.0,49
436552,2358,3.1770995538020115,2.8770995538020117,10.0,94
436608,2359,1.872636247797136,1.872636247797136,0.0,56
436680,2360,2.667761585241981,2.667761585241981,0.0,72
436716,2361,1.6097510354057203,1.6097510354057203,0.0,36
436761,2362,1.9029794949111243,1.9029794949111243,0.0,45
436789,2363,1.3754133381593054,1.3754133381593054,0.0,28
436900,2364,2.905531775669618,2.3955317756696193,17.0,111
436949,2365,1.6640395343037127,1.6640395343037127,0.0,49
436985,2366,1.6316118026027948,1.6316118026027948,0.0,36
437067,2367,3.044197027204071,3.044197027204071,0.0,82
437148,2368,3.0530114698906328,2.693011469890633,12.0,81
437184,2369,1.6293080542670249,1.6293080542670249,0.0,36
437244,2370,2.3778973103568593,2.0478973103568587,11.0,60
437331,2371,1.6987142187664763,1.6987142187664763,0.0,87
437462,2372,2.2816169921410783,2.0116169921410787,9.0,131
437580,2373,1.8663073015215506,1.8063073015215505,2.0,118
437712,2374,2.543909246451251,2.543909246451251,0.0,132
437790,2375,2.9034921451939466,2.8734921451939464,1.0,78
438210,2376,1.911227659572493,-1.208772340427506,104.0,420
438500,2377,3.606397847548962,2.5563978475489604,35.0,290
438554,2378,1.8846737801740505,1.7946737801740504,3.0,54
438791,2379,2.026922124648941,0.34692212464894023,56.0,237
438936,2380,1.992667987556099,1.1526679875560988,28.0,145
438991,2381,2.21298678175666,2.21298678175666,0.0,55
439326,2382,4.027160835751769,2.587160835751769,48.0,335
439442,2383,3.7462384915768965,3.2362384915768967,17.0,116
439515,2384,2.211457726199283,2.211457726199283,0.0,73
439647,2385,1.846823059025994,0.826823059025994,34.0,132
439740,2386,1.87905145718674,1.5190514571867402,12.0,93
439789,2387,1.9100896359118977,1.9100896359118977,0.0,49
439844,2388,1.800824245589841,1.2608242455898409,18.0,55
439994,2389,1.9152249287325473,1.645224928732547,9.0,150
440099,2390,3.0583421462815075,3.0583421462815075,0.0,105
440177,2391,1.8797309369039907,1.8797309369039907,0.0,78
440260,2392,2.471803030030115,2.411803030030115,2.0,83
440342,2393,1.81087004179791,1.81087004179791,0.0,82
440415,2394,2.347092949032284,2.347092949032284,0.0,73
440450,2395,1.2809894442114351,1.2809894442114351,0.0,35
440608,2396,2.633854726936172,2.243854726936172,13.0,158
440693,2397,2.851056149922746,2.851056149922746,0.0,85
440763,2398,1.6345591105127535,1.6345591105127535,0.0,70
440883,2399,3.712906646247336,3.292906646247335,14.0,120
440921,2400,1.6456614354808947,1.6456614354808947,0.0,38
440995,2401,2.7766172572825996,2.7766172572825996,0.0,74
441092,2402,1.3883003202264275,1.3883003202264275,0.0,97
441212,2403,2.345982317987537,2.1659823179875373,6.0,120
441453,2404,2.1048878905452035,1.8948878905452033,7.0,241
441551,2405,2.5260066634454486,2.316006663445448,7.0,98
441620,2406,2.5974193284963336,2.447419328496334,5.0,69
441710,2407,3.39648250035948,3.3664825003594796,1.0,90
441836,2408,2.3229309978828345,1.7529309978828347,19.0,126
441935,2409,3.596877214422164,3.236877214422164,12.0,99
441978,2410,1.8822687268654978,1.8822687268654978,0.0,43
442978,2411,0.024955892877227326,-0.6650441071227732,23.0,1000
443075,2412,1.9142145069964287,1.9142145069964287,0.0,97
443156,2413,1.3362648778539312,1.3362648778539312,0.0,81
443323,2414,2.6392288977981675,2.339228897798167,10.0,167
443493,2415,1.2989449054437503,1.2089449054437504,3.0,170
444101,2416,3.464783541963306,-1.0652164580366907,151.0,608
444141,2417,1.655147779293941,1.655147779293941,0.0,40
444217,2418,2.0738499855390407,1.9838499855390406,3.0,76
444355,2419,2.5761711323099985,2.216171132309999,12.0,138
444476,2420,1.373999187974334,0.9839991879743339,13.0,121
444656,2421,4.347358845640246,3.1173588456402426,41.0,180
445652,2422,2.135400795676624,1.1154007956766234,34.0,996
445989,2423,1.6949938620456089,-2.625006137954389,144.0,337
446304,2424,3.1648784681913886,2.594878468191388,19.0,315
446389,2425,2.278551501974184,2.278551501974184,0.0,85
446480,2426,3.136475398635799,3.136475398635799,0.0,91
446600,2427,2.419151187089734,2.419151187089734,0.0,120
446736,2428,3.7285765744494004,3.278576574449401,15.0,136
446791,2429,1.559078027640457,1.559078027640457,0.0,55
446938,2430,2.635424601314562,2.635424601314562,0.0,147
447018,2431,1.3462907198581364,1.3462907198581364,0.0,80
447147,2432,2.04477028030092,1.9547702803009197,3.0,129
447225,2433,1.3078901541325219,0.2578901541325219,35.0,78
447412,2434,1.7971161271529237,1.7971161271529237,0.0,187
447458,2435,1.9211558738949355,1.9211558738949355,0.0,46
447595,2436,3.493901939291673,3.493901939291673,0.0,137
448064,2437,2.633677764113301,-1.536322235886701,139.0,469
448120,2438,2.244981672780816,2.244981672780816,0.0,56
448275,2439,2.5868980660287972,1.206898066028796,46.0,155
448375,2440,1.7137177241576595,1.6837177241576593,1.0,100
449145,2441,4.068491560022222,-13.69150843997778,592.0,770
449195,2442,1.8624757459923695,1.8624757459923695,0.0,50
449276,2443,2.968337467719433,2.6983374677194334,9.0,81
449325,2444,1.9005586118906161,1.8705586118906161,1.0,49
449427,2445,1.7076496424613077,1.7076496424613077,0.0,102
450427,2446,0.039671602203783074,0.009671602203783075,1.0,1000
450475,2447,1.4766070496430275,1.4766070496430275,0.0,48
450980,2448,1.8337555727093462,-1.1962444272906536,101.0,505
451087,2449,2.1234505523350444,1.4034505523350442,24.0,107
451134,2450,1.931659479121292,1.931659479121292,0.0,47
451172,2451,1.732763679009397,1.732763679009397,0.0,38
451224,2452,1.868062674994918,1.508062674994918,12.0,52
451263,2453,1.6735407966652673,1.6735407966652673,0.0,39
451323,2454,2.3049335055807987,2.3049335055807987,0.0,60
451394,2455,2.6772178798363613,2.6772178798363613,0.0,71
451532,2456,2.234100934706093,2.234100934706093,0.0,138
451561,2457,1.4742359185354943,1.4742359185354943,0.0,29
451628,2458,2.374188806477973,2.374188806477973,0.0,67
451730,2459,3.424373039679387,3.3643730396793865,2.0,102
451806,2460,2.7467951056485074,2.7167951056485076,1.0,76
451893,2461,2.7295581472245303,2.30955814722453,14.0,87
451981,2462,3.0009781500426707,3.0009781500426707,0.0,88
452035,2463,1.6381410177465203,1.6381410177465203,0.0,54
452084,2464,2.041340872081709,2.041340872081709,0.0,49
452172,2465,3.1453448194008526,2.785344819400853,12.0,88
452409,2466,1.938169465876875,0.9181694658768746,34.0,237
452822,2467,2.213815462811519,-2.1661845371884767,146.0,413
452864,2468,1.852232231654035,1.672232231654035,6.0,42
453009,2469,2.3185483599902583,1.2685483599902576,35.0,145
453111,2470,3.680562592342899,3.470562592342898,7.0,102
453177,2471,1.844714479457703,1.1847144794577034,22.0,66
453298,2472,2.078819338383659,2.078819338383659,0.0,121
453345,2473,1.9303066146399959,1.9303066146399959,0.0,47
453505,2474,3.6260800821070225,3.5360800821070226,3.0,160
453610,2475,3.462435056197827,3.462435056197827,0.0,105
453688,2476,2.994389670815896,2.964389670815896,1.0,78
453771,2477,1.8081661922111356,1.3881661922111357,14.0,83
453974,2478,2.753030131024567,2.333030131024567,14.0,203
454069,2479,3.2233467654700405,2.95334676547004,9.0,95
454160,2480,3.4327147780078517,3.4327147780078517,0.0,91
454256,2481,2.894576080610086,2.2345760806100863,22.0,96
454292,2482,1.5508019285956829,1.5508019285956829,0.0,36
454437,2483,2.602771208817251,2.452771208817251,5.0,145
455437,2484,-0.18808277353468172,-0.18808277353468172,0.0,1000
455534,2485,1.6294135837798631,1.6294135837798631,0.0,97
455642,2486,3.307209368736089,3.187209368736088,4.0,108
456642,2487,0.6752654502445204,-13.604734549755452,476.0,1000
456703,2488,2.4241309064981458,2.4241309064981458,0.0,61
456825,2489,1.5241491422794864,1.5241491422794864,0.0,122
456912,2490,2.8269013024289613,2.8269013024289613,0.0,87
456971,2491,2.3094561942234604,1.9194561942234598,13.0,59
457033,2492,2.2827221292972375,2.2827221292972375,0.0,62
457244,2493,2.172868520307272,2.172868520307272,0.0,211
457367,2494,2.092880927468671,2.092880927468671,0.0,123
457420,2495,2.052350579366736,2.052350579366736,0.0,53
457466,2496,1.909870581895564,1.909870581895564,0.0,46
457534,2497,2.6457920126732044,2.345792012673204,10.0,68
457637,2498,3.0466727364157706,3.0466727364157706,0.0,103
458149,2499,2.838839262068258,-7.601160737931728,348.0,512
458253,2500,2.145136674516394,1.1851366745163938,32.0,104
458303,2501,2.0723223362920646,2.0723223362920646,0.0,50
458370,2502,1.850440882173041,1.850440882173041,0.0,67
458458,2503,3.213209597376485,2.883209597376484,11.0,88
458559,2504,2.7807183730930367,2.7507183730930365,1.0,101
458662,2505,2.5219261322123137,2.5219261322123137,0.0,103
458706,2506,1.846557306011631,1.846557306011631,0.0,44
458919,2507,3.5769563820981736,1.356956382098173,74.0,213
459065,2508,1.3596109009442707,1.3296109009442705,1.0,146
460065,2509,0.2941154501081238,-20.435884549891888,691.0,1000
460307,2510,3.6557765276167338,3.325776527616733,11.0,242
460434,2511,2.0450676843672806,1.6850676843672803,12.0,127
460553,2512,1.8693680140575442,1.8693680140575442,0.0,119
460705,2513,2.662177006515681,1.8521770065156806,27.0,152
460855,2514,2.7181086638832603,2.44810866388326,9.0,150
460909,2515,2.1041679663673047,2.1041679663673047,0.0,54
461026,2516,1.7789868836661331,1.6589868836661332,4.0,117
461152,2517,3.5953640304303445,3.5653640304303442,1.0,126
461343,2518,2.3195608257118483,1.9895608257118482,11.0,191
462246,2519,2.064351208043817,1.7343512080438166,11.0,903
462354,2520,1.3888185193431433,1.3888185193431433,0.0,108
462399,2521,1.5154261104943136,1.5154261104943136,0.0,45
462496,2522,1.394628044420388,1.394628044420388,0.0,97
462582,2523,3.096204114564259,3.0062041145642593,3.0,86
462676,2524,3.2368355901158203,3.2368355901158203,0.0,94
462787,2525,1.4562052520686393,1.4562052520686393,0.0,111
462885,2526,1.6637146880379448,1.6637146880379448,0.0,98
462976,2527,1.4569923272872458,1.4569923272872458,0.0,91
463041,2528,2.0964262483093936,1.9464262483093935,5.0,65
463133,2529,3.135109189994206,2.5351091899942064,20.0,92
463171,2530,1.602071007213496,1.602071007213496,0.0,38
464171,2531,-0.32882300684446664,-0.32882300684446664,0.0,1000
464250,2532,3.003736766500576,2.8537367665005755,5.0,79
464348,2533,2.9975940370804297,2.9975940370804297,0.0,98
465348,2534,1.1766686240574642,-15.5333313759425,557.0,1000
465433,2535,1.9336217336644177,1.7236217336644173,7.0,85
465463,2536,1.367193621106817,1.307193621106817,2.0,30
465558,2537,3.484802065262058,3.364802065262058,4.0,95
465674,2538,2.4722425927844376,2.1722425927844373,10.0,116
465870,2539,2.19331946984414,1.92331946984414,9.0,196
466142,2540,2.368231150189337,-1.7117688498106594,136.0,272
466327,2541,1.7670108502593584,-0.5729891497406421,78.0,185
466431,2542,3.499643370305125,3.469643370305125,1.0,104
466516,2543,2.850245414132094,2.7602454141320942,3.0,85
466575,2544,1.8186637871966274,1.6386637871966272,6.0,59
466632,2545,1.6456424386451565,1.3156424386451566,11.0,57
467453,2546,2.3471815235925666,2.317181523592567,1.0,821
467798,2547,2.937066687233246,1.497066687233246,48.0,345
467897,2548,1.2538407554337851,0.563840755433785,23.0,99
467974,2549,1.806942981776324,1.7169429817763244,3.0,77
468003,2550,1.4091342748382263,1.4091342748382263,0.0,29
468118,2551,2.7448133199450524,2.7448133199450524,0.0,115
468190,2552,2.776595423067777,2.776595423067777,0.0,72
468295,2553,3.055741205655215,2.7557412056552146,10.0,105
469295,2554,-0.6396851313675449,-0.6396851313675449,0.0,1000
469476,2555,3.021721978531083,3.021721978531083,0.0,181
469645,2556,2.950382694827975,2.1703826948279734,26.0,169
470645,2557,0.2853969325587008,-16.6946030674413,566.0,1000
470668,2558,1.2585449374741242,1.2585449374741242,0.0,23
470764,2559,2.7274194381535537,2.4574194381535537,9.0,96
470842,2560,2.2419202319379017,1.5819202319379018,22.0,78
470926,2561,2.457897905647574,2.3378979056475737,4.0,84
471926,2562,0.06986721318778533,0.06986721318778533,0.0,1000
472015,2563,3.197914641404426,3.197914641404426,0.0,89
472073,2564,2.3482260331338116,2.2582260331338113,3.0,58
472149,2565,2.607430853327789,2.30743085332779,10.0,76
472205,2566,2.3031233667194213,2.3031233667194213,0.0,56
472293,2567,2.9391487751476637,2.8191487751476636,4.0,88
472393,2568,1.705477539419271,1.5854775394192708,4.0,100
472462,2569,2.3367230116122606,1.8867230116122602,15.0,69
472526,2570,2.0070052446927065,2.0070052446927065,0.0,64
472613,2571,2.821325168583222,2.7913251685832225,1.0,87
472717,2572,1.9552288414243204,1.9552288414243204,0.0,104
472784,2573,2.6620238860184786,2.6620238860184786,0.0,67
473784,2574,0.7765926226622244,-15.873407377337758,555.0,1000
474101,2575,3.5593696843579123,3.5593696843579123,0.0,317
474333,2576,2.7930564533569466,1.3830564533569456,47.0,232
474451,2577,1.585462605505949,1.585462605505949,0.0,118
475451,2578,0.69130618517771,0.69130618517771,0.0,1000
475782,2579,2.3187894797706967,-0.231210520229302,85.0,331
475864,2580,1.3188120464877884,1.3188120464877884,0.0,82
475959,2581,1.334854644575647,1.334854644575647,0.0,95
476047,2582,2.439763316616312,2.4097633166163117,1.0,88
476813,2583,2.413615190849598,-5.386384809150402,260.0,766
477813,2584,0.04429140811414922,0.04429140811414922,0.0,1000
477891,2585,2.4165570491166912,2.4165570491166912,0.0,78
477963,2586,2.756584947272926,2.666584947272926,3.0,72
478098,2587,3.3788362926452735,3.048836292645274,11.0,135
478171,2588,2.1401538185058646,2.0801538185058646,2.0,73
478262,2589,3.313707420613998,2.9237074206139972,13.0,91
478299,2590,1.5908972265348411,1.5908972265348411,0.0,37
479299,2591,-0.3490993013743773,-0.3490993013743773,0.0,1000
480102,2592,3.8330404358031505,3.68304043580315,5.0,803
480242,2593,2.4552992569809957,2.2752992569809942,6.0,140
480336,2594,3.443227659851143,3.443227659851143,0.0,94
480369,2595,1.5144553584062246,1.5144553584062246,0.0,33
480463,2596,1.4994297333342426,1.4994297333342426,0.0,94
480523,2597,2.193137819536566,1.8331378195365655,12.0,60
480623,2598,2.34592414268216,1.38592414268216,32.0,100
480672,2599,1.6566551183728984,1.6566551183728984,0.0,49
480722,2600,2.071824058611977,1.6818240586119768,13.0,50
480811,2601,1.6672671869622488,1.6672671869622488,0.0,89
480911,2602,3.1825392700044284,2.612539270004429,19.0,100
480981,2603,2.243807593831611,2.093807593831611,5.0,70
481981,2604,0.290844394254155,-0.21915560574584506,17.0,1000
482090,2605,1.8378243065183542,1.777824306518354,2.0,109
482134,2606,1.588595478786834,1.588595478786834,0.0,44
482184,2607,1.7339609805092147,1.7339609805092147,0.0,50
482321,2608,2.534160741517792,2.534160741517792,0.0,137
483321,2609,-1.320107376696793,-1.320107376696793,0.0,1000
483404,2610,2.851012430683662,2.761012430683662,3.0,83
483993,2611,3.648019167146577,-6.641980832853429,343.0,589
484023,2612,1.378903486332726,1.378903486332726,0.0,30
485023,2613,-0.05028619523167466,-0.05028619523167466,0.0,1000
485146,2614,1.770092417889967,1.2900924178899666,16.0,123
485213,2615,2.576690362605663,2.3366903626056628,8.0,67
485433,2616,2.5018359984287954,1.8718359984287951,21.0,220
485513,2617,2.7836358468233158,2.6336358468233163,5.0,80
485665,2618,2.534883496172842,1.9048834961728418,21.0,152
485821,2619,1.8937365205456906,1.7437365205456905,5.0,156
485968,2620,2.084219176961562,1.3042191769615616,26.0,147
486008,2621,1.7758618707843694,1.4458618707843691,11.0,40
486200,2622,1.53645239099479,1.53645239099479,0.0,192
486227,2623,1.3057385488511142,1.3057385488511142,0.0,27
486378,2624,1.4412883837068537,1.4412883837068537,0.0,151
486513,2625,3.5706884259639486,2.4606884259639483,37.0,135
486648,2626,2.246175766566356,0.9861757665663553,42.0,135
487648,2627,0.6046659827106142,-15.385334017289377,533.0,1000
487755,2628,3.7298828948884033,3.519882894888405,7.0,107
488072,2629,2.4142858761847985,1.3642858761847982,35.0,317
489072,2630,-0.09906011515395496,-0.09906011515395496,0.0,1000
489220,2631,2.7256878621227774,2.6356878621227775,3.0,148
489315,2632,1.8117313795331462,1.8117313795331462,0.0,95
489382,2633,2.007536713024689,2.007536713024689,0.0,67
489442,2634,1.9167725057534393,1.5867725057534392,11.0,60
489487,2635,1.8931028420072311,1.8931028420072311,0.0,45
490007,2636,2.8564741596605367,2.1064741596605363,25.0,520
490183,2637,3.3872899496279816,2.877289949627981,17.0,176
491183,2638,-0.5448718742469318,-0.5448718742469318,0.0,1000
491286,2639,2.833576173394181,2.8035761733941813,1.0,103
491360,2640,1.9357071509016377,1.9357071509016377,0.0,74
492360,2641,0.3259207129890789,-1.9840792870109225,77.0,1000
492409,2642,1.7853444116081674,1.5153444116081671,9.0,49
492485,2643,2.5928116452100625,2.4728116452100624,4.0,76
492534,2644,2.0256057423990876,1.6656057423990875,12.0,49
492591,2645,2.1774720738896964,2.1174720738896964,2.0,57
492648,2646,2.3166331936285305,2.2866331936285302,1.0,57
492776,2647,2.200541816467572,1.7505418164675723,15.0,128
492824,2648,2.0137814876150357,2.0137814876150357,0.0,48
492982,2649,2.2822185264730965,1.8022185264730959,16.0,158
493164,2650,2.6538318860616834,2.353831886061684,10.0,182
493199,2651,1.5895679684360342,1.5895679684360342,0.0,35
493227,2652,1.3882777197421767,1.3882777197421767,0.0,28
494227,2653,-0.23024886381428944,-0.23024886381428944,0.0,1000
494333,2654,3.7142740512523105,3.4742740512523103,8.0,106
495333,2655,-0.15517793200405228,-0.15517793200405228,0.0,1000
495402,2656,2.310317267180954,2.310317267180954,0.0,69
495466,2657,2.5059817467886707,2.5059817467886707,0.0,64
495552,2658,1.2650915565928484,1.2650915565928484,0.0,86
495719,2659,3.716677285600161,3.056677285600161,22.0,167
496719,2660,-0.12502000983534556,-16.295020009835348,539.0,1000
496884,2661,2.68644324422974,1.0964432442297387,53.0,165
496908,2662,1.2860846204277345,1.2860846204277345,0.0,24
496977,2663,2.5493743905832074,2.5493743905832074,0.0,69
497023,2664,1.8424848044009963,1.662484804400996,6.0,46
497083,2665,1.8595391256640654,1.8595391256640654,0.0,60
497170,2666,1.3025442588453058,1.3025442588453058,0.0,87
497291,2667,1.672006725405787,0.9520067254057869,24.0,121
497338,2668,1.5767321737659896,1.5767321737659896,0.0,47
497375,2669,1.6587171769100966,1.6587171769100966,0.0,37
497400,2670,1.2832772859437287,1.2832772859437287,0.0,25
497477,2671,2.8014144238219725,2.7714144238219727,1.0,77
497566,2672,1.555442157007356,1.195442157007356,12.0,89
497724,2673,2.902512569659844,2.6925125696598444,7.0,158
497773,2674,1.7712775823020648,1.7712775823020648,0.0,49
497861,2675,2.654754786273933,2.654754786273933,0.0,88
497938,2676,2.88102428220669,2.76102428220669,4.0,77
497985,2677,1.906517806127453,1.906517806127453,0.0,47
498023,2678,1.6357903836758316,1.6357903836758316,0.0,38
498118,2679,1.513999410260812,1.4239994102608122,3.0,95
498235,2680,1.7110674919704125,1.6510674919704125,2.0,117
498315,2681,3.0079313536482557,2.9779313536482555,1.0,80
498489,2682,2.7227742936953625,2.3927742936953624,11.0,174
498517,2683,1.38297931362154,1.38297931362154,0.0,28
498545,2684,1.39530406003092,1.39530406003092,0.0,28
499545,2685,0.2449546553339148,0.1849546553339148,2.0,1000
499644,2686,1.3789469957707854,1.3789469957707854,0.0,99
499777,2687,3.43322749531085,3.1632274953108492,9.0,133
499806,2688,1.4224582157393875,1.4224582157393875,0.0,29
499861,2689,2.053560052859801,2.053560052859801,0.0,55
500022,2690,2.920070367457348,2.5600703674573477,12.0,161
500580,2691,3.8834894428662206,3.8834894428662206,0.0,558
500690,2692,1.952331768300557,1.7723317683005568,6.0,110
500793,2693,2.376904659689828,1.9269046596898272,15.0,103
501033,2694,1.7778022808034208,0.5478022808034206,41.0,240
501116,2695,2.9033458634033322,2.9033458634033322,0.0,83
501172,2696,1.6902608066361382,1.6902608066361382,0.0,56
501236,2697,1.6651661333000947,1.6651661333000947,0.0,64
501421,2698,3.3869316110939853,2.576931611093985,27.0,185
502421,2699,0.8666093308544929,-17.85339066914544,624.0,1000
503248,2700,3.3985797160492135,1.6585797160492128,58.0,827
503361,2701,2.6374257504149003,2.1574257504149004,16.0,113
503480,2702,2.626655053585327,1.6366550535853273,33.0,119
503646,2703,2.613436478711421,2.403436478711421,7.0,166
503721,2704,2.3664481736702543,1.856448173670254,17.0,75
504033,2705,1.7480484786565522,1.568048478656552,6.0,312
504233,2706,3.8179208651010113,3.787920865101012,1.0,200
504302,2707,1.548271692143143,1.548271692143143,0.0,69
504382,2708,2.9439078246449357,2.8239078246449356,4.0,80
504479,2709,1.6631509992362137,1.6631509992362137,0.0,97
504646,2710,4.03792624047329,3.4379262404732907,20.0,167
504696,2711,2.0480675942485496,1.8680675942485496,6.0,50
505613,2712,2.8421562511884346,1.8521562511884346,33.0,917
506613,2713,0.15123775017100716,-0.17876224982899283,11.0,1000
506659,2714,1.9931488970827003,1.9931488970827003,0.0,46
506726,2715,2.474744270879503,2.2347442708795033,8.0,67
506828,2716,2.576805363795625,1.406805363795625,39.0,102
506937,2717,2.7455376721267992,2.3555376721267995,13.0,109
507171,2718,2.741723076381435,2.3817230763814363,12.0,234
507213,2719,1.5015408870832296,1.5015408870832296,0.0,42
507294,2720,2.168527255556331,2.168527255556331,0.0,81
507385,2721,1.9354720130558252,1.3054720130558248,21.0,91
507438,2722,1.331233174779848,1.331233174779848,0.0,53
507529,2723,2.042277653001846,1.982277653001846,2.0,91
508529,2724,-1.1242143505827276,-3.19421435058272,69.0,1000
508670,2725,2.2974347061040232,2.2974347061040232,0.0,141
509670,2726,1.6579971078784417,-19.072002892121528,691.0,1000
510670,2727,0.7130112411532488,-21.636988758846663,745.0,1000
510729,2728,2.1521603334302184,2.1521603334302184,0.0,59
510902,2729,2.7300363191289785,2.010036319128978,24.0,173
511033,2730,2.400750315135225,2.400750315135225,0.0,131
511094,2731,2.0656993091087053,1.7056993091087054,12.0,61
511180,2732,3.2785084791413386,2.9785084791413388,10.0,86
511227,2733,1.9277087944045421,1.9277087944045421,0.0,47
511280,2734,2.163159262840683,2.163159262840683,0.0,53
511383,2735,1.8711240549187265,1.6911240549187267,6.0,103
511463,2736,2.776551249189415,2.386551249189415,13.0,80
511533,2737,2.6136955898547534,2.1936955898547534,14.0,70
511652,2738,3.3471985646103732,2.9571985646103736,13.0,119
511745,2739,2.9871307437855483,2.627130743785548,12.0,93
511785,2740,1.375794445734117,1.375794445734117,0.0,40
511888,2741,1.9001578276210251,1.780157827621025,4.0,103
511975,2742,2.7531742144976588,2.393174214497659,12.0,87
512086,2743,3.546126983948848,3.3961269839488484,5.0,111
512193,2744,2.600195729426259,2.2401957294262598,12.0,107
512277,2745,2.264966946453419,2.264966946453419,0.0,84
512429,2746,2.5204928965688467,2.5204928965688467,0.0,152
512477,2747,1.8882487722858083,1.8882487722858083,0.0,48
512559,2748,2.4935922089827223,2.0435922089827216,15.0,82
512621,2749,2.4766791287380476,2.4766791287380476,0.0,62
512664,2750,1.643082601887159,1.643082601887159,0.0,43
512762,2751,2.604456628579333,2.244456628579333,12.0,98
512838,2752,2.7183583439460577,2.7183583439460577,0.0,76
512999,2753,1.957455281358677,0.9974552813586768,32.0,161
513046,2754,1.9190374796343668,1.9190374796343668,0.0,47
513204,2755,2.7890019732565188,2.729001973256519,2.0,158
513293,2756,1.4763394717107836,0.7863394717107838,23.0,89
513370,2757,2.322908220482388,2.322908220482388,0.0,77
513543,2758,2.3756815968603933,2.3756815968603933,0.0,173
513680,2759,1.6042578917037906,1.4842578917037907,4.0,137
513981,2760,2.962407393710526,0.8024073937105249,72.0,301
514022,2761,1.4030981020425637,1.4030981020425637,0.0,41
514056,2762,1.5548078892205597,1.5548078892205597,0.0,34
514170,2763,2.796217745165407,1.926217745165407,29.0,114
514251,2764,1.6988813459965453,1.5788813459965452,4.0,81
514340,2765,2.2284108478467974,1.8084108478467968,14.0,89
514411,2766,2.572712598476662,2.572712598476662,0.0,71
514534,2767,1.9566294429799387,1.3866294429799384,19.0,123
514591,2768,2.0130405890032135,1.8330405890032138,6.0,57
514688,2769,3.3810883313284616,3.3810883313284616,0.0,97
514960,2770,2.4965625322617324,2.436562532261732,2.0,272
515960,2771,0.11212534628303539,0.11212534628303539,0.0,1000
516040,2772,2.9079503931689805,2.60795039316898,10.0,80
516172,2773,3.16495274111081,3.0149527411108106,5.0,132
516280,2774,2.1241086105028204,1.88410861050282,8.0,108
516368,2775,2.5872737076592287,2.1072737076592274,16.0,88
516504,2776,1.9513996477456965,1.5313996477456961,14.0,136
516605,2777,1.5693554683834612,1.5693554683834612,0.0,101
516722,2778,1.9732873029479157,1.6432873029479156,11.0,117
516782,2779,2.1848518638339622,1.794851863833962,13.0,60
516849,2780,2.323339999395171,2.323339999395171,0.0,67
516977,2781,1.9221155999345718,1.8621155999345718,2.0,128
517074,2782,2.83364357652766,2.2936435765276597,18.0,97
517169,2783,2.920921032905011,2.800921032905011,4.0,95
517287,2784,2.098989030345214,1.2889890303452138,27.0,118
517413,2785,2.47772468884604,2.44772468884604,1.0,126
518413,2786,1.803232936192122,-13.946767063807862,525.0,1000
518638,2787,2.7579313725104724,0.8379313725104712,64.0,225
518668,2788,1.4195221256568527,1.4195221256568527,0.0,30
518773,2789,1.823842100097071,1.793842100097071,1.0,105
518836,2790,2.4088498491956827,2.4088498491956827,0.0,63
518973,2791,3.3097071224421297,3.1297071224421296,6.0,137
519143,2792,2.400145594404253,2.280145594404253,4.0,170
519241,2793,2.3555718164533195,2.3555718164533195,0.0,98
519282,2794,1.4042362961147803,1.4042362961147803,0.0,41
519338,2795,1.9810094460040177,1.9810094460040177,0.0,56
519455,2796,2.3100151787624466,2.1300151787624464,6.0,117
520455,2797,0.03957043166625773,0.03957043166625773,0.0,1000
520622,2798,2.273203051898923,2.2132030518989234,2.0,167
520736,2799,2.567125561301372,2.417125561301372,5.0,114
520818,2800,1.736479381528282,1.3764793815282814,12.0,82
520870,2801,1.4120294723781217,1.4120294723781217,0.0,52
520958,2802,3.211230080199294,3.1512300801992934,2.0,88
521958,2803,-2.563008231544631,-3.4630082315446313,30.0,1000
522022,2804,1.6130783917717828,1.6130783917717828,0.0,64
522103,2805,2.3756169713359565,2.1956169713359563,6.0,81
522351,2806,2.053298319722786,2.053298319722786,0.0,248
522442,2807,3.051568182323176,3.0215681823231764,1.0,91
523442,2808,1.9701195574745483,-3.8798804425254487,195.0,1000
523481,2809,1.7684285599872693,1.7684285599872693,0.0,39
523716,2810,2.870274092713456,2.870274092713456,0.0,235
524716,2811,0.12478841280805453,0.12478841280805453,0.0,1000
524901,2812,3.4783479151571237,2.878347915157123,20.0,185
524949,2813,1.7009583529139614,1.7009583529139614,0.0,48
525126,2814,2.671148711857607,2.6111487118576067,2.0,177
526016,2815,3.447286085363538,2.787286085363536,22.0,890
526122,2816,3.043832623515172,2.593832623515171,15.0,106
527122,2817,-0.5063329653466875,-0.5063329653466875,0.0,1000
527199,2818,1.556220097792785,1.556220097792785,0.0,77
527283,2819,3.1083235404046548,2.7783235404046547,11.0,84
527433,2820,2.16032508692104,1.8003250869210397,12.0,150
528433,2821,-1.4320680698116948,-1.4620680698116948,1.0,1000
528593,2822,3.25618776173306,3.1961877617330594,2.0,160
528800,2823,3.214135328841056,3.214135328841056,0.0,207
528920,2824,1.3881399952291833,1.3881399952291833,0.0,120
529920,2825,-1.6946773594270614,-1.8746773594270616,6.0,1000
530055,2826,1.8388467165127786,1.8388467165127786,0.0,135
530138,2827,2.140743938071476,1.5107439380714758,21.0,83
530198,2828,2.2607700766380354,2.200770076638035,2.0,60
530257,2829,2.138295678473419,2.0782956784734194,2.0,59
530335,2830,1.5067849546965035,1.5067849546965035,0.0,78
530367,2831,1.4861492317662068,1.4861492317662068,0.0,32
530561,2832,3.799234120163854,3.3192341201638538,16.0,194
530624,2833,1.9021994614827902,1.7521994614827903,5.0,63
530710,2834,2.9918088642984433,2.1518088642984425,28.0,86
530733,2835,1.2656480867550157,1.2656480867550157,0.0,23
530812,2836,1.757502532952077,1.757502532952077,0.0,79
530906,2837,2.249742654134166,2.159742654134166,3.0,94
531158,2838,1.9451348327703624,1.9451348327703624,0.0,252
531271,2839,1.862968398536358,1.862968398536358,0.0,113
531346,2840,2.7893064033338657,2.489306403333865,10.0,75
531425,2841,2.9080305837101417,2.8780305837101414,1.0,79
531459,2842,1.5066565820416544,1.5066565820416544,0.0,34
531517,2843,2.1183035687290253,1.968303568729025,5.0,58
531582,2844,2.0513947777120407,1.9913947777120407,2.0,65
531644,2845,2.365294980357891,2.125294980357891,8.0,62
531711,2846,1.8360489731080394,1.4160489731080392,14.0,67
531877,2847,2.2711279189347033,1.4611279189347028,27.0,166
532007,2848,1.937675670762817,1.907675670762817,1.0,130
532090,2849,2.832361552994227,2.832361552994227,0.0,83
532245,2850,2.4813603062656004,1.9713603062656,17.0,155
532463,2851,3.7729260128288553,2.542926012828855,41.0,218
532534,2852,2.594904295869929,2.1749042958699283,14.0,71
533534,2853,-1.0284976644575607,-1.0884976644575608,2.0,1000
533577,2854,1.8530821721333346,1.8530821721333346,0.0,43
533615,2855,1.6132934709485178,1.6132934709485178,0.0,38
533693,2856,2.9121617936834383,2.522161793683438,13.0,78
533775,2857,2.9966873197771013,2.5766873197771014,14.0,82
534775,2858,0.06625159641923384,0.06625159641923384,0.0,1000
534831,2859,2.0833912933701435,2.0833912933701435,0.0,56
535096,2860,2.2445756805080643,2.2445756805080643,0.0,265
535142,2861,1.8969220764511228,1.8969220764511228,0.0,46
535195,2862,2.1332943948590435,2.1332943948590435,0.0,53
535241,2863,1.9082833311543406,1.8482833311543405,2.0,46
535313,2864,2.568410956243624,2.238410956243624,11.0,72
535383,2865,1.7376106701365528,1.7376106701365528,0.0,70
535548,2866,2.80296947195371,2.142969471953709,22.0,165
535729,2867,2.284497665442443,2.1344976654424435,5.0,181
535894,2868,2.9524898496538903,2.8624898496538904,3.0,165
535985,2869,3.2706175199109033,3.1806175199109035,3.0,91
536319,2870,2.4985848141187263,2.4985848141187263,0.0,334
536441,2871,2.0297596379831293,2.0297596379831293,0.0,122
536622,2872,2.457481864614616,2.0374818646146164,14.0,181
536692,2873,1.4287828178887279,1.4287828178887279,0.0,70
536783,2874,2.8854986389013892,2.16549863890139,24.0,91
536919,2875,2.4287017322731086,2.158701732273109,9.0,136
537309,2876,3.936450488713219,2.4064504887132183,51.0,390
537384,2877,2.6931966073071285,2.333196607307129,12.0,75
537455,2878,2.5562641774790817,2.5562641774790817,0.0,71
537510,2879,1.814906735257176,1.5149067352571755,10.0,55
537535,2880,1.2880371784432003,1.2880371784432003,0.0,25
537769,2881,3.4275753349914813,2.7375753349914813,23.0,234
537909,2882,2.171229290449271,2.171229290449271,0.0,140
538003,2883,2.846687830858986,2.4566878308589866,13.0,94
538060,2884,1.3222045448148596,1.3222045448148596,0.0,57
539060,2885,0.028433455318008338,0.028433455318008338,0.0,1000
540060,2886,0.8124355956590361,-0.8075644043409651,54.0,1000
540142,2887,2.138584141837371,1.8385841418373712,10.0,82
540193,2888,1.848792417495016,1.848792417495016,0.0,51
540269,2889,2.702123186239082,2.3121231862390816,13.0,76
540649,2890,3.5417148327874273,3.1517148327874276,13.0,380
541649,2891,-0.5717344836975218,-3.571734483697512,100.0,1000
541708,2892,2.2706787037070666,2.2706787037070666,0.0,59
541851,2893,2.291436271657765,2.201436271657765,3.0,143
541936,2894,2.3188453742641766,2.3188453742641766,0.0,85
541974,2895,1.5603102079833595,1.4703102079833594,3.0,38
542137,2896,2.3505405554264467,2.3505405554264467,0.0,163
542264,2897,1.706768323695623,1.706768323695623,0.0,127
542325,2898,2.1958074826795615,2.1958074826795615,0.0,61
542352,2899,1.3756868401583695,1.3756868401583695,0.0,27
542578,2900,2.8333810109850988,2.3533810109850983,16.0,226
542677,2901,1.9092168721266447,1.6092168721266447,10.0,99
542741,2902,2.473940570360633,2.473940570360633,0.0,64
542875,2903,2.179765411901671,0.7997654119016705,46.0,134
543775,2904,3.4167312046707954,-5.313268795329195,291.0,900
543947,2905,2.1655497130753902,1.8055497130753901,12.0,172
544008,2906,2.38913663510635,2.23913663510635,5.0,61
544090,2907,2.989152554899099,2.299152554899098,23.0,82
544242,2908,2.0210298559021935,1.3910298559021934,21.0,152
545242,2909,0.09091161794581604,0.09091161794581604,0.0,1000
545327,2910,2.8916644784050853,2.8016644784050855,3.0,85
545468,2911,2.4810702019560695,1.3710702019560688,37.0,141
545510,2912,1.8600560411817537,1.8600560411817537,0.0,42
545608,2913,1.517829571939727,1.517829571939727,0.0,98
545736,2914,1.7969687500171265,1.3769687500171266,14.0,128
545817,2915,1.6653676828699044,1.6653676828699044,0.0,81
545848,2916,1.4740547223126397,1.4740547223126397,0.0,31
545962,2917,3.254298946012813,2.774298946012812,16.0,114
546738,2918,2.807760679281504,-18.252239320718466,702.0,776
546801,2919,1.9062473599849605,1.9062473599849605,0.0,63
546865,2920,1.4903134190121268,1.4903134190121268,0.0,64
546921,2921,2.2502320491722156,1.9202320491722158,11.0,56
547003,2922,3.0914030468458584,2.6714030468458585,14.0,82
547100,2923,1.424670892359134,1.424670892359134,0.0,97
547200,2924,1.6082570632068307,1.6082570632068307,0.0,100
547275,2925,1.886906876575837,1.466906876575837,14.0,75
547450,2926,2.839068525896928,2.3590685258969284,16.0,175
547524,2927,2.787276266741563,2.787276266741563,0.0,74
547615,2928,3.279866198558558,2.7398661985585573,18.0,91
547695,2929,2.487863630045392,2.487863630045392,0.0,80
547810,2930,1.9162491104196273,1.8262491104196272,3.0,115
548810,2931,-0.1951757355912931,-14.775175735591304,486.0,1000
548904,2932,2.5004011170454374,1.9604011170454372,18.0,94
548961,2933,1.4618452507672581,1.4618452507672581,0.0,57
549093,2934,3.519919454594082,3.1299194545940816,13.0,132
549142,2935,2.094566968134666,2.034566968134666,2.0,49
550142,2936,-0.1222973488666872,-0.1222973488666872,0.0,1000
550240,2937,1.6339734644822932,1.513973464482293,4.0,98
550398,2938,2.209387732570376,1.9093877325703759,10.0,158
550504,2939,2.580151837447187,2.5501518374471868,1.0,106
550578,2940,2.852574332208577,2.012574332208576,28.0,74
551417,2941,2.2247424745812765,1.6847424745812767,18.0,839
551581,2942,2.684244706411193,2.1742447064111934,17.0,164
551825,2943,3.3207180726903083,2.420718072690309,30.0,244
551981,2944,2.7275702898317897,2.6075702898317896,4.0,156
552981,2945,-1.2611916641058034,-2.881191664105797,54.0,1000
553066,2946,3.089943874293407,3.089943874293407,0.0,85
553185,2947,2.1996342120476235,1.719634212047623,16.0,119
553265,2948,1.6369469304719833,1.6369469304719833,0.0,80
553299,2949,1.51032594879861,1.51032594879861,0.0,34
553503,2950,3.3930936854506526,3.213093685450653,6.0,204
553621,2951,2.2063172591765507,1.4263172591765503,26.0,118
553912,2952,3.3756558798019167,-1.154344120198087,151.0,291
553960,2953,1.4203913083616566,1.4203913083616566,0.0,48
554043,2954,2.719462498307053,2.5994624983070533,4.0,83
554165,2955,2.182438983356069,2.092438983356068,3.0,122
554266,2956,2.101122307903286,1.5611223079032854,18.0,101
554344,2957,2.84246288270608,2.27246288270608,19.0,78
554593,2958,3.8138647124539005,3.5738647124539007,8.0,249
554743,2959,2.707775868745256,2.587775868745256,4.0,150
555743,2960,-0.11134854542938255,-0.11134854542938255,0.0,1000
555922,2961,2.80324894333771,1.9632489433377094,28.0,179
556004,2962,2.170170707650919,2.170170707650919,0.0,82
556335,2963,3.477235590795213,1.917235590795213,52.0,331
556427,2964,1.6534734421697093,1.6534734421697093,0.0,92
556535,2965,1.699755007926747,1.699755007926747,0.0,108
556575,2966,1.4868279101064714,1.4868279101064714,0.0,40
556709,2967,1.940408106430131,1.640408106430131,10.0,134
557709,2968,-2.3829604586447464,-2.3829604586447464,0.0,1000
557777,2969,2.350840661967305,2.0808406619673043,9.0,68
557887,2970,3.2641822995705065,2.7841822995705066,16.0,110
558001,2971,2.3247252285223254,1.844725228522325,16.0,114
558106,2972,3.7224618489867365,3.662461848986736,2.0,105
558206,2973,1.5285544792170431,1.5285544792170431,0.0,100
558304,2974,2.560652493139487,2.500652493139487,2.0,98
558354,2975,1.9986180504738138,1.9986180504738138,0.0,50
558390,2976,1.6033357663349308,1.6033357663349308,0.0,36
558606,2977,3.340862424156464,2.4408624241564634,30.0,216
558641,2978,1.5490671284219526,1.3690671284219527,6.0,35
558805,2979,2.0493190907928938,1.689319090792893,12.0,164
559805,2980,0.790676962118348,-13.159323037881611,465.0,1000
560346,2981,3.5009432846339408,3.320943284633941,6.0,541
560431,2982,2.714009890489842,2.5640098904898427,5.0,85
560515,2983,3.0395116659422476,2.9795116659422476,2.0,84
560585,2984,2.480529107069822,2.270529107069822,7.0,70
560675,2985,3.2105037757840487,3.1505037757840486,2.0,90
560851,2986,2.255880592609541,1.8058805926095405,15.0,176
560994,2987,2.9953485851200625,1.8853485851200622,37.0,143
561119,2988,1.9456866722228248,1.9456866722228248,0.0,125
561159,2989,1.7438613666156675,1.7438613666156675,0.0,40
561277,2990,2.1126943239802687,2.1126943239802687,0.0,118
561401,2991,3.9449450363050222,3.6149450363050213,11.0,124
561432,2992,1.4920442094960862,1.4920442094960862,0.0,31
561593,2993,2.5469691847998086,2.4869691847998086,2.0,161
561627,2994,1.547266667637234,1.547266667637234,0.0,34
561683,2995,2.2077022468011425,2.2077022468011425,0.0,56
561739,2996,1.9805729646099088,1.9505729646099088,1.0,56
562739,2997,-0.4638400057507166,-0.4638400057507166,0.0,1000
562805,2998,2.2127542973190586,1.8527542973190587,12.0,66
562919,2999,1.8059147809906682,1.8059147809906682,0.0,114
563049,3000,2.6363488416367753,2.396348841636775,8.0,130
563153,3001,1.7840925809274155,1.7840925809274155,0.0,104
563233,3002,1.5701676883901352,1.5701676883901352,0.0,80
563312,3003,2.1977372979804075,2.1977372979804075,0.0,79
563387,3004,2.8666568428358463,2.5066568428358456,12.0,75
563426,3005,1.6678539789537257,1.6678539789537257,0.0,39
563524,3006,1.6690937858624477,1.6690937858624477,0.0,98
563597,3007,2.7706061465667817,2.7706061465667817,0.0,73
563784,3008,3.5930429562671238,3.1430429562671245,15.0,187
563864,3009,1.3339798679156407,1.3339798679156407,0.0,80
564091,3010,2.28343850766366,1.71343850766366,19.0,227
564150,3011,2.3649433064581458,2.3649433064581458,0.0,59
565150,3012,-0.046788051189423197,-0.046788051189423197,0.0,1000
565296,3013,2.2343719951631433,1.6043719951631428,21.0,146
565591,3014,2.0424832869098157,-0.5375167130901843,86.0,295
565687,3015,2.775941289245234,2.3559412892452336,14.0,96
565817,3016,2.7992207925310466,2.7992207925310466,0.0,130
565938,3017,3.82423936970308,3.4342393697030804,13.0,121
566029,3018,1.5184931430859545,1.5184931430859545,0.0,91
566065,3019,1.5154213569062096,1.5154213569062096,0.0,36
567065,3020,-1.238493623284218,-1.5684936232842184,11.0,1000
568065,3021,-0.08092989097126901,-0.08092989097126901,0.0,1000
568165,3022,3.423665941778786,2.853665941778787,19.0,100
568327,3023,3.2373974456058914,3.2373974456058914,0.0,162
568442,3024,1.7352590983271223,1.7352590983271223,0.0,115
568558,3025,2.939731487665633,2.459731487665632,16.0,116
568634,3026,2.7398276782854767,2.7398276782854767,0.0,76
568742,3027,2.701763585907953,2.611763585907952,3.0,108
568984,3028,2.984089060120076,2.2040890601200758,26.0,242
569082,3029,3.017289406960689,2.987289406960689,1.0,98
569177,3030,3.275570249819173,3.185570249819173,3.0,95
570177,3031,0.492782472239333,-0.01721752776066715,17.0,1000
570293,3032,3.8297834997987494,2.9297834997987495,30.0,116
570555,3033,2.7743274002345517,1.4543274002345514,44.0,262
570589,3034,1.539193516728929,1.539193516728929,0.0,34
570615,3035,1.2809099048525165,1.2809099048525165,0.0,26
570674,3036,2.051585489038905,2.0215854890389053,1.0,59
570756,3037,2.6158346821665077,2.4058346821665078,7.0,82
570844,3038,3.2096951518484236,2.9996951518484227,7.0,88
570960,3039,3.0567052853538987,2.876705285353899,6.0,116
571960,3040,1.296613165290507,-15.383386834709455,556.0,1000
572055,3041,3.57793703875942,3.27793703875942,10.0,95
572138,3042,2.1283397740425363,2.1283397740425363,0.0,83
572567,3043,3.2382990622864343,2.968299062286434,9.0,429
572624,3044,1.8717104528632218,1.8717104528632218,0.0,57
572832,3045,3.015532790851584,2.955532790851584,2.0,208
573049,3046,4.3201059333196925,4.3201059333196925,0.0,217
573081,3047,1.4257472288606776,1.4257472288606776,0.0,32
573144,3048,2.4293108856355055,2.399310885635506,1.0,63
573231,3049,2.7653640321061133,2.405364032106113,12.0,87
573277,3050,1.7166811379428977,1.6566811379428976,2.0,46
573516,3051,3.1005804646797683,2.530580464679768,19.0,239
573558,3052,1.8082296734019732,1.8082296734019732,0.0,42
573650,3053,1.6359840255800138,1.6359840255800138,0.0,92
573764,3054,2.093602195717547,2.093602195717547,0.0,114
573824,3055,2.199892508523549,2.0798925085235487,4.0,60
573901,3056,2.8305875000022667,2.8005875000022664,1.0,77
574034,3057,2.1073047159432754,2.1073047159432754,0.0,133
574083,3058,2.0468023208284083,1.686802320828408,12.0,49
574170,3059,3.0785486862576286,2.9285486862576287,5.0,87
574242,3060,2.1699916991862676,2.1699916991862676,0.0,72
575242,3061,0.49162936160619464,-15.048370638393784,518.0,1000
575339,3062,1.684616552390175,1.684616552390175,0.0,97
575437,3063,2.4169345681570773,2.2369345681570767,6.0,98
575513,3064,2.6893880440852875,2.2693880440852876,14.0,76
575567,3065,2.1957105770572714,2.1957105770572714,0.0,54
575628,3066,2.3428549597252686,1.8928549597252688,15.0,61
576525,3067,2.914347859563828,2.344347859563827,19.0,897
576607,3068,2.0374108012500174,1.8874108012500175,5.0,82
576668,3069,1.8060544978530355,1.8060544978530355,0.0,61
576743,3070,1.5455573001360299,1.5455573001360299,0.0,75
577222,3071,3.2384485327992976,-0.9315514672006939,139.0,479
577367,3072,3.861195197806288,3.4711951978062876,13.0,145
577615,3073,2.202687068430208,2.0526870684302074,5.0,248
577705,3074,2.990118226919426,2.990118226919426,0.0,90
577766,3075,2.4193632968931036,2.4193632968931036,0.0,61
578766,3076,-2.0142529201034534,-2.3142529201034536,10.0,1000
578839,3077,1.6583110154627656,1.6583110154627656,0.0,73
578928,3078,2.783374654103325,2.633374654103325,5.0,89
579928,3079,-0.33726242165407294,-0.33726242165407294,0.0,1000
579965,3080,1.5620954103731806,1.5620954103731806,0.0,37
580109,3081,1.8302666095824682,1.5902666095824682,8.0,144
580210,3082,3.571867518060821,3.3018675180608215,9.0,101
580241,3083,1.4198352331418949,1.4198352331418949,0.0,31
580448,3084,2.588971531065113,2.588971531065113,0.0,207
580539,3085,3.055436757321754,2.965436757321754,3.0,91
580605,3086,2.224295087412588,1.8042950874125878,14.0,66
580749,3087,2.194444189475556,0.6044441894755554,53.0,144
580831,3088,1.5452749568746325,1.5452749568746325,0.0,82
581043,3089,3.03195689139855,2.9419568913985508,3.0,212
581092,3090,2.075603538644307,2.075603538644307,0.0,49
581191,3091,3.0934708108063997,2.7334708108064003,12.0,99
581289,3092,1.6203905335192292,1.6203905335192292,0.0,98
581419,3093,2.577384936689352,2.3673849366893522,7.0,130
581575,3094,2.559782248704139,2.529782248704139,1.0,156
581652,3095,2.721568421682023,2.3615684216820227,12.0,77
581999,3096,2.100004060855364,2.100004060855364,0.0,347
582080,3097,2.9574361623481993,2.9574361623481993,0.0,81
582137,3098,2.124991996342128,1.9749919963421276,5.0,57
582172,3099,1.2991042566778674,1.2991042566778674,0.0,35
582503,3100,4.672724477411085,4.252724477411085,14.0,331
582713,3101,2.8897737605767038,2.0197737605767037,29.0,210
582768,3102,2.2519956611572276,2.2519956611572276,0.0,55
582877,3103,1.8862576289826953,0.5662576289826949,44.0,109
582917,3104,1.3716800617761025,1.3716800617761025,0.0,40
582955,3105,1.6723328353567348,1.4023328353567348,9.0,38
583015,3106,1.7029234565764277,1.7029234565764277,0.0,60
583072,3107,2.2211133473612725,2.011113347361272,7.0,57
583357,3108,3.17490117797272,2.604901177972721,19.0,285
583438,3109,2.0599023640060676,1.9999023640060676,2.0,81
583834,3110,2.523960480216937,1.7139604802169366,27.0,396
583979,3111,4.189067995935841,3.2890679959358398,30.0,145
584048,3112,2.6183046994615005,2.2583046994614993,12.0,69
584121,3113,2.3273563798553973,2.3273563798553973,0.0,73
584214,3114,2.4402523448708617,2.3802523448708612,2.0,93
584285,3115,2.5943186248162022,2.5943186248162022,0.0,71
584448,3116,2.414403319013355,2.3844033190133547,1.0,163
584507,3117,2.355884614559587,2.355884614559587,0.0,59
584969,3118,2.6807500730263936,-1.0092499269736053,123.0,462
585028,3119,2.368979742165088,2.2789797421650886,3.0,59
585137,3120,1.7642948547237327,1.7642948547237327,0.0,109
585343,3121,3.4882617979892974,3.008261797989298,16.0,206
586343,3122,-0.1334911438606161,-0.1334911438606161,0.0,1000
586424,3123,2.9258148046087387,2.9258148046087387,0.0,81
586567,3124,2.845347550162013,2.1253475501620134,24.0,143
586622,3125,2.255087860030308,1.925087860030307,11.0,55
586690,3126,2.120607293096376,1.670607293096376,15.0,68
586768,3127,2.792199393454474,2.3721993934544736,14.0,78
586900,3128,3.5438914169754905,3.3938914169754892,5.0,132
586956,3129,2.2589135648033825,1.8989135648033821,12.0,56
587036,3130,1.3218941945794531,1.291894194579453,1.0,80
587100,3131,2.4760532254145557,2.296053225414556,6.0,64
587194,3132,2.901751633132938,2.061751633132937,28.0,94
587239,3133,1.9061503937030695,1.9061503937030695,0.0,45
587361,3134,1.810833802819135,1.810833802819135,0.0,122
587506,3135,1.8220019799377336,1.1920019799377335,21.0,145
588506,3136,-0.5036006203020245,-0.5036006203020245,0.0,1000
589388,3137,3.6108548358238766,2.5308548358238765,36.0,882
589424,3138,1.562851720609988,1.562851720609988,0.0,36
589552,3139,1.8904670139866842,1.8904670139866842,0.0,128
589589,3140,1.6729276616433406,1.6729276616433406,0.0,37
589627,3141,1.6025036429937165,1.6025036429937165,0.0,38
589857,3142,3.5316109771037345,2.451610977103734,36.0,230
589906,3143,1.9043712368731482,1.9043712368731482,0.0,49
590005,3144,3.375741170623801,3.3157411706238014,2.0,99
590158,3145,2.553716300563197,2.4937163005631966,2.0,153
590308,3146,2.302805917133364,1.7328059171333636,19.0,150
590383,3147,2.1993810486226204,2.1693810486226206,1.0,75
590456,3148,2.615977725893333,2.5859777258933327,1.0,73
590568,3149,2.133127657327644,2.133127657327644,0.0,112
590909,3150,2.9460304320146693,2.736030432014669,7.0,341
590945,3151,1.6182323958216256,1.6182323958216256,0.0,36
591016,3152,2.4446631541340604,2.38466315413406,2.0,71
591205,3153,2.913264462614552,0.6332644626145508,76.0,189
591391,3154,3.017732446727025,1.5777324467270237,48.0,186
591814,3155,3.2655625377751836,2.875562537775184,13.0,423
591893,3156,2.6976494848467745,2.337649484846774,12.0,79
591991,3157,1.3453502437501246,1.3153502437501245,1.0,98
592300,3158,3.291811007436066,2.1818110074360666,37.0,309
592371,3159,1.365508563808007,1.365508563808007,0.0,71
592481,3160,3.5334862026336804,3.2334862026336806,10.0,110
592622,3161,1.351390740782362,1.351390740782362,0.0,141
592718,3162,2.238312816598537,2.238312816598537,0.0,96
592790,3163,2.648262698119008,2.5282626981190077,4.0,72
592905,3164,3.310495830265415,2.5004958302654146,27.0,115
593002,3165,1.623720859864434,0.6637208598644337,32.0,97
593162,3166,2.51421861606195,2.2742186160619493,8.0,160
593277,3167,2.2433920998645034,2.213392099864503,1.0,115
594277,3168,1.3122628491497692,-0.2177371508502316,51.0,1000
594423,3169,2.402978440800523,1.0829784408005227,44.0,146
594583,3170,2.47042665818386,1.9604266581838594,17.0,160
594759,3171,1.7828203000264247,1.1228203000264245,22.0,176
594919,3172,2.93055289311868,2.4805528931186798,15.0,160
595001,3173,2.261424410126363,2.261424410126363,0.0,82
595440,3174,1.9158158213945744,-7.024184178605419,298.0,439
596440,3175,-0.08832461185732976,-0.35832461185733,9.0,1000
596574,3176,2.4502152731881264,2.300215273188127,5.0,134
597574,3177,0.21986987495409638,-1.4001301250459048,54.0,1000
597674,3178,3.2994186568513584,2.939418656851358,12.0,100
597845,3179,2.8951419679262598,1.84514196792626,35.0,171
597895,3180,2.0364287316550405,1.6464287316550403,13.0,50
598025,3181,3.3248454194148795,3.29484541941488,1.0,130
598171,3182,1.9958041031616303,1.9958041031616303,0.0,146
598212,3183,1.811666723652247,1.811666723652247,0.0,41
598328,3184,1.688862998776269,1.688862998776269,0.0,116
598468,3185,2.4526505306256716,2.3326505306256715,4.0,140
598521,3186,1.7450326334745023,1.7450326334745023,0.0,53
598610,3187,2.682936021672969,2.682936021672969,0.0,89
598689,3188,2.7597173872242715,2.7597173872242715,0.0,79
598721,3189,1.326822162795299,1.326822162795299,0.0,32
598825,3190,2.2001640092556616,1.8701640092556617,11.0,104
598960,3191,2.3318298656426286,2.3318298656426286,0.0,135
599960,3192,0.4708170024857974,-1.0291829975142035,50.0,1000
600007,3193,1.48152478318319,1.48152478318319,0.0,47
600048,3194,1.7547653111685237,1.7547653111685237,0.0,41
601048,3195,-0.14165070077356656,-0.14165070077356656,0.0,1000
601229,3196,3.202719694499471,3.202719694499471,0.0,181
601310,3197,2.7401442630737125,2.4101442630737124,11.0,81
602310,3198,-1.008095742122455,-1.008095742122455,0.0,1000
602395,3199,3.1689840099634603,2.808984009963461,12.0,85
602443,3200,1.9537754633763091,1.6537754633763089,10.0,48
602488,3201,1.7462343057511591,1.7462343057511591,0.0,45
603488,3202,0.3293948151012671,0.08939481510126712,8.0,1000
603563,3203,2.6901813271655786,2.480181327165578,7.0,75
603640,3204,2.9593404582574623,2.599340458257462,12.0,77
603666,3205,1.3407203840337303,1.3407203840337303,0.0,26
603727,3206,2.4416670126829523,2.261667012682952,6.0,61
604151,3207,3.184234271224291,2.824234271224291,12.0,424
604303,3208,2.0722523060741205,2.0722523060741205,0.0,152
604431,3209,1.9615272269132151,1.9615272269132151,0.0,128
605431,3210,-1.4973516203628452,-1.4973516203628452,0.0,1000
605496,3211,1.994701908054684,1.994701908054684,0.0,65
605668,3212,2.5624713297872788,1.6624713297872784,30.0,172
605814,3213,2.922854274623574,2.652854274623574,9.0,146
605865,3214,1.4541393184021816,1.4541393184021816,0.0,51
605997,3215,3.3177207098346906,2.65772070983469,22.0,132
606096,3216,2.4265203107379403,1.9765203107379394,15.0,99
606140,3217,1.8854051916699734,1.5854051916699734,10.0,44
606231,3218,1.57513635235291,1.30513635235291,9.0,91
606272,3219,1.8235001489465898,1.8235001489465898,0.0,41
606403,3220,1.9703853089168644,1.9703853089168644,0.0,131
606511,3221,1.869389178507822,1.869389178507822,0.0,108
607295,3222,3.4202380091225737,3.000238009122573,14.0,784
607464,3223,4.1766952936649355,4.1766952936649355,0.0,169
607618,3224,2.9264576793492556,2.506457679349256,14.0,154
607658,3225,1.7205117139825632,1.7205117139825632,0.0,40
607687,3226,1.40072662866294,1.40072662866294,0.0,29
607749,3227,2.319260146024165,2.1392601460241654,6.0,62
607886,3228,1.549026089316508,1.2490260893165082,10.0,137
607967,3229,1.875074962830244,1.875074962830244,0.0,81
608088,3230,2.0752280544836132,2.0752280544836132,0.0,121
608677,3231,2.9005067775803637,-4.809493222419632,257.0,589
608934,3232,2.2771763684729605,2.247176368472961,1.0,257
608986,3233,2.0478290696994215,1.7778290696994214,9.0,52
609039,3234,1.5452633302538148,1.5452633302538148,0.0,53
609096,3235,2.3125325817207,1.9225325817207,13.0,57
609349,3236,1.8502972488248974,0.920297248824897,31.0,253
609669,3237,2.8370200447035048,2.567020044703505,9.0,320
609780,3238,2.5258880705288034,2.5258880705288034,0.0,111
609822,3239,1.8167522479636844,1.5767522479636842,8.0,42
609907,3240,1.7840677885669796,1.7840677885669796,0.0,85
610001,3241,1.4000003146565905,1.4000003146565905,0.0,94
611001,3242,-1.6709932982783329,-1.6709932982783329,0.0,1000
611132,3243,2.63024604284264,2.18024604284264,15.0,131
611457,3244,4.259128881007711,3.4791288810077106,26.0,325
611557,3245,1.8804902477858354,1.8804902477858354,0.0,100
611601,3246,1.8316960069677974,1.8316960069677974,0.0,44
611649,3247,1.9916537992687777,1.9916537992687777,0.0,48
611684,3248,1.5969066614841163,1.5969066614841163,0.0,35
611764,3249,2.1579001459173424,2.1579001459173424,0.0,80
611916,3250,3.334945242427742,3.1549452424277433,6.0,152
612012,3251,3.1361174617674754,2.986117461767475,5.0,96
612097,3252,2.069375230752362,1.8293752307523619,8.0,85
612215,3253,3.7010279910424275,3.1310279910424264,19.0,118
612290,3254,2.7553484079560784,2.3653484079560787,13.0,75
613290,3255,1.0707273228382062,-10.05927267716177,371.0,1000
614240,3256,3.485400180840114,2.8854001808401133,20.0,950
614325,3257,1.9176179325640752,1.7676179325640753,5.0,85
614697,3258,3.482205351242995,2.7022053512429953,26.0,372
614795,3259,2.99526916022816,2.84526916022816,5.0,98
614945,3260,2.8299247271496677,2.7999247271496674,1.0,150
615945,3261,-1.533686486152758,-1.533686486152758,0.0,1000
616105,3262,2.791972411356784,2.671972411356784,4.0,160
617105,3263,1.1055815177357733,-14.914418482264225,534.0,1000
617129,3264,1.272374503664844,1.272374503664844,0.0,24
617299,3265,2.631521328578234,2.3615213285782337,9.0,170
617497,3266,2.3713351040088417,2.3713351040088417,0.0,198
617775,3267,3.047670754254941,2.14767075425494,30.0,278
618775,3268,0.2871459734604539,-20.472854026539554,692.0,1000
618870,3269,3.4295358612806233,3.069535861280623,12.0,95
618912,3270,1.6796701648173302,1.6796701648173302,0.0,42
618974,3271,1.7592563448864305,1.3992563448864304,12.0,62
619100,3272,1.9088564032201358,1.9088564032201358,0.0,126
619129,3273,1.4045896459921203,1.4045896459921203,0.0,29
619312,3274,3.166107423973028,2.5361074239730277,21.0,183
619351,3275,1.6250258826478994,1.6250258826478994,0.0,39
619483,3276,1.6137168533524042,1.6137168533524042,0.0,132
619539,3277,2.0592411246092226,2.0592411246092226,0.0,56
619609,3278,2.6236224002484585,2.6236224002484585,0.0,70
619763,3279,2.4612889429857567,2.4612889429857567,0.0,154
619841,3280,2.9273456976365493,2.7473456976365496,6.0,78
619902,3281,2.341937355270809,2.341937355270809,0.0,61
619933,3282,1.4118454445445936,1.4118454445445936,0.0,31
620034,3283,1.7075226798857783,1.7075226798857783,0.0,101
620109,3284,2.048528046974299,2.048528046974299,0.0,75
620253,3285,2.788473710225399,2.548473710225399,8.0,144
620307,3286,2.1796363076575895,2.1796363076575895,0.0,54
620413,3287,2.1023895611798515,1.7423895611798514,12.0,106
620577,3288,2.6149703586918007,2.1649703586918005,15.0,164
620698,3289,2.043567659810667,2.043567659810667,0.0,121
620785,3290,3.1649712713443794,2.5349712713443804,21.0,87
620845,3291,2.0150142083841645,2.0150142083841645,0.0,60
620945,3292,2.643749343565439,2.4937493435654385,5.0,100
621003,3293,1.695723993770817,1.695723993770817,0.0,58
621042,3294,1.540492076260253,1.540492076260253,0.0,39
621091,3295,2.0413356825561086,1.681335682556108,12.0,49
621193,3296,1.7631483306543967,1.7631483306543967,0.0,102
621279,3297,2.9410211170143894,2.8810211170143893,2.0,86
621366,3298,2.642547012467643,2.2525470124676428,13.0,87
621486,3299,1.9501238424315974,1.9501238424315974,0.0,120
621861,3300,3.426964666453988,3.126964666453989,10.0,375
621927,3301,2.5773929153373376,2.5773929153373376,0.0,66
622034,3302,3.461721474731992,3.4317214747319924,1.0,107
623034,3303,-0.6773732402999468,-0.6773732402999468,0.0,1000
623810,3304,2.5053498518682433,0.7653498518682426,58.0,776
623909,3305,1.3693413159873469,1.3693413159873469,0.0,99
623960,3306,2.079628693874957,2.079628693874957,0.0,51
624309,3307,3.2108978896714317,1.3808978896714315,61.0,349
625309,3308,0.006556602454192539,0.006556602454192539,0.0,1000
625468,3309,2.9336159746475037,2.903615974647504,1.0,159
625522,3310,1.9444480124081234,1.8544480124081233,3.0,54
625546,3311,1.249968748024727,1.249968748024727,0.0,24
626546,3312,0.08827663457386503,0.08827663457386503,0.0,1000
626616,3313,2.4507917998344064,1.9707917998344058,16.0,70
627616,3314,0.13904823674111055,0.13904823674111055,0.0,1000
627673,3315,1.892366150704252,1.4723661507042518,14.0,57
627795,3316,2.06371123733763,1.88371123733763,6.0,122
627849,3317,2.208520093859262,2.208520093859262,0.0,54
627885,3318,1.6159928091703275,1.6159928091703275,0.0,36
627997,3319,2.1778059612754292,2.1778059612754292,0.0,112
628079,3320,2.4648747573160574,2.4648747573160574,0.0,82
628107,3321,1.3649472683353445,1.3649472683353445,0.0,28
628211,3322,3.3966016627806224,2.976601662780621,14.0,104
628344,3323,2.557226263494774,1.7472262634947735,27.0,133
628379,3324,1.5544633466604834,1.5544633466604834,0.0,35
628574,3325,2.8913795793496613,1.0313795793496603,62.0,195
628612,3326,1.6472880577958784,1.6472880577958784,0.0,38
628746,3327,1.885452305693589,1.885452305693589,0.0,134
628996,3328,2.4845558330053463,1.3145558330053455,39.0,250
629136,3329,1.7688978340673132,1.7388978340673131,1.0,140
629176,3330,1.7075967079783867,1.7075967079783867,0.0,40
629318,3331,2.429667640859744,2.279667640859744,5.0,142
629944,3332,2.7405905350476774,2.710590535047678,1.0,626
630041,3333,1.7324038207376744,1.7324038207376744,0.0,97
630150,3334,1.5706129504567428,1.5706129504567428,0.0,109
630769,3335,2.943160058848312,2.283160058848311,22.0,619
630799,3336,1.4204882946745947,1.4204882946745947,0.0,30
631689,3337,3.34856230572377,-17.021437694276205,679.0,890
631771,3338,2.442543285069409,1.8425432850694088,20.0,82
632771,3339,0.6748994125335882,-22.42510058746637,770.0,1000
632809,3340,1.6872964565451847,1.6872964565451847,0.0,38
632871,3341,1.8243859538137526,1.8243859538137526,0.0,62
632934,3342,2.0805154781500335,2.0205154781500334,2.0,63
633058,3343,2.1351896603970975,1.7751896603970974,12.0,124
633098,3344,1.786345560652089,1.726345560652089,2.0,40
633944,3345,2.389534801623439,2.389534801623439,0.0,846
634040,3346,2.5950798528534875,2.5050798528534877,3.0,96
634083,3347,1.3710971928345965,1.3710971928345965,0.0,43
634148,3348,2.482588345893456,2.1225883458934565,12.0,65
634290,3349,2.3543496314861416,2.174349631486141,6.0,142
634340,3350,1.5292186026501342,1.5292186026501342,0.0,50
634448,3351,1.395674914800331,0.8256749148003306,19.0,108
635448,3352,-1.0711503787685581,-1.0711503787685581,0.0,1000
635545,3353,2.1064321408879643,2.1064321408879643,0.0,97
635607,3354,1.9162054678012574,1.9162054678012574,0.0,62
635685,3355,2.8635869816977304,2.8635869816977304,0.0,78
635766,3356,1.295230545492592,1.295230545492592,0.0,81
635841,3357,2.71317860907316,2.71317860907316,0.0,75
635912,3358,2.648760391861972,2.288760391861972,12.0,71
636325,3359,2.5938091848002482,2.5938091848002482,0.0,413
637325,3360,0.17885376298184585,-0.18114623701815413,12.0,1000
637449,3361,3.9997242761095038,3.3397242761095027,22.0,124
637506,3362,1.7779865638838594,1.7779865638838594,0.0,57
637595,3363,1.2690516957265499,1.14905169572655,4.0,89
637647,3364,1.4943446353860597,1.4943446353860597,0.0,52
637715,3365,2.496275991800365,2.496275991800365,0.0,68
637858,3366,2.475329391400245,2.475329391400245,0.0,143
638858,3367,0.18836594258659156,0.18836594258659156,0.0,1000
638906,3368,1.6866138710456653,1.6866138710456653,0.0,48
639113,3369,3.413863332102692,3.2638633321026917,5.0,207
639231,3370,1.5891831923643942,1.4091831923643943,6.0,118
639420,3371,2.28894787483795,1.7489478748379492,18.0,189
639796,3372,3.081708377293076,2.781708377293076,10.0,376
639829,3373,1.5247674654280543,1.5247674654280543,0.0,33
639888,3374,2.297252307709085,2.297252307709085,0.0,59
639999,3375,3.372778241880451,3.282778241880451,3.0,111
640663,3376,3.3385100125842904,2.1685100125842904,39.0,664
640722,3377,2.2959787648906564,2.2959787648906564,0.0,59
641722,3378,-0.20286691603435036,-0.20286691603435036,0.0,1000
642722,3379,1.181646721243685,-20.478353278756316,722.0,1000
642843,3380,2.0900844079464007,2.0900844079464007,0.0,121
643030,3381,2.1452054653274137,0.9152054653274124,41.0,187
643088,3382,2.237854428584742,1.8478544285847414,13.0,58
643595,3383,3.427679086844125,2.317679086844123,37.0,507
643666,3384,2.3832904892393576,2.173290489239358,7.0,71
643719,3385,2.0756748857229343,2.0756748857229343,0.0,53
643814,3386,2.05517827512664,1.9951782751266398,2.0,95
643929,3387,3.0195740424720157,2.719574042472015,10.0,115
644011,3388,2.0090519955807506,2.0090519955807506,0.0,82
644076,3389,2.4596260902738614,2.3696260902738615,3.0,65
644206,3390,2.157889299917059,1.9478892999170587,7.0,130
644237,3391,1.4814471599357246,1.4814471599357246,0.0,31
644279,3392,1.5040573658688012,1.5040573658688012,0.0,42
644394,3393,2.785517729437598,2.5455177294375977,8.0,115
645394,3394,0.006632053830946338,0.006632053830946338,0.0,1000
645458,3395,2.4057804777762604,2.3757804777762606,1.0,64
645500,3396,1.8298448635239422,1.8298448635239422,0.0,42
646500,3397,-0.06596966332207366,-6.035969663322068,199.0,1000
646549,3398,2.0490204593289727,2.0490204593289727,0.0,49
646608,3399,2.2767920790723677,2.0067920790723672,9.0,59
646662,3400,2.0546945965904957,2.0546945965904957,0.0,54
646725,3401,1.6964607061404675,1.6964607061404675,0.0,63
646802,3402,1.8958800668447107,1.4758800668447107,14.0,77
646922,3403,3.3871936336456994,2.9971936336457,13.0,120
647008,3404,3.2472496671010624,2.9472496671010617,10.0,86
648008,3405,1.9948815720524014,-2.9851184279475853,166.0,1000
648123,3406,1.688828804913502,1.0888288049135024,20.0,115
648229,3407,2.5690844507907102,2.20908445079071,12.0,106
648312,3408,2.833269908932504,2.8032699089325037,1.0,83
649172,3409,3.357497501097231,2.517497501097231,28.0,860
649245,3410,2.018735082389184,1.6887350823891836,11.0,73
649350,3411,2.013887864302059,2.013887864302059,0.0,105
649452,3412,3.5053302434142553,3.4153302434142554,3.0,102
650452,3413,0.5237277550465633,-27.856272244953434,946.0,1000
650616,3414,2.2771206830511157,0.8671206830511149,47.0,164
650782,3415,3.0539065462623562,2.243906546262355,27.0,166
651124,3416,2.7648125811415802,2.0448125811415796,24.0,342
652124,3417,-1.6351829285682227,-1.6351829285682227,0.0,1000
653124,3418,-0.3106175259427477,-0.3106175259427477,0.0,1000
653546,3419,3.477147469781262,2.6971474697812616,26.0,422
653626,3420,3.0480711610504487,2.5680711610504483,16.0,80
653680,3421,1.4399646117110554,1.4399646117110554,0.0,54
653784,3422,2.7376415679060013,1.7476415679060007,33.0,104
653853,3423,2.4663828332489786,2.1063828332489782,12.0,69
653911,3424,2.3327831031387585,2.0627831031387576,9.0,58
654024,3425,2.017348840682505,2.017348840682505,0.0,113
655024,3426,-1.3043265219912472,-1.3043265219912472,0.0,1000
655155,3427,1.6590269583852617,1.6590269583852617,0.0,131
655183,3428,1.3924296683102122,1.3924296683102122,0.0,28
655267,3429,3.0587724695214,2.968772469521399,3.0,84
655320,3430,2.0429264599227333,2.0429264599227333,0.0,53
656320,3431,-1.506733140916725,-1.506733140916725,0.0,1000
656470,3432,2.368721784104067,2.278721784104067,3.0,150
656568,3433,2.5086264572406636,2.5086264572406636,0.0,98
656658,3434,3.2103818969765614,3.2103818969765614,0.0,90
656712,3435,2.127466535494782,2.127466535494782,0.0,54
656810,3436,2.5624063670949724,2.1424063670949725,14.0,98
656843,3437,1.4302845264156943,1.4302845264156943,0.0,33
656943,3438,2.642952542485395,2.612952542485395,1.0,100
657072,3439,3.107918274021446,3.107918274021446,0.0,129
657154,3440,2.830651552833612,2.830651552833612,0.0,82
657207,3441,2.213186159178567,2.183186159178567,1.0,53
657278,3442,2.6865464623078568,2.656546462307857,1.0,71
657345,3443,1.4966578203827836,1.4966578203827836,0.0,67
657497,3444,2.0966860615935294,2.0966860615935294,0.0,152
657597,3445,1.6566231611361477,0.5166231611361471,38.0,100
657690,3446,3.424646718350388,3.3346467183503883,3.0,93
657877,3447,3.3023982283758286,2.912398228375829,13.0,187
657952,3448,2.4678043284117837,1.7778043284117828,23.0,75
658003,3449,1.6151009419995195,1.6151009419995195,0.0,51
658138,3450,2.8028739713909556,2.3528739713909554,15.0,135
658212,3451,2.84163960239461,2.84163960239461,0.0,74
658307,3452,3.5097576551249796,2.579757655124981,31.0,95
659307,3453,0.22282921535006794,0.22282921535006794,0.0,1000
659437,3454,2.2518709749083206,1.7118709749083205,18.0,130
660437,3455,0.22176305140951014,0.22176305140951014,0.0,1000
660590,3456,2.5213753594856074,2.5213753594856074,0.0,153
660675,3457,1.3405943605588178,1.3405943605588178,0.0,85
660745,3458,2.6969666409275606,2.6669666409275607,1.0,70
660857,3459,1.7730732227770636,1.6830732227770635,3.0,112
660920,3460,1.5978301390454988,1.5978301390454988,0.0,63
661066,3461,2.5910753994048092,2.2010753994048096,13.0,146
661124,3462,2.3383399329004644,2.3383399329004644,0.0,58
662124,3463,-0.30130839444174295,-0.30130839444174295,0.0,1000
662258,3464,2.9806793812030987,2.800679381203098,6.0,134
662487,3465,3.0562251935106115,2.7862251935106115,9.0,229
662557,3466,2.521030940643608,2.521030940643608,0.0,70
662842,3467,3.223341966111321,2.7733419661113214,15.0,285
662916,3468,2.8994515705099353,2.8994515705099353,0.0,74
663010,3469,2.8131942133082637,2.3631942133082635,15.0,94
663151,3470,1.8893753331562058,1.1993753331562054,23.0,141
663290,3471,2.459380173388354,2.2193801733883545,8.0,139
663380,3472,2.7816748897070984,2.7816748897070984,0.0,90
663501,3473,2.116496165562903,2.056496165562903,2.0,121
663599,3474,2.7421127692777567,2.3221127692777563,14.0,98
663628,3475,1.388799784916982,1.388799784916982,0.0,29
663714,3476,1.3684556027906774,1.3684556027906774,0.0,86
663946,3477,2.80619853642802,1.456198536428019,45.0,232
664040,3478,3.2544052341729017,2.8944052341729014,12.0,94
665040,3479,1.8654205081196569,-14.034579491880324,530.0,1000
665166,3480,3.2118242592183726,2.341824259218373,29.0,126
665359,3481,3.6190479470005097,3.1390479470005097,16.0,193
665508,3482,2.48391109233085,2.09391109233085,13.0,149
665604,3483,2.248358201396697,2.098358201396697,5.0,96
665651,3484,1.87625461923845,1.8162546192384499,2.0,47
665732,3485,2.2701872093258,2.0901872093258,6.0,81
666732,3486,-1.3341616830389,-2.594161683038897,42.0,1000
666841,3487,1.5960760820345503,0.6660760820345499,31.0,109
666938,3488,3.3224047156718264,2.842404715671826,16.0,97
667167,3489,3.9680525565081917,3.6080525565081922,12.0,229
667256,3490,3.12688669489579,2.7668866948957893,12.0,89
667387,3491,2.2739083572977883,1.8839083572977882,13.0,131
667459,3492,2.711898978834466,2.711898978834466,0.0,72
667498,3493,1.6937708738094976,1.4837708738094975,7.0,39
667625,3494,2.215926729949924,1.975926729949924,8.0,127
667721,3495,2.8795456356759113,2.5795456356759114,10.0,96
667772,3496,1.7347781976509775,1.7347781976509775,0.0,51
667843,3497,2.7564833434556206,2.5464833434556207,7.0,71
667867,3498,1.2948546368743632,1.2948546368743632,0.0,24
668867,3499,-0.2544021882499998,-0.2544021882499998,0.0,1000
668906,3500,1.7453512395085302,1.7453512395085302,0.0,39
669009,3501,1.9031504303676685,1.5131504303676684,13.0,103
669070,3502,2.1081731868879623,2.1081731868879623,0.0,61
669178,3503,2.1576880821818185,2.1576880821818185,0.0,108
669241,3504,2.100060902773365,2.070060902773365,1.0,63
670241,3505,0.33839665578067857,-5.361603344219308,190.0,1000
670271,3506,1.4503245612668252,1.4503245612668252,0.0,30
670406,3507,2.317902396153869,2.317902396153869,0.0,135
670475,3508,2.5742271607779648,2.214227160777966,12.0,69
670573,3509,1.7483298392916173,1.7483298392916173,0.0,98
670690,3510,1.9401835382010317,1.8201835382010316,4.0,117
670755,3511,2.021047251694383,2.021047251694383,0.0,65
670832,3512,1.9371257683102332,1.427125768310233,17.0,77
670877,3513,1.8747659330944768,1.7847659330944767,3.0,45
670965,3514,1.3234789983698145,1.1134789983698146,7.0,88
671022,3515,2.1594674567405994,2.1594674567405994,0.0,57
671095,3516,2.1439527289553273,2.1439527289553273,0.0,73
671161,3517,2.4836318825615638,2.093631882561563,13.0,66
671217,3518,1.726972029094788,1.726972029094788,0.0,56
671329,3519,3.50018572381168,3.2001857238116793,10.0,112
671376,3520,1.737351956957724,1.737351956957724,0.0,47
672376,3521,0.1556775152113512,-18.144322484788603,610.0,1000
672448,3522,2.4094200266264876,2.109420026626487,10.0,72
672497,3523,2.0411560442481296,2.0411560442481296,0.0,49
672593,3524,3.3546566514535394,3.29465665145354,2.0,96
672650,3525,2.2917018999216796,2.2317018999216796,2.0,57
672728,3526,2.44032682469052,2.2303268246905197,7.0,78
672805,3527,2.342136403789697,2.342136403789697,0.0,77
672977,3528,2.392869266971748,1.7028692669717467,23.0,172
673977,3529,0.6303873939025356,-21.509612606097495,738.0,1000
674028,3530,1.547120471479167,1.547120471479167,0.0,51
674116,3531,3.0456994849053545,2.8356994849053545,7.0,88
674355,3532,2.2576885915924505,1.8376885915924508,14.0,239
674399,3533,1.8296097724860059,1.4996097724860058,11.0,44
674448,3534,2.0266421042898823,1.9666421042898823,2.0,49
674488,3535,1.687669049755687,1.357669049755687,11.0,40
674551,3536,2.4516743480497225,2.3916743480497225,2.0,63
674617,3537,2.4625982198056446,2.402598219805644,2.0,66
675617,3538,0.016135353599951774,0.016135353599951774,0.0,1000
676617,3539,-1.6989351053011759,-1.6989351053011759,0.0,1000
676703,3540,2.0392373262632524,1.8292373262632522,7.0,86
676747,3541,1.8165129372963018,1.5465129372963016,9.0,44
676925,3542,1.628727386787425,1.628727386787425,0.0,178
676973,3543,1.8638978295750046,1.8638978295750046,0.0,48
677051,3544,1.3447988333376846,1.3447988333376846,0.0,78
677110,3545,2.260895772089688,2.1408957720896877,4.0,59
677214,3546,1.890501503628586,1.890501503628586,0.0,104
677260,3547,1.5287679656665702,1.5287679656665702,0.0,46
678260,3548,0.8116437074603549,-1.888356292539647,90.0,1000
678401,3549,2.4307215072824397,2.3107215072824396,4.0,141
678425,3550,1.2644837270868414,1.2644837270868414,0.0,24
678458,3551,1.519695727833164,1.519695727833164,0.0,33
679217,3552,3.6183528092286714,3.2883528092286713,11.0,759
679243,3553,1.3230588523975355,1.3230588523975355,0.0,26
679419,3554,2.9719270288419906,2.701927028841991,9.0,176
680419,3555,0.5361751159263348,-10.293824884073654,361.0,1000
680485,3556,2.5153139367632473,2.4553139367632473,2.0,66
681485,3557,0.08860330548968376,0.08860330548968376,0.0,1000
681580,3558,3.521305237478591,3.521305237478591,0.0,95
681815,3559,3.2936959957340752,3.2336959957340747,2.0,235
681874,3560,1.3843462159438746,1.3543462159438746,1.0,59
682024,3561,2.244079211244479,2.244079211244479,0.0,150
682083,3562,1.4425398774842901,1.4425398774842901,0.0,59
682191,3563,3.4414053268737543,2.571405326873755,29.0,108
682276,3564,2.7893436087430863,2.4593436087430867,11.0,85
682565,3565,2.5828322301804896,1.1128322301804896,49.0,289
683565,3566,0.3302832307017476,-14.939716769298268,509.0,1000
683645,3567,2.9926076477784624,2.812607647778462,6.0,80
683709,3568,2.4997823272688238,2.4397823272688237,2.0,64
683837,3569,2.183458524105476,2.183458524105476,0.0,128
683887,3570,1.9913064339352318,1.9613064339352317,1.0,50
683972,3571,1.8123919829066764,1.8123919829066764,0.0,85
684032,3572,1.9342016939167368,1.8742016939167367,2.0,60
684087,3573,1.4532831391674634,1.4532831391674634,0.0,55
684204,3574,1.3439712922052938,1.3439712922052938,0.0,117
684257,3575,2.007367464968099,2.007367464968099,0.0,53
684331,3576,2.8260669607463886,2.4660669607463888,12.0,74
684501,3577,2.9386103551671354,1.2286103551671348,57.0,170
684578,3578,2.7831887754371802,2.3631887754371794,14.0,77
684650,3579,1.4571252346716141,1.4571252346716141,0.0,72
684718,3580,2.4555053813729195,2.1255053813729194,11.0,68
684926,3581,2.820169494690016,2.4601694946900157,12.0,208
684980,3582,1.8108267098392559,1.7508267098392558,2.0,54
685097,3583,2.4810808262013353,1.9410808262013346,18.0,117
685203,3584,2.941009438425158,2.941009438425158,0.0,106
685291,3585,2.493743357058819,2.373743357058819,4.0,88
685350,3586,1.9175175754664981,1.5275175754664978,13.0,59
685435,3587,1.2830008488093374,0.8930008488093374,13.0,85
685601,3588,2.5460234887258553,2.516023488725855,1.0,166
685641,3589,1.699032251523683,1.699032251523683,0.0,40
685699,3590,2.14386681542629,2.14386681542629,0.0,58
685782,3591,2.44557164600857,2.35557164600857,3.0,83
685846,3592,2.108741472160343,2.108741472160343,0.0,64
685888,3593,1.8272431509761096,1.4672431509761095,12.0,42
685925,3594,1.303457825400448,1.303457825400448,0.0,37
685981,3595,1.820373923932987,1.820373923932987,0.0,56
686051,3596,2.175283085111993,2.175283085111993,0.0,70
686122,3597,2.158818245882869,2.158818245882869,0.0,71
686163,3598,1.7596501333668566,1.7596501333668566,0.0,41
686229,3599,2.585508951166784,2.5555089511667837,1.0,66
686339,3600,1.7812586997871251,1.7812586997871251,0.0,110
686481,3601,3.4159298983362523,2.4259298983362525,33.0,142
687417,3602,3.7614488440870555,3.011448844087056,25.0,936
687510,3603,3.012889167933841,2.5028891679338408,17.0,93
687573,3604,2.19499162682187,2.1349916268218703,2.0,63
687725,3605,2.453068730196523,1.3430687301965227,37.0,152
688139,3606,3.15485791160477,2.7348579116047698,14.0,414
688234,3607,1.6794975110134434,1.6794975110134434,0.0,95
688302,3608,2.5232245763244583,2.373224576324458,5.0,68
688426,3609,3.279669588619631,2.889669588619631,13.0,124
688540,3610,2.598194417528447,2.178194417528446,14.0,114
688592,3611,2.1068068645947307,2.1068068645947307,0.0,52
689592,3612,-0.5271493900128372,-0.7671493900128374,8.0,1000
689804,3613,2.28157538556101,0.18157538556100872,70.0,212
690123,3614,2.9948110179290723,2.814811017929072,6.0,319
691123,3615,-0.07967284433079902,-0.07967284433079902,0.0,1000
691211,3616,1.5054609160082117,0.9054609160082114,20.0,88
691270,3617,2.2769741968111763,2.2769741968111763,0.0,59
691360,3618,1.6927174482733474,1.6927174482733474,0.0,90
691525,3619,2.58315077835067,1.8931507783506705,23.0,165
692525,3620,-1.1943625980096293,-1.94436259800963,25.0,1000
692574,3621,1.5620773888666182,1.5620773888666182,0.0,49
692665,3622,3.1338321579748496,2.8938321579748503,8.0,91
692817,3623,1.7264599698086784,1.7264599698086784,0.0,152
692991,3624,4.652818094983873,4.322818094983873,11.0,174
693169,3625,2.6660014006473642,2.156001400647364,17.0,178
693273,3626,3.1228335266406506,3.0928335266406504,1.0,104
693337,3627,2.527500574817517,2.527500574817517,0.0,64
693477,3628,2.6463071032167953,1.9863071032167952,22.0,140
693631,3629,1.5083509693104062,1.5083509693104062,0.0,154
693763,3630,3.2405147614193712,3.2405147614193712,0.0,132
693884,3631,2.106792740948328,1.6267927409483287,16.0,121
694084,3632,3.672032654167292,3.2520326541672926,14.0,200
694118,3633,1.5337715422733984,1.5337715422733984,0.0,34
694219,3634,2.31117428903205,2.0711742890320504,8.0,101
695219,3635,-0.680269414118083,-1.9102694141180838,41.0,1000
695346,3636,2.515109691954133,1.4351096919541324,36.0,127
695411,3637,2.4705631720100483,2.4705631720100483,0.0,65
695439,3638,1.3251922585773894,1.3251922585773894,0.0,28
695505,3639,1.7272589243106526,1.337258924310653,13.0,66
695628,3640,3.0408493815246547,2.530849381524655,17.0,123
696628,3641,0.5667810461333533,0.5367810461333533,1.0,1000
697628,3642,0.5499270625839019,-4.790072937416093,178.0,1000
697790,3643,2.664246504753522,1.9442465047535207,24.0,162
698367,3644,2.434609563138764,-6.235390436861218,289.0,577
698436,3645,2.431822186568506,2.3718221865685063,2.0,69
698516,3646,1.3605747579898737,1.3605747579898737,0.0,80
699516,3647,-1.720572593584875,-2.1705725935848754,15.0,1000
699624,3648,1.6137908898276678,1.6137908898276678,0.0,108
699699,3649,2.354342457682531,1.934342457682531,14.0,75
699780,3650,2.7157953313117056,2.3857953313117064,11.0,81
700780,3651,-1.2493391058787098,-1.2493391058787098,0.0,1000
700878,3652,2.4656208963275597,2.3156208963275593,5.0,98
701007,3653,2.3452312244875007,2.2252312244875005,4.0,129
701100,3654,1.5406986651660473,1.4806986651660472,2.0,93
701156,3655,2.3392109724629773,2.3392109724629773,0.0,56
701751,3656,3.439797758862017,3.109797758862019,11.0,595
701852,3657,1.4564874880076708,1.4564874880076708,0.0,101
701990,3658,2.2521241214521073,2.132124121452107,4.0,138
702084,3659,3.368883770241891,3.368883770241891,0.0,94
702113,3660,1.4022082184533937,1.4022082184533937,0.0,29
702280,3661,3.350056114380452,3.200056114380452,5.0,167
703280,3662,-0.9731293472032005,-0.9731293472032005,0.0,1000
703348,3663,2.4896096988705403,1.9796096988705396,17.0,68
703399,3664,2.0800486409606065,2.0800486409606065,0.0,51
703458,3665,2.2746407338447785,1.9146407338447782,12.0,59
703543,3666,2.934136834954084,2.3941368349540832,18.0,85
703623,3667,2.8398082290666045,2.5398082290666055,10.0,80
703712,3668,2.499358330396082,2.499358330396082,0.0,89
703777,3669,2.335900123812296,2.335900123812296,0.0,65
703855,3670,2.769976160857561,2.349976160857561,14.0,78
703928,3671,2.6518632804012925,2.6518632804012925,0.0,73
704015,3672,3.20367292127358,3.20367292127358,0.0,87
704134,3673,2.4534883313063363,2.213488331306336,8.0,119
704167,3674,1.4616719826609375,1.2816719826609373,6.0,33
704324,3675,2.099332887380722,1.589332887380722,17.0,157
704491,3676,2.8776586821412717,2.547658682141272,11.0,167
705491,3677,-0.5100530287074063,-0.5100530287074063,0.0,1000
705537,3678,1.6130316500843123,1.6130316500843123,0.0,46
705608,3679,1.7558986046431377,1.7558986046431377,0.0,71
705668,3680,2.0562174551534396,2.0562174551534396,0.0,60
705716,3681,1.5593670725561046,1.5593670725561046,0.0,48
705806,3682,1.6551010208877581,1.6551010208877581,0.0,90
705834,3683,1.3562277790426,1.3562277790426,0.0,28
706009,3684,2.3565573073627135,0.9465573073627124,47.0,175
706033,3685,1.2601268064210296,1.2601268064210296,0.0,24
707033,3686,-0.05243007488122009,-0.05243007488122009,0.0,1000
707063,3687,1.3589346917802623,1.3589346917802623,0.0,30
707185,3688,2.4951616584850527,2.345161658485053,5.0,122
707261,3689,2.6520648400774007,2.3220648400774007,11.0,76
707287,3690,1.3525549222867301,1.3525549222867301,0.0,26
707357,3691,2.611298516182784,2.4012985161827842,7.0,70
707570,3692,2.1924128942980334,2.0424128942980335,5.0,213
707691,3693,2.8053980777276455,2.715398077727645,3.0,121
707858,3694,2.754884732652563,2.6948847326525636,2.0,167
707925,3695,2.4218660795843645,2.4218660795843645,0.0,67
708019,3696,3.462347313841854,3.102347313841853,12.0,94
708053,3697,1.5081986221811783,1.5081986221811783,0.0,34
708217,3698,2.744323790453537,2.684323790453537,2.0,164
708370,3699,2.1782816541551138,2.058281654155114,4.0,153
708492,3700,2.434376733717653,1.5643767337176526,29.0,122
709492,3701,-0.9890865622556513,-0.9890865622556513,0.0,1000
709640,3702,1.8538823730326979,1.7638823730326978,3.0,148
709744,3703,1.616812749379183,1.616812749379183,0.0,104
710017,3704,3.4430522912438732,2.123052291243871,44.0,273
710164,3705,2.6016168913668896,2.5716168913668893,1.0,147
710233,3706,2.106917988880912,2.106917988880912,0.0,69
710358,3707,2.7512811512801947,2.7512811512801947,0.0,125
710691,3708,3.517554860709976,1.2375548607099744,76.0,333
711691,3709,-1.0009527577441446,-1.960952757744145,32.0,1000
711776,3710,2.8012005148928134,2.8012005148928134,0.0,85
712019,3711,1.8022085148852556,-1.257791485114746,102.0,243
712480,3712,1.7895117026674234,-4.540488297332578,211.0,461
712574,3713,3.121995785470344,3.121995785470344,0.0,94
712711,3714,2.7259888306014215,2.335988830601422,13.0,137
712802,3715,2.9112122824140054,2.1912122824140052,24.0,91
713035,3716,2.4290188533889894,2.4290188533889894,0.0,233
714035,3717,-0.10127847855613448,-0.10127847855613448,0.0,1000
714087,3718,2.067559373268372,2.067559373268372,0.0,52
714147,3719,1.462150215975129,1.462150215975129,0.0,60
714208,3720,1.5191536318971182,1.5191536318971182,0.0,61
714253,3721,1.3140589001042775,1.3140589001042775,0.0,45
714359,3722,2.147106465768587,1.9071064657685866,8.0,106
714442,3723,2.622492904260204,1.4824929042602033,38.0,83
714542,3724,1.7952984630708593,1.7952984630708593,0.0,100
714588,3725,1.411737945097432,1.411737945097432,0.0,46
714703,3726,2.0634505840141206,2.0634505840141206,0.0,115
714840,3727,1.6121606411319225,1.6121606411319225,0.0,137
715032,3728,1.9427281111233154,1.492728111123315,15.0,192
715123,3729,2.9913927007687127,2.691392700768713,10.0,91
715258,3730,2.6527514793775344,2.622751479377535,1.0,135
715391,3731,2.02334415384658,0.9133441538465799,37.0,133
715478,3732,2.9173199765983036,2.9173199765983036,0.0,87
716478,3733,0.8115196693084017,0.6615196693084016,5.0,1000
716560,3734,2.895719847837414,2.6857198478374142,7.0,82
716615,3735,2.155017790418481,2.1250177904184806,1.0,55
716657,3736,1.7753016507427957,1.7753016507427957,0.0,42
716727,3737,2.5865381245611965,2.5865381245611965,0.0,70
716789,3738,2.376301561824494,2.376301561824494,0.0,62
716891,3739,1.5874428257511355,1.5574428257511355,1.0,102
716944,3740,2.100862565922111,2.100862565922111,0.0,53
717041,3741,2.672515127271358,2.402515127271358,9.0,97
717065,3742,1.2632544670784305,1.2632544670784305,0.0,24
717197,3743,3.2058764609855768,2.425876460985576,26.0,132
717423,3744,2.5870805015730323,2.137080501573032,15.0,226
717555,3745,2.2686901697368786,2.238690169736879,1.0,132
717635,3746,2.0768487159150526,1.3568487159150528,24.0,80
717791,3747,2.82561412771261,1.62561412771261,40.0,156
717870,3748,2.4443648662369974,2.4443648662369974,0.0,79
717970,3749,1.3184861807509827,1.3184861807509827,0.0,100
718295,3750,3.7934704885497648,3.103470488549764,23.0,325
719295,3751,0.7027080374869241,-25.307291962513023,867.0,1000
719359,3752,2.5149571247198974,2.3949571247198973,4.0,64
719482,3753,2.357560277514256,2.3275602775142556,1.0,123
719609,3754,2.3074176444430616,2.037417644443061,9.0,127
719697,3755,1.6943365242777486,1.3643365242777485,11.0,88
719741,3756,1.8010947754800708,1.8010947754800708,0.0,44
720690,3757,3.18937083545296,3.18937083545296,0.0,949
720792,3758,1.9166564503236487,1.9166564503236487,0.0,102
720829,3759,1.4706378316718252,1.4706378316718252,0.0,37
720871,3760,1.7891182992914008,1.7891182992914008,0.0,42
720970,3761,3.5243357056088627,3.5243357056088627,0.0,99
721005,3762,1.5866394244929356,1.5866394244929356,0.0,35
721129,3763,2.1456891831276312,2.1456891831276312,0.0,124
721197,3764,2.4390171381447825,2.0190171381447826,14.0,68
721325,3765,2.1372876486487247,1.7472876486487243,13.0,128
722325,3766,-0.09858017687954801,-0.09858017687954801,0.0,1000
722372,3767,1.4081905681258393,1.4081905681258393,0.0,47
722565,3768,2.9290312399881566,1.549031239988155,46.0,193
722708,3769,2.3545149849730933,1.8445149849730929,17.0,143
722790,3770,2.764851726580166,2.254851726580167,17.0,82
722818,3771,1.3598432942688325,1.3598432942688325,0.0,28
722851,3772,1.2940349654959826,1.2940349654959826,0.0,33
722890,3773,1.4151892236913621,1.4151892236913621,0.0,39
722994,3774,2.6512168518978534,2.2912168518978535,12.0,104
723136,3775,2.7899750158731664,2.759975015873166,1.0,142
723211,3776,2.8693998041961164,2.7793998041961165,3.0,75
723316,3777,1.6808224570202368,1.3808224570202365,10.0,105
724316,3778,0.8473449988910078,-15.382655001108988,541.0,1000
724370,3779,1.5598920327509107,1.5598920327509107,0.0,54
724605,3780,2.961232185600938,2.121232185600938,28.0,235
724750,3781,2.40451444866179,2.40451444866179,0.0,145
724806,3782,2.2898553920860634,2.2298553920860633,2.0,56
724865,3783,1.56047932105086,1.56047932105086,0.0,59
724907,3784,1.5120724832705676,1.5120724832705676,0.0,42
724980,3785,2.758356214413031,2.698356214413031,2.0,73
725173,3786,1.3281786945900196,0.5781786945900186,25.0,193
725339,3787,2.876002311159486,2.876002311159486,0.0,166
725548,3788,3.0015412859346,2.5515412859346,15.0,209
725989,3789,2.267224188960588,1.9372241889605881,11.0,441
726034,3790,1.6341640596791807,1.6341640596791807,0.0,45
727034,3791,0.048270866314544136,0.048270866314544136,0.0,1000
727122,3792,2.5737140867562673,1.853714086756268,24.0,88
727208,3793,3.060593294051329,3.060593294051329,0.0,86
728208,3794,-0.9287051094120944,-0.9287051094120944,0.0,1000
728273,3795,2.3160002903299572,2.3160002903299572,0.0,65
728337,3796,2.4407861554320034,2.4407861554320034,0.0,64
728362,3797,1.2999378989181216,1.2999378989181216,0.0,25
728434,3798,1.2796794749628337,1.2796794749628337,0.0,72
728652,3799,2.6691778832787514,2.369177883278751,10.0,218
729305,3800,2.9427225939312374,2.702722593931237,8.0,653
729468,3801,2.935274084642912,1.5552740846429118,46.0,163
730468,3802,-0.38932361469340826,-0.38932361469340826,0.0,1000
730619,3803,2.5889172063492714,2.4689172063492713,4.0,151
730767,3804,2.675362738578529,2.345362738578529,11.0,148
730882,3805,1.812160392828276,0.8821603928282754,31.0,115
730944,3806,2.444889410383129,2.444889410383129,0.0,62
731092,3807,2.5103729150870873,2.5103729150870873,0.0,148
731204,3808,1.8824298037157248,1.4024298037157243,16.0,112
731265,3809,2.2438208856775987,2.1838208856775987,2.0,61
732265,3810,-0.9432217633280446,-5.083221763328032,138.0,1000
732343,3811,2.6582711647289523,2.1782711647289523,16.0,78
732381,3812,1.718164378376568,1.718164378376568,0.0,38
732481,3813,3.250927823406104,3.250927823406104,0.0,100
733481,3814,1.2556265187912299,-19.98437348120871,708.0,1000
733558,3815,2.8665680055435114,2.806568005543512,2.0,77
733703,3816,2.778003823048571,2.778003823048571,0.0,145
733732,3817,1.3187982700126786,1.3187982700126786,0.0,29
733869,3818,1.9265100189990472,1.7165100189990472,7.0,137
733938,3819,2.6237358161626325,2.2937358161626324,11.0,69
734074,3820,3.991901263266372,3.871901263266371,4.0,136
734223,3821,2.2448005092390133,2.2448005092390133,0.0,149
734284,3822,2.053269636929847,1.9632696369298466,3.0,61
734314,3823,1.432069981194142,1.432069981194142,0.0,30
734351,3824,1.5730500598126076,1.5730500598126076,0.0,37
734403,3825,1.852696447626382,1.852696447626382,0.0,52
734543,3826,2.473139413225139,2.473139413225139,0.0,140
734620,3827,2.8209225595623586,2.8209225595623586,0.0,77
734697,3828,2.7578118589832807,2.7578118589832807,0.0,77
734804,3829,2.9387520989021834,2.9387520989021834,0.0,107
734943,3830,2.357883374764328,1.9078833747643273,15.0,139
735001,3831,2.3540407468620055,2.3540407468620055,0.0,58
735034,3832,1.533945484571022,1.533945484571022,0.0,33
735080,3833,1.9524917327491473,1.7424917327491474,7.0,46
735158,3834,2.114643981116331,1.9946439811163306,4.0,78
735296,3835,2.4987601822129406,2.3187601822129404,6.0,138
736296,3836,-0.19075170670544672,-0.760751706705447,19.0,1000
736378,3837,2.858240255909096,2.4682402559090955,13.0,82
736464,3838,2.905108750375515,2.7551087503755154,5.0,86
736536,3839,2.772731092799057,2.412731092799057,12.0,72
736592,3840,2.1449515296572796,1.724951529657279,14.0,56
737592,3841,1.0984885821116124,-18.551511417888364,655.0,1000
737630,3842,1.6587917625594408,1.6587917625594408,0.0,38
737792,3843,2.472788174838432,2.262788174838432,7.0,162
737875,3844,3.0971417625369115,3.0971417625369115,0.0,83
737975,3845,1.702104704754231,0.9521047047542315,25.0,100
738035,3846,1.4611164790657143,1.4611164790657143,0.0,60
738104,3847,2.096310601041766,2.0663106010417662,1.0,69
738197,3848,2.936352818190911,2.876352818190911,2.0,93
738321,3849,2.8276709998309135,2.467670999830913,12.0,124
738365,3850,1.7154435402796597,1.7154435402796597,0.0,44
738428,3851,1.6090023579869897,1.6090023579869897,0.0,63
738539,3852,1.7971441825906158,1.6171441825906159,6.0,111
738664,3853,1.906343042117219,1.906343042117219,0.0,125
738864,3854,2.9507772209352856,1.7807772209352863,39.0,200
738950,3855,2.9583566822845184,2.268356682284519,23.0,86
739950,3856,-0.5876094349039778,-0.5876094349039778,0.0,1000
740009,3857,2.0733386473886912,2.013338647388691,2.0,59
740152,3858,2.1469623161219515,1.756962316121951,13.0,143
740219,3859,1.951615232782839,1.5916152327828392,12.0,67
741219,3860,0.6167037422197956,0.6167037422197956,0.0,1000
741442,3861,2.921554687418536,1.5115546874185355,47.0,223
741512,3862,2.6366404626157074,2.6366404626157074,0.0,70
741624,3863,3.6092407788764493,2.919240778876449,23.0,112
741770,3864,1.8729639283873978,1.3329639283873977,18.0,146
741865,3865,3.320459908397237,2.9604599083972376,12.0,95
741953,3866,3.287739929859323,3.287739929859323,0.0,88
742020,3867,1.9844588969001093,1.9844588969001093,0.0,67
743020,3868,-0.49520833416290566,-0.49520833416290566,0.0,1000
743349,3869,2.562438784394825,2.4424387843948248,4.0,329
743396,3870,1.6285918727232223,1.6285918727232223,0.0,47
743490,3871,3.3566333401189015,3.2666333401189016,3.0,94
743679,3872,2.46620915951423,1.3562091595142292,37.0,189
743738,3873,2.2127853877304116,2.1527853877304115,2.0,59
743819,3874,2.002288913341996,1.7622889133419959,8.0,81
743899,3875,2.8883117036934145,2.8283117036934144,2.0,80
744060,3876,2.3164555066977233,1.8064555066977221,17.0,161
744190,3877,1.9536271455530745,1.8036271455530746,5.0,130
744271,3878,2.1324509097447786,2.1024509097447788,1.0,81
744346,3879,2.5063535877601213,2.5063535877601213,0.0,75
744410,3880,2.366616210060468,2.2766162100604688,3.0,64
744462,3881,2.1054895243753515,2.0754895243753513,1.0,52
744519,3882,2.2992050183199075,2.2992050183199075,0.0,57
744786,3883,3.1666927603669883,2.4766927603669884,23.0,267
744866,3884,1.427287041047796,1.427287041047796,0.0,80
744923,3885,1.5597285234273113,1.5597285234273113,0.0,57
744979,3886,1.8388971963912415,1.8388971963912415,0.0,56
745085,3887,2.8813323347724227,2.8813323347724227,0.0,106
745141,3888,1.9315047206101679,1.5715047206101675,12.0,56
745178,3889,1.4680977389840895,1.4680977389840895,0.0,37
745250,3890,2.3575689540092544,2.3575689540092544,0.0,72
745326,3891,2.046223603045574,2.046223603045574,0.0,76
745363,3892,1.6187700220784946,1.6187700220784946,0.0,37
745414,3893,1.4437768960912394,1.4437768960912394,0.0,51
745508,3894,3.116696375102098,2.516696375102097,20.0,94
745595,3895,2.992887261212278,2.992887261212278,0.0,87
746595,3896,-0.0658305717866039,-0.0658305717866039,0.0,1000
746679,3897,1.5099361166480672,1.5099361166480672,0.0,84
746714,3898,1.529233696811918,1.529233696811918,0.0,35
746902,3899,1.4233099843165804,1.4233099843165804,0.0,188
747073,3900,1.7904915903079823,1.7904915903079823,0.0,171
747913,3901,2.7199738019278383,1.729973801927838,33.0,840
748088,3902,3.6177278581617482,3.377727858161749,8.0,175
748242,3903,3.117779601914135,3.117779601914135,0.0,154
748332,3904,2.6248355050285728,2.5648355050285727,2.0,90
748436,3905,1.5467953436138981,1.5467953436138981,0.0,104
748532,3906,2.1355229152273685,1.9855229152273683,5.0,96
748594,3907,1.799344992511509,1.349344992511509,15.0,62
748636,3908,1.7925924958517387,1.7925924958517387,0.0,42
748683,3909,1.982838062753472,1.742838062753472,8.0,47
748728,3910,1.4739705758730834,1.4739705758730834,0.0,45
748849,3911,3.449511579677549,3.449511579677549,0.0,121
748947,3912,3.3626235106519253,3.2726235106519255,3.0,98
749124,3913,2.016560917555634,1.7165609175556336,10.0,177
749227,3914,2.4209230617621715,2.330923061762171,3.0,103
749474,3915,3.221520313682051,2.6515203136820515,19.0,247
749592,3916,2.8997235577947533,2.6297235577947533,9.0,118
750592,3917,-0.39756744029610536,-9.3075674402961,297.0,1000
750675,3918,2.9262682981347505,2.9262682981347505,0.0,83
750818,3919,2.323525075640344,2.323525075640344,0.0,143
750868,3920,1.8818921961404462,1.8818921961404462,0.0,50
750928,3921,2.325897795391584,2.325897795391584,0.0,60
750959,3922,1.4755337825440469,1.4755337825440469,0.0,31
751959,3923,0.04568365404086272,0.04568365404086272,0.0,1000
752090,3924,2.3995237207051283,2.3095237207051276,3.0,131
753090,3925,-1.8137797242583749,-2.3837797242583756,19.0,1000
753199,3926,1.8272344714665567,1.7672344714665567,2.0,109
753370,3927,2.958983530609284,1.3389835306092837,54.0,171
753470,3928,3.368264462404859,3.0382644624048583,11.0,100
753529,3929,1.9569530633195475,1.9569530633195475,0.0,59
753996,3930,3.413494073266088,2.8734940732660874,18.0,467
754024,3931,1.3167006069524572,1.3167006069524572,0.0,28
754092,3932,2.173123874504075,2.0231238745040745,5.0,68
754135,3933,1.6567468511280548,1.6567468511280548,0.0,43
754194,3934,2.311226530263869,2.311226530263869,0.0,59
754288,3935,3.407755478235413,3.0477554782354126,12.0,94
754345,3936,2.290010020682052,2.2300100206820526,2.0,57
754388,3937,1.861186380428655,1.861186380428655,0.0,43
754446,3938,1.4378055962458398,1.4378055962458398,0.0,58
754590,3939,2.0655874883574965,0.9855874883574962,36.0,144
754672,3940,2.486948311218778,2.2469483112187785,8.0,82
754781,3941,2.0954313647546883,1.3154313647546882,26.0,109
754910,3942,2.1951552473349594,1.1451552473349589,35.0,129
754962,3943,2.1023918053985238,1.9823918053985237,4.0,52
755028,3944,2.429776599522917,2.429776599522917,0.0,66
755060,3945,1.47432397102075,1.47432397102075,0.0,32
755156,3946,1.429498084426648,1.429498084426648,0.0,96
755258,3947,2.4080704761851193,1.6580704761851193,25.0,102
755326,3948,1.6110392978992185,1.6110392978992185,0.0,68
755356,3949,1.4209723768933942,1.4209723768933942,0.0,30
755426,3950,2.6535594014223776,2.6535594014223776,0.0,70
755497,3951,1.5322242991368134,1.5322242991368134,0.0,71
756497,3952,-0.018375002221017844,-0.018375002221017844,0.0,1000
756645,3953,2.213618873381691,2.213618873381691,0.0,148
757645,3954,0.8051397595050079,-17.704860240494984,617.0,1000
757693,3955,1.9582974407862546,1.9582974407862546,0.0,48
757802,3956,1.4031469853150877,1.4031469853150877,0.0,109
757856,3957,1.7680504579178,1.7680504579178,0.0,54
758856,3958,-1.3684328507175523,-3.408432850717548,68.0,1000
758919,3959,2.023323811788284,1.6633238117882838,12.0,63
758987,3960,2.5205122296919473,2.5205122296919473,0.0,68
759154,3961,3.0745895304915156,1.5445895304915147,51.0,167
760154,3962,-0.7772121192112702,-26.817212119211273,868.0,1000
760281,3963,3.923220044901841,3.833220044901842,3.0,127
760347,3964,2.6042854366679538,2.2442854366679534,12.0,66
760472,3965,2.335363188048642,2.095363188048642,8.0,125
760646,3966,3.0065502689106784,2.736550268910679,9.0,174
760699,3967,2.131219124419687,2.131219124419687,0.0,53
760854,3968,2.5879542625761025,2.3179542625761034,9.0,155
761260,3969,2.7562886590636495,2.3362886590636487,14.0,406
762260,3970,0.3847941656014604,-15.245205834398524,521.0,1000
762346,3971,1.2792374101079556,0.289237410107955,33.0,86
762615,3972,3.2247745148242695,2.444774514824271,26.0,269
762723,3973,3.3822688027245382,2.812268802724538,19.0,108
762818,3974,3.389814451044219,3.269814451044219,4.0,95
762936,3975,1.8271055976139448,1.8271055976139448,0.0,118
763231,3976,3.171204672836155,2.9012046728361556,9.0,295
763341,3977,1.4791946458604808,1.4791946458604808,0.0,110
763391,3978,2.0218191352747703,2.0218191352747703,0.0,50
763551,3979,2.4102097055098017,2.2902097055098016,4.0,160
763660,3980,2.3605370091127034,2.3605370091127034,0.0,109
764106,3981,3.166382249247955,2.9563822492479543,7.0,446
764238,3982,2.056282704471571,1.9962827044715707,2.0,132
764343,3983,3.152939169245842,2.972939169245842,6.0,105
764390,3984,1.9787013452016509,1.828701345201651,5.0,47
764433,3985,1.8243639687063684,1.5543639687063684,9.0,43
764481,3986,1.799918427781503,1.529918427781503,9.0,48
764690,3987,2.3081284598513174,2.3081284598513174,0.0,209
764731,3988,1.7802535828625738,1.4202535828625735,12.0,41
765118,3989,2.8819995064435937,1.0819995064435934,60.0,387
765286,3990,3.711753772964485,3.5317537729644854,6.0,168
765315,3991,1.410251270300102,1.410251270300102,0.0,29
765426,3992,1.9189643966571492,1.8289643966571494,3.0,111
766426,3993,-1.2274669843555852,-1.2274669843555852,0.0,1000
766506,3994,2.8687064457703184,2.4487064457703176,14.0,80
766550,3995,1.8867563628398616,1.5567563628398617,11.0,44
766670,3996,2.9074658492275107,2.6974658492275108,7.0,120
767594,3997,3.0583574714300372,1.7383574714300367,44.0,924
767636,3998,1.790856939399161,1.790856939399161,0.0,42
767707,3999,1.8990995354110114,1.8090995354110113,3.0,71
767859,4000,3.293257656036889,2.693257656036889,20.0,152
768272,4001,3.900974138165844,3.6609741381658445,8.0,413
768387,4002,1.9774930205273042,1.9474930205273042,1.0,115
768837,4003,2.144557577275133,1.5445575772751323,20.0,450
768954,4004,2.1532863938055344,0.8632863938055338,43.0,117
768993,4005,1.6537402706379265,1.6537402706379265,0.0,39
769033,4006,1.705451777509273,1.375451777509273,11.0,40
769075,4007,1.6833505800485953,1.6833505800485953,0.0,42
769184,4008,2.8575564345008493,2.7975564345008492,2.0,109
769416,4009,2.8984423203598215,2.6884423203598216,7.0,232
769502,4010,2.922406905310369,2.8324069053103686,3.0,86
769634,4011,1.9827995589799148,1.9227995589799147,2.0,132
769749,4012,4.020698483851793,3.2106984838517922,27.0,115
769774,4013,1.2837995839763896,1.2837995839763896,0.0,25
769826,4014,1.3157772002391401,1.3157772002391401,0.0,52
769895,4015,1.5024915879555332,1.5024915879555332,0.0,69
769936,4016,1.6443637208580266,1.6443637208580266,0.0,41
770254,4017,1.5975030046399463,-0.6524969953600539,75.0,318
771254,4018,0.714366972848389,0.23436697284838903,16.0,1000
771316,4019,2.397132489476539,2.3671324894765386,1.0,62
771378,4020,2.4068869262544745,2.0468869262544747,12.0,62
771462,4021,2.2095841033543095,2.14958410335431,2.0,84
771537,4022,2.8022229716228795,2.742222971622879,2.0,75
771631,4023,3.315060027906477,3.0750600279064773,8.0,94
771772,4024,2.246365858444223,1.7363658584442228,17.0,141
771855,4025,1.72375768025176,1.6037576802517601,4.0,83
772855,4026,0.6988338301311587,-25.671166169868727,879.0,1000
772920,4027,2.535703610388982,2.445703610388982,3.0,65
773062,4028,3.495761134824918,3.4357611348249173,2.0,142
773098,4029,1.5804478514753928,1.5804478514753928,0.0,36
773264,4030,2.075891845605862,-0.234108154394139,77.0,166
773351,4031,3.128189212118153,2.978189212118153,5.0,87
773492,4032,2.2989346193842657,2.148934619384266,5.0,141
773733,4033,2.7223783926937104,-0.45762160730629176,106.0,241
773807,4034,2.416230684108714,1.966230684108714,15.0,74
773849,4035,1.7793671799080786,1.7793671799080786,0.0,42
773913,4036,1.4643985251186358,1.4643985251186358,0.0,64
773983,4037,1.920967695175907,1.920967695175907,0.0,70
774056,4038,2.6494589189943154,2.589458918994315,2.0,73
774146,4039,3.15614557700703,2.7661455770070296,13.0,90
775146,4040,0.2860113364551172,0.10601133645511723,6.0,1000
775233,4041,3.2019782145547975,2.871978214554798,11.0,87
775300,4042,1.9132314797808667,1.9132314797808667,0.0,67
775440,4043,2.042639920087328,1.8926399200873278,5.0,140
775559,4044,3.795317891657077,3.3453178916570767,15.0,119
775669,4045,2.103565003507785,1.9235650035077851,6.0,110
775858,4046,2.8114575492665486,2.7814575492665483,1.0,189
775978,4047,3.848282524528115,3.098282524528115,25.0,120
776086,4048,3.1090042435906224,3.079004243590622,1.0,108
776338,4049,2.0614876900821915,1.4914876900821912,19.0,252
776384,4050,1.374535804063925,1.374535804063925,0.0,46
776481,4051,2.9668535002813354,2.8468535002813358,4.0,97
776542,4052,2.3900862427832386,2.030086242783238,12.0,61
776749,4053,3.9597963443757775,3.899796344375777,2.0,207
776869,4054,1.3734848578663794,1.3734848578663794,0.0,120
776918,4055,1.758169531637548,1.638169531637548,4.0,49
776981,4056,2.3292957072451226,2.3292957072451226,0.0,63
777199,4057,3.236240148772947,2.426240148772947,27.0,218
777249,4058,1.7434184845429659,1.7434184845429659,0.0,50
777316,4059,2.545256137389801,2.545256137389801,0.0,67
778316,4060,-0.03749374194922406,-0.03749374194922406,0.0,1000
778376,4061,2.336628134626893,2.246628134626893,3.0,60
778446,4062,2.5970129157436705,2.5370129157436705,2.0,70
778537,4063,2.7640762932429084,2.7640762932429084,0.0,91
778865,4064,2.7966027498453925,1.176602749845391,54.0,328
778955,4065,3.256125618456156,3.256125618456156,0.0,90
779376,4066,2.1690244750084986,-2.9309755249914984,170.0,421
779526,4067,2.894511037640722,2.5345110376407223,12.0,150
779590,4068,2.4691043298026885,2.379104329802688,3.0,64
779715,4069,2.7969792111176988,2.3469792111176986,15.0,125
779791,4070,1.764949794851531,1.764949794851531,0.0,76
779858,4071,1.8174741232183256,1.8174741232183256,0.0,67
779946,4072,1.516687415496207,1.426687415496207,3.0,88
780041,4073,3.337214030225739,3.1272140302257387,7.0,95
781041,4074,0.4974938200519514,-18.13250617994803,621.0,1000
781086,4075,1.7960792796394744,1.7960792796394744,0.0,45
781211,4076,1.5811675053059882,1.5811675053059882,0.0,125
781364,4077,3.1323691382930163,2.9823691382930155,5.0,153
782364,4078,-0.03640943735052504,-0.03640943735052504,0.0,1000
782541,4079,3.542662798443075,2.762662798443076,26.0,177
782579,4080,1.682108968929443,1.682108968929443,0.0,38
782783,4081,2.4662873017010765,2.4362873017010767,1.0,204
782850,4082,2.1999639104791004,2.049963910479101,5.0,67
782936,4083,1.6204740737280425,1.6204740737280425,0.0,86
782998,4084,2.496656958549636,2.496656958549636,0.0,62
783063,4085,2.5795394332264583,2.5495394332264585,1.0,65
783166,4086,2.9918229666475624,2.751822966647562,8.0,103
783277,4087,1.6028398454485904,0.9728398454485904,21.0,111
783317,4088,1.7098625248561345,1.7098625248561345,0.0,40
783410,4089,1.2987193919330233,1.2987193919330233,0.0,93
783484,4090,2.565731288532183,2.175731288532183,13.0,74
783673,4091,2.5601180415039773,2.0201180415039772,18.0,189
783805,4092,3.686303433382534,3.2063034333825318,16.0,132
784013,4093,2.7682758788705435,1.6282758788705436,38.0,208
785013,4094,0.11995141706867152,0.11995141706867152,0.0,1000
786013,4095,0.1587868683326712,0.1587868683326712,0.0,1000
786217,4096,2.855277309459904,1.7752773094599028,36.0,204
786416,4097,3.338287696943464,2.9782876969434646,12.0,199
786478,4098,2.274557740473586,2.244557740473586,1.0,62
786554,4099,2.9274995152321974,2.6274995152321967,10.0,76
786622,4100,1.4801632281207047,1.4801632281207047,0.0,68
786670,4101,1.9799628712301798,1.6199628712301795,12.0,48
786732,4102,2.290277116989432,2.200277116989432,3.0,62
786849,4103,2.2666580800477725,2.2366580800477727,1.0,117
786935,4104,2.793730766710861,2.793730766710861,0.0,86
787043,4105,1.9246695841447143,1.9246695841447143,0.0,108
787101,4106,1.6621430151197814,1.6621430151197814,0.0,58
787215,4107,1.933366097172288,1.6033660971722876,11.0,114
787481,4108,1.4817780609089466,1.2417780609089466,8.0,266
787541,4109,2.4203127062638092,2.4203127062638092,0.0,60
787751,4110,2.098472874919697,1.0484728749196959,35.0,210
787791,4111,1.7523778652361681,1.7523778652361681,0.0,40
787836,4112,1.8667053395071687,1.8667053395071687,0.0,45
787878,4113,1.7287189084342134,1.4287189084342133,10.0,42
788090,4114,1.548336383900139,1.4583363839001389,3.0,212
789090,4115,1.0852518403197382,-9.894748159680251,366.0,1000
789157,4116,2.3855546362131705,2.3855546362131705,0.0,67
789293,4117,2.201944562681239,1.151944562681239,35.0,136
789351,4118,2.138601988637915,2.138601988637915,0.0,58
789407,4119,2.3092900130900027,1.6792900130900028,21.0,56
789655,4120,2.353248207321258,1.9332482073212578,14.0,248
790451,4121,3.3245000029181133,2.5445000029181126,26.0,796
791451,4122,0.7174333332422766,0.6274333332422766,3.0,1000
791640,4123,2.950193987179575,2.740193987179574,7.0,189
791792,4124,4.068838276990043,3.1688382769900434,30.0,152
791818,4125,1.334837631476192,1.334837631476192,0.0,26
791888,4126,2.658330670639921,2.658330670639921,0.0,70
791967,4127,1.8402574524884014,1.5702574524884012,9.0,79
792138,4128,3.2851157739039536,2.805115773903953,16.0,171
792434,4129,2.029212089725961,1.6692120897259608,12.0,296
792976,4130,2.4518582058640526,2.0918582058640522,12.0,542
793127,4131,1.8095873846996087,1.8095873846996087,0.0,151
793303,4132,2.086241899433875,1.7262418994338744,12.0,176
793466,4133,2.562509448267467,2.052509448267468,17.0,163
793524,4134,2.1769274432949386,1.8169274432949385,12.0,58
793644,4135,2.1594178378069433,1.7694178378069432,13.0,120
793820,4136,2.9878633778440697,2.9878633778440697,0.0,176
793909,4137,1.666334602899313,1.4863346028993125,6.0,89
793999,4138,1.3285076076085816,1.3285076076085816,0.0,90
794065,4139,2.5725627637517703,2.5425627637517705,1.0,66
794169,4140,1.554590935284868,1.554590935284868,0.0,104
794479,4141,2.5900023392174143,0.9700023392174142,54.0,310
794581,4142,1.3732398799287642,1.193239879928764,6.0,102
794660,4143,2.406030737596466,1.8060307375964653,20.0,79
794727,4144,2.591594928633161,2.5615949286331614,1.0,67
794881,4145,2.128409019970781,1.738409019970781,13.0,154
794968,4146,2.221283294735768,2.221283294735768,0.0,87
795091,4147,2.9343679992571223,2.574367999257122,12.0,123
795194,4148,1.8850141794413653,1.8850141794413653,0.0,103
795262,4149,2.6721662179758447,2.522166217975845,5.0,68
795358,4150,3.1216399595507944,3.061639959550795,2.0,96
795467,4151,1.5242560679499317,1.3742560679499318,5.0,109
795521,4152,2.0855846115332293,2.0855846115332293,0.0,54
795677,4153,2.2561562523916474,1.2661562523916472,33.0,156
795740,4154,2.4893782988240525,2.369378298824053,4.0,63
795998,4155,3.143783128914932,3.053783128914932,3.0,258
796116,4156,3.0110276595637053,2.861027659563705,5.0,118
796223,4157,1.4002471267139678,1.4002471267139678,0.0,107
796308,4158,3.2154430458121506,3.2154430458121506,0.0,85
796466,4159,2.766985820144983,2.346985820144983,14.0,158
797466,4160,0.26635431622128136,-3.843645683778711,137.0,1000
797549,4161,1.9238245548204067,1.9238245548204067,0.0,83
798409,4162,3.535247054522814,1.1052470545228128,81.0,860
798481,4163,1.9662924372900388,1.6362924372900387,11.0,72
798568,4164,1.392914891974118,1.392914891974118,0.0,87
798719,4165,3.2817786997248835,3.2817786997248835,0.0,151
798951,4166,2.200811203445168,2.200811203445168,0.0,232
799077,4167,2.171765271113805,1.8417652711138055,11.0,126
799160,4168,1.451587687206313,1.451587687206313,0.0,83
799197,4169,1.6776609561562883,1.6776609561562883,0.0,37
799275,4170,2.113284031916989,2.113284031916989,0.0,78
799412,4171,2.767309590382554,2.347309590382554,14.0,137
799558,4172,2.7248977581406946,2.334897758140694,13.0,146
799656,4173,1.3068812018929765,1.3068812018929765,0.0,98
799896,4174,2.6680105726900303,2.5780105726900304,3.0,240
799993,4175,3.097363607853992,2.977363607853992,4.0,97
800110,4176,1.589861132034796,0.41986113203479514,39.0,117
800163,4177,1.4796167278400234,1.4796167278400234,0.0,53
801163,4178,-0.15571463874577773,-0.15571463874577773,0.0,1000
801244,4179,2.4184906801123347,2.4184906801123347,0.0,81
801282,4180,1.7056678670791663,1.5256678670791664,6.0,38
801399,4181,1.9706491808808027,1.4006491808808021,19.0,117
801455,4182,1.5363421477627948,1.5363421477627948,0.0,56
801550,4183,2.7895487046748055,2.639548704674805,5.0,95
801802,4184,3.426613710271667,3.0366137102716655,13.0,252
801860,4185,1.4297810041081105,1.4297810041081105,0.0,58
802061,4186,1.3280214457203376,1.3280214457203376,0.0,201
802120,4187,2.329346155785366,2.329346155785366,0.0,59
802224,4188,1.9754898443088353,1.9754898443088353,0.0,104
802336,4189,3.434646211872272,3.2846462118722726,5.0,112
802389,4190,2.162169644847043,2.162169644847043,0.0,53
802550,4191,1.6993338225869374,0.7693338225869377,31.0,161
802620,4192,2.655625258481998,2.3556252584819974,10.0,70
802735,4193,1.5881113127894786,1.4981113127894785,3.0,115
802843,4194,2.6875990799709046,2.567599079970905,4.0,108
802966,4195,1.783133926905294,1.4531339269052936,11.0,123
803100,4196,2.4593078368283656,1.8593078368283649,20.0,134
803218,4197,2.07142244648428,2.07142244648428,0.0,118
803340,4198,2.059435237656409,1.9394352376564086,4.0,122
803373,4199,1.5159192754393582,1.5159192754393582,0.0,33
803415,4200,1.8162589874700767,1.7562589874700767,2.0,42
803466,4201,1.656068489118204,1.656068489118204,0.0,51
803628,4202,2.483300453676264,2.123300453676264,12.0,162
803829,4203,2.761591328838548,2.701591328838548,2.0,201
803966,4204,1.9319884913739354,1.901988491373935,1.0,137
804063,4205,2.1006287185328882,1.920628718532888,6.0,97
804145,4206,2.6641144558988064,2.6641144558988064,0.0,82
804212,4207,2.0753302235465143,2.0753302235465143,0.0,67
804359,4208,2.9026567283441747,2.5126567283441745,13.0,147
804449,4209,2.498734526013676,2.498734526013676,0.0,90
805449,4210,0.04101573262461544,0.04101573262461544,0.0,1000
805602,4211,2.7521552055788456,2.7521552055788456,0.0,153
806251,4212,2.239747141412342,-8.59025285858765,361.0,649
806425,4213,2.753941824325544,2.1239418243255432,21.0,174
806519,4214,3.2699238520705958,3.089923852070596,6.0,94
806570,4215,1.6210132056255775,1.6210132056255775,0.0,51
806686,4216,1.5077945138292002,1.5077945138292002,0.0,116
807629,4217,3.132808253167485,-4.037191746832501,239.0,943
807743,4218,1.3030122106220352,1.3030122106220352,0.0,114
808743,4219,-0.22214317239096193,-0.22214317239096193,0.0,1000
808825,4220,3.080779635291843,3.080779635291843,0.0,82
808865,4221,1.6902516049225027,1.6902516049225027,0.0,40
808910,4222,1.8950736720682266,1.8950736720682266,0.0,45
808938,4223,1.3557782735183024,1.3557782735183024,0.0,28
809041,4224,1.8456282400897264,1.155628240089726,23.0,103
809105,4225,1.7043075530069287,1.4343075530069287,9.0,64
809187,4226,2.7827649560882257,2.7827649560882257,0.0,82
809325,4227,2.2120093373930554,1.8220093373930557,13.0,138
810325,4228,-0.21084411801614755,-0.21084411801614755,0.0,1000
810353,4229,1.3473393361520611,1.3473393361520611,0.0,28
810424,4230,2.4397979223178643,2.289797922317865,5.0,71
810472,4231,1.7841480099606943,1.6341480099606942,5.0,48
810580,4232,2.527607237633675,2.407607237633675,4.0,108
810700,4233,2.7128724023794497,2.7128724023794497,0.0,120
810753,4234,2.141638803243688,1.7516388032436883,13.0,53
810951,4235,1.8739812375801383,0.9139812375801379,32.0,198
811225,4236,2.969897229585811,2.3398972295858105,21.0,274
811264,4237,1.7742210726520733,1.5642210726520733,7.0,39
811335,4238,2.6709919809093803,2.22099198090938,15.0,71
811451,4239,2.272590415434119,1.6425904154341189,21.0,116
811534,4240,1.3105052581613752,1.3105052581613752,0.0,83
811622,4241,3.041113791949723,2.801113791949723,8.0,88
811732,4242,1.6494379629088938,1.5894379629088937,2.0,110
811817,4243,3.1225552134372734,2.7925552134372733,11.0,85
811893,4244,2.734629651481546,2.6146296514815455,4.0,76
811950,4245,2.1309227495829504,2.1309227495829504,0.0,57
812038,4246,3.1352672758408957,2.9852672758408962,5.0,88
812113,4247,2.6736993359030774,2.4336993359030767,8.0,75
812216,4248,2.5019647641015803,2.141964764101581,12.0,103
812289,4249,2.536942002212945,2.0269420022129454,17.0,73
812317,4250,1.3802072970989254,1.3802072970989254,0.0,28
812357,4251,1.697858389546961,1.697858389546961,0.0,40
812429,4252,2.620596049889471,2.290596049889471,11.0,72
812727,4253,3.394406213224758,3.0044062132247573,13.0,298
812956,4254,3.6575976262719703,3.29759762627197,12.0,229
813035,4255,2.8005051408851918,2.7705051408851924,1.0,79
813113,4256,1.9932529098030978,1.633252909803098,12.0,78
813232,4257,2.2545891542411534,2.1345891542411533,4.0,119
813312,4258,2.9063745015803137,2.4563745015803145,15.0,80
813469,4259,2.4665180669721805,2.2265180669721802,8.0,157
813563,4260,2.9811459196822607,2.681145919682261,10.0,94
813597,4261,1.4054988280606149,1.4054988280606149,0.0,34
813634,4262,1.3016306373800723,1.3016306373800723,0.0,37
813837,4263,2.149239150103499,1.009239150103498,38.0,203
813895,4264,1.6977569830195847,1.6977569830195847,0.0,58
814080,4265,3.3577675945382657,3.3277675945382654,1.0,185
814138,4266,2.2406709900492077,2.2406709900492077,0.0,58
814205,4267,2.5421479848571393,2.12214798485714,14.0,67
814346,4268,1.9841721972088493,1.3241721972088494,22.0,141
814469,4269,3.0283527026235393,2.848352702623539,6.0,123
814767,4270,3.2310635599273576,1.1910635599273571,68.0,298
814901,4271,1.833985989272327,1.2039859892723266,21.0,134
815030,4272,2.7958930579495256,2.7958930579495256,0.0,129
815074,4273,1.9345598923118588,1.5745598923118584,12.0,44
815128,4274,2.0983266945475316,2.0083266945475313,3.0,54
815194,4275,2.3231961650501067,2.3231961650501067,0.0,66
815515,4276,2.374706411862778,2.374706411862778,0.0,321
815711,4277,2.4265404453933517,-0.15345955460664684,86.0,196
816711,4278,-0.16250329959232745,-0.22250329959232745,2.0,1000
816797,4279,3.0060209937274953,2.526020993727495,16.0,86
816842,4280,1.923215229915989,1.923215229915989,0.0,45
816909,4281,1.661975314382319,1.661975314382319,0.0,67
817032,4282,2.25916505998919,2.0191650599891897,8.0,123
817221,4283,3.3701291459630944,2.260129145963094,37.0,189
817400,4284,2.661811846508975,2.6318118465089753,1.0,179
817482,4285,2.8142757592354046,2.634275759235404,6.0,82
817720,4286,1.4439485489798916,1.3539485489798915,3.0,238
817811,4287,1.2620679927361196,1.2320679927361196,1.0,91
817891,4288,2.1724480296337796,2.1724480296337796,0.0,80
817935,4289,1.725522512276657,1.725522512276657,0.0,44
817977,4290,1.5577108168636071,1.5577108168636071,0.0,42
818083,4291,2.5460353620314047,2.246035362031404,10.0,106
818177,4292,2.4742816482594696,2.4742816482594696,0.0,94
818248,4293,2.7454009003723305,2.385400900372331,12.0,71
818333,4294,1.8340182790073778,1.7740182790073777,2.0,85
818440,4295,2.203090269937834,1.8730902699378338,11.0,107
818576,4296,2.9265473452998503,2.68654734529985,8.0,136
818644,4297,2.598682343307005,2.478682343307005,4.0,68
818670,4298,1.3181178960376017,1.3181178960376017,0.0,26
818763,4299,1.5062381300126662,1.2362381300126661,9.0,93
818832,4300,1.3241216058550664,1.3241216058550664,0.0,69
818895,4301,2.1340539582088254,2.1340539582088254,0.0,63
819127,4302,3.50453446639353,3.0845344663935306,14.0,232
819607,4303,3.191325939479769,0.46132593947976774,91.0,480
819659,4304,2.045590928985936,2.045590928985936,0.0,52
819741,4305,3.052333954167402,2.9023339541674016,5.0,82
819812,4306,2.744240402824869,2.744240402824869,0.0,71
819845,4307,1.5328356931963174,1.5328356931963174,0.0,33
819921,4308,1.8616902211534498,1.8616902211534498,0.0,76
819979,4309,1.8896662508398905,1.8896662508398905,0.0,58
820979,4310,0.35615334270348087,-19.803846657296447,672.0,1000
821096,4311,2.010011286338637,1.8600112863386367,5.0,117
821138,4312,1.8339335105668453,1.8339335105668453,0.0,42
821180,4313,1.6280082449647217,1.6280082449647217,0.0,42
821256,4314,2.851674191088219,2.101674191088219,25.0,76
821318,4315,2.3903847828043947,2.3903847828043947,0.0,62
821377,4316,1.9843086226580349,1.9243086226580353,2.0,59
821461,4317,1.7209379356963486,1.7209379356963486,0.0,84
821743,4318,2.8752590241835128,1.285259024183512,53.0,282
821875,4319,2.546819118769628,2.5168191187696287,1.0,132
821934,4320,2.312225938421292,2.252225938421292,2.0,59
822064,4321,2.228872915048863,1.8088729150488623,14.0,130
822193,4322,3.170853845772711,3.1108538457727106,2.0,129
822325,4323,2.282924848849631,2.282924848849631,0.0,132
822473,4324,2.914685070452319,2.854685070452319,2.0,148
822579,4325,1.657048210291681,1.5670482102916807,3.0,106
822609,4326,1.431898307491526,1.431898307491526,0.0,30
822686,4327,2.943647614521427,2.6436476145214267,10.0,77
822719,4328,1.4955536983657522,1.4955536983657522,0.0,33
823719,4329,0.331230985322329,-22.468769014677633,760.0,1000
823817,4330,3.0448652983925464,2.6548652983925463,13.0,98
823928,4331,1.762837905130848,1.762837905130848,0.0,111
824928,4332,-0.08573470515816206,-10.675734705158154,353.0,1000
824977,4333,1.940650929595399,1.5806509295953992,12.0,49
825020,4334,1.8109905004293911,1.8109905004293911,0.0,43
825164,4335,2.420981643074322,2.2409816430743215,6.0,144
825255,4336,2.3689795778053706,2.2489795778053705,4.0,91
825366,4337,3.9402837974531915,3.280283797453191,22.0,111
825434,4338,1.787704436932052,1.787704436932052,0.0,68
825487,4339,2.013917248428404,2.013917248428404,0.0,53
825545,4340,2.275703295187806,2.275703295187806,0.0,58
825676,4341,2.0992482352997923,1.7992482352997923,10.0,131
825737,4342,2.3371892360697846,2.3071892360697843,1.0,61
825846,4343,2.628318863922534,2.598318863922534,1.0,109
825900,4344,1.9272472860302,1.5672472860301996,12.0,54
826061,4345,2.703986641683284,2.0439866416832833,22.0,161
826090,4346,1.3950121478526714,1.3950121478526714,0.0,29
826221,4347,2.160272583847423,2.1002725838474223,2.0,131
826270,4348,1.7283081962403615,1.7283081962403615,0.0,49
826332,4349,2.254257032703088,1.8942570327030883,12.0,62
826430,4350,1.784039902269385,1.784039902269385,0.0,98
826463,4351,1.5037401850907548,1.5037401850907548,0.0,33
826662,4352,1.704463878326263,1.704463878326263,0.0,199
826752,4353,1.5301846294050605,0.6301846294050601,30.0,90
827232,4354,3.150961100874481,2.0409611008744806,37.0,480
827293,4355,1.6020823666766961,1.6020823666766961,0.0,61
827367,4356,1.2675076033526167,0.9975076033526167,9.0,74
827474,4357,2.0337362082498047,1.8837362082498046,5.0,107
827649,4358,2.415867715159925,2.385867715159925,1.0,175
827738,4359,3.0093928947335753,3.0093928947335753,0.0,89
827811,4360,2.760600114003032,2.730600114003032,1.0,73
827888,4361,2.698428959506754,2.698428959506754,0.0,77
827937,4362,1.9526790498534417,1.5926790498534413,12.0,49
828035,4363,3.322692004050032,2.9626920040500315,12.0,98
828151,4364,2.158133156142223,2.0981331561422225,2.0,116
828261,4365,1.7871322919363277,0.9171322919363274,29.0,110
828404,4366,2.5316582635913254,2.021658263591325,17.0,143
828497,4367,1.4803265094990574,1.4803265094990574,0.0,93
828648,4368,2.9562896546555004,2.5662896546555,13.0,151
828729,4369,2.3596192873413946,2.3296192873413943,1.0,81
828842,4370,1.514906326095553,1.3349063260955532,6.0,113
828924,4371,2.991015089394291,2.331015089394291,22.0,82
829797,4372,4.011150423668699,3.5911504236686986,14.0,873
830044,4373,2.7587454088978234,0.23874540889782114,84.0,247
830096,4374,2.077591979179112,2.0175919791791124,2.0,52
830173,4375,2.812099488015804,2.6020994880158037,7.0,77
830276,4376,2.1620481424179054,1.8920481424179052,9.0,103
830368,4377,1.6344076480153382,1.6344076480153382,0.0,92
830442,4378,2.2902779138533074,1.9002779138533077,13.0,74
830485,4379,1.7683880780471872,1.7683880780471872,0.0,43
830537,4380,1.8627407297637468,1.8627407297637468,0.0,52
830587,4381,1.9735726325837866,1.8835726325837865,3.0,50
830709,4382,2.1553854908706533,0.745385490870652,47.0,122
830815,4383,1.815185489130993,1.815185489130993,0.0,106
830874,4384,2.235424781706815,2.2054247817068147,1.0,59
831022,4385,1.3942381930603416,1.3942381930603416,0.0,148
831097,4386,2.848868651908014,2.4288686519080143,14.0,75
832097,4387,-1.1658276209219807,-2.935827620921978,59.0,1000
832202,4388,2.1438851775558487,1.603885177555848,18.0,105
833087,4389,2.829274503717661,2.799274503717661,1.0,885
833157,4390,1.8737352699921577,1.8737352699921577,0.0,70
834157,4391,1.3160259569783452,0.6860259569783453,21.0,1000
835157,4392,0.2836325999658844,0.2836325999658844,0.0,1000
835233,4393,2.793471567834331,2.4334715678343315,12.0,76
835720,4394,3.3574134904260973,2.7274134904260965,21.0,487
835923,4395,2.5830864284643145,2.313086428464314,9.0,203
835964,4396,1.8084882140603304,1.8084882140603304,0.0,41
836028,4397,2.199542535067897,2.199542535067897,0.0,64
836117,4398,1.45327228649891,1.45327228649891,0.0,89
836176,4399,1.8845450541372877,1.5545450541372878,11.0,59
836294,4400,1.6319963285091466,1.5719963285091465,2.0,118
836329,4401,1.6111624687893507,1.6111624687893507,0.0,35
836419,4402,2.9094048735751192,2.9094048735751192,0.0,90
836448,4403,1.4071574335719443,1.4071574335719443,0.0,29
836563,4404,2.0660652198055827,1.7060652198055828,12.0,115
836623,4405,1.7981639504608844,1.7981639504608844,0.0,60
837298,4406,3.3344991700562714,3.2444991700562715,3.0,675
837332,4407,1.5749195519609167,1.5749195519609167,0.0,34
837654,4408,2.3211945314765665,1.9911945314765662,11.0,322
838029,4409,3.9572073714504077,2.63720737145041,44.0,375
838121,4410,3.35605112448716,3.1760511244871594,6.0,92
838509,4411,3.765724389758008,3.225724389758008,18.0,388
838666,4412,3.14495188108953,3.14495188108953,0.0,157
838709,4413,1.836257571986608,1.836257571986608,0.0,43
838831,4414,3.1792197340577557,2.7292197340577555,15.0,122
838921,4415,2.0304877646795374,2.0304877646795374,0.0,90
838958,4416,1.616292770675221,1.616292770675221,0.0,37
839271,4417,3.2680431263215612,2.6080431263215607,22.0,313
839381,4418,1.7002528078669623,1.7002528078669623,0.0,110
839504,4419,1.8628232665616469,1.412823266561647,15.0,123
839568,4420,2.494180064975606,2.494180064975606,0.0,64
839605,4421,1.5589942802265497,1.4389942802265498,4.0,37
839684,4422,2.991375717144603,2.991375717144603,0.0,79
839748,4423,2.127951150044203,2.127951150044203,0.0,64
839951,4424,1.5753751111360463,-0.7646248888639533,78.0,203
839985,4425,1.5672119373238182,1.5672119373238182,0.0,34
840086,4426,3.1485273159863647,3.0585273159863653,3.0,101
840176,4427,1.3633438032718266,1.3633438032718266,0.0,90
840271,4428,2.6956570978243573,2.365657097824357,11.0,95
840361,4429,2.201130667356332,2.201130667356332,0.0,90
840460,4430,2.784084039467582,2.784084039467582,0.0,99
840521,4431,2.387333406382254,2.387333406382254,0.0,61
841521,4432,-0.6301433385731361,-0.6301433385731361,0.0,1000
841584,4433,1.7519013417169886,1.1819013417169884,19.0,63
841738,4434,2.2743159264664685,2.2743159264664685,0.0,154
841869,4435,2.382885629238244,2.382885629238244,0.0,131
841938,4436,2.7085539048917964,2.4085539048917965,10.0,69
841997,4437,2.3277376097787057,2.3277376097787057,0.0,59
842101,4438,1.3740373579631822,1.134037357963182,8.0,104
842178,4439,2.8074260679640264,2.4474260679640256,12.0,77
842260,4440,2.3303328463887203,1.6103328463887199,24.0,82
842298,4441,1.6440101440868011,1.6440101440868011,0.0,38
842437,4442,2.5444459046725036,2.5444459046725036,0.0,139
842465,4443,1.3781479337089833,1.3781479337089833,0.0,28
842584,4444,2.1510757082463394,2.121075708246339,1.0,119
842676,4445,2.9723111911964004,2.8823111911964,3.0,92
842741,4446,2.528099368997088,2.528099368997088,0.0,65
842770,4447,1.271175103654138,1.271175103654138,0.0,29
842842,4448,2.2728607020500045,2.0628607020500045,7.0,72
842923,4449,2.9981420301234616,2.9081420301234613,3.0,81
842992,4450,2.3603178867944923,1.820317886794492,18.0,69
843992,4451,0.510898788302528,-18.53910121169745,635.0,1000
844121,4452,2.9107564264620347,2.9107564264620347,0.0,129
844264,4453,1.9477409549151332,1.9477409549151332,0.0,143
844324,4454,2.4198619831691826,2.329861983169182,3.0,60
844365,4455,1.705881952202275,1.705881952202275,0.0,41
844409,4456,1.8941593444528193,1.8941593444528193,0.0,44
844505,4457,2.0904783220983125,1.730478322098312,12.0,96
844678,4458,3.461836366757371,2.831836366757371,21.0,173
844744,4459,1.9481759348332122,1.798175934833212,5.0,66
845649,4460,3.519307985790282,2.9193079857902804,20.0,905
845743,4461,3.5032530779643913,3.143253077964391,12.0,94
845804,4462,2.333155419217073,2.333155419217073,0.0,61
845902,4463,3.1618460968026265,2.891846096802627,9.0,98
845948,4464,1.9156173691959495,1.9156173691959495,0.0,46
845985,4465,1.6720502670287618,1.6720502670287618,0.0,37
846111,4466,3.1351470276706603,2.7751470276706605,12.0,126
846146,4467,1.350816629291391,1.350816629291391,0.0,35
846215,4468,1.9521756691494976,1.6521756691494975,10.0,69
846271,4469,2.3044680945683194,1.9444680945683186,12.0,56
846417,4470,3.2408902074301174,3.2408902074301174,0.0,146
846691,4471,3.2559354896963613,0.7959354896963593,82.0,274
846859,4472,3.254805002563508,3.164805002563507,3.0,168
846916,4473,2.260364385204336,1.6303643852043352,21.0,57
847007,4474,3.097549841116473,2.9175498411164726,6.0,91
847037,4475,1.423961520957567,1.423961520957567,0.0,30
847185,4476,2.8416996361799294,2.6616996361799297,6.0,148
847267,4477,1.3624074821138217,1.3024074821138216,2.0,82
847326,4478,2.2843715558869193,2.2543715558869195,1.0,59
847426,4479,3.217041169175662,3.127041169175661,3.0,100
847483,4480,2.2126098229669138,1.9426098229669142,9.0,57
847511,4481,1.3928130018433453,1.3928130018433453,0.0,28
847603,4482,1.5052698618178106,1.5052698618178106,0.0,92
847756,4483,1.3393239199131357,1.2493239199131358,3.0,153
847952,4484,1.699372062032019,-0.46062793796798096,72.0,196
847997,4485,1.8077557075809552,1.8077557075809552,0.0,45
848037,4486,1.722237739786951,1.722237739786951,0.0,40
849037,4487,0.35775148390083067,-16.532248516099145,563.0,1000
849117,4488,3.003202697669956,3.003202697669956,0.0,80
850117,4489,0.5213445963099912,-1.5486554036900102,69.0,1000
850178,4490,2.0401450147375693,1.6801450147375694,12.0,61
850250,4491,2.6824652031376335,2.562465203137633,4.0,72
850311,4492,2.3700229510490995,2.3700229510490995,0.0,61
850422,4493,1.7198639812715442,1.7198639812715442,0.0,111
850846,4494,3.0768600355785267,2.1168600355785276,32.0,424
850923,4495,2.4499205039844396,2.4499205039844396,0.0,77
851098,4496,1.7999476980277203,1.2599476980277207,18.0,175
851211,4497,1.679229246971076,1.679229246971076,0.0,113
851262,4498,2.0368544116500944,1.856854411650094,6.0,51
851458,4499,2.6065680835861746,2.4565680835861747,5.0,196
851527,4500,2.486242113741424,2.486242113741424,0.0,69
851580,4501,2.092526326268518,2.092526326268518,0.0,53
851657,4502,1.2996969743368894,1.2996969743368894,0.0,77
851799,4503,1.7652354746252499,1.4052354746252496,12.0,142
851853,4504,1.85002214188199,1.61002214188199,8.0,54
852080,4505,2.797044419559829,2.257044419559829,18.0,227
852307,4506,1.6416014326940678,1.5516014326940675,3.0,227
852341,4507,1.5798845106255388,1.5798845106255388,0.0,34
852430,4508,2.93902509748146,2.90902509748146,1.0,89
852517,4509,2.840177067369561,2.780177067369561,2.0,87
852571,4510,1.5198712423946428,1.5198712423946428,0.0,54
852681,4511,2.6739503449976576,2.4039503449976576,9.0,110
852777,4512,1.278603547253491,1.2486035472534907,1.0,96
852826,4513,2.086534403061649,2.0565344030616486,1.0,49
852929,4514,2.0701278961719485,2.0701278961719485,0.0,103
853040,4515,3.080737454826518,3.080737454826518,0.0,111
853136,4516,3.1305485878980344,3.1305485878980344,0.0,96
854136,4517,0.055268525032800664,0.055268525032800664,0.0,1000
854237,4518,3.473455352365311,3.3234553523653108,5.0,101
854288,4519,2.1395441758030027,2.1395441758030027,0.0,51
854398,4520,1.7806574596604432,1.7806574596604432,0.0,110
854487,4521,3.2169164360083347,3.2169164360083347,0.0,89
854522,4522,1.5549564429213332,1.5549564429213332,0.0,35
854609,4523,2.3540029344565436,1.9640029344565435,13.0,87
854706,4524,1.5404514248394687,1.5404514248394687,0.0,97
854820,4525,3.3860503467179073,3.356050346717907,1.0,114
854908,4526,1.5662396216710204,1.5662396216710204,0.0,88
854933,4527,1.2953910119059087,1.2953910119059087,0.0,25
855074,4528,2.5485644509007805,2.48856445090078,2.0,141
855164,4529,1.3459865079773854,1.3459865079773854,0.0,90
855207,4530,1.8264139317606964,1.8264139317606964,0.0,43
856207,4531,-0.580610464899006,-0.580610464899006,0.0,1000
856306,4532,1.36365908569833,1.36365908569833,0.0,99
856385,4533,2.707547616512352,2.5275476165123516,6.0,79
856417,4534,1.5178096016543732,1.5178096016543732,0.0,32
856491,4535,2.125990216491471,2.125990216491471,0.0,74
857491,4536,0.40573761295045463,0.40573761295045463,0.0,1000
857573,4537,2.9472952267685386,2.5872952267685383,12.0,82
857665,4538,2.7879045299258385,2.6079045299258388,6.0,92
857696,4539,1.485807539210315,1.485807539210315,0.0,31
857819,4540,2.872060166084781,2.542060166084781,11.0,123
858819,4541,0.6473638413451288,-20.50263615865484,705.0,1000
859819,4542,1.8705297462509982,-14.05947025374897,531.0,1000
859876,4543,2.275632261101438,2.1256322611014378,5.0,57
859963,4544,1.805865635774802,1.805865635774802,0.0,87
860059,4545,3.4907940388023926,3.1307940388023923,12.0,96
860143,4546,3.030708716529294,2.820708716529294,7.0,84
860238,4547,2.2640693262755915,1.8440693262755916,14.0,95
860379,4548,2.7893635527940166,2.3693635527940167,14.0,141
860507,4549,2.5923000326928043,2.5923000326928043,0.0,128
860586,4550,2.9603077336177854,2.1203077336177847,28.0,79
860650,4551,2.1031089045782796,2.1031089045782796,0.0,64
860701,4552,1.4518358118959993,1.4518358118959993,0.0,51
860745,4553,1.8061813566659157,1.8061813566659157,0.0,44
861012,4554,2.289486102140572,2.019486102140572,9.0,267
861126,4555,1.6780436241705754,1.6780436241705754,0.0,114
861225,4556,3.3409240986712967,3.2509240986712977,3.0,99
862225,4557,-0.4032414933233195,-0.4032414933233195,0.0,1000
862271,4558,1.4189551507682185,1.4189551507682185,0.0,46
862339,4559,2.104090474527924,2.104090474527924,0.0,68
862387,4560,2.02887289628937,2.02887289628937,0.0,48
862441,4561,2.123844012962433,1.9438440129624324,6.0,54
862507,4562,2.5996648149793264,2.569664814979326,1.0,66
862612,4563,1.7979201367475393,0.6279201367475387,39.0,105
862689,4564,1.778262626179479,0.9682626261794791,27.0,77
862730,4565,1.7962258326654794,1.7962258326654794,0.0,41
862768,4566,1.7075375572343048,1.4075375572343045,10.0,38
862804,4567,1.5880804485044915,1.5880804485044915,0.0,36
862914,4568,1.9978743212839791,1.9978743212839791,0.0,110
862985,4569,2.1554059261512335,2.0354059261512334,4.0,71
863059,4570,2.6449207174717575,2.4349207174717575,7.0,74
863098,4571,1.54646498728124,1.54646498728124,0.0,39
864057,4572,3.036875034056785,0.7568750340567834,76.0,959
864086,4573,1.4405590001287756,1.4405590001287756,0.0,29
864163,4574,2.8382016043741176,2.1482016043741177,23.0,77
864335,4575,3.232978622681965,2.2129786226819643,34.0,172
864379,4576,1.5923123888010415,1.5923123888010415,0.0,44
864450,4577,2.5609291779719277,2.4409291779719275,4.0,71
864615,4578,2.3260133178852795,1.9960133178852795,11.0,165
864803,4579,1.8808813382172773,1.8808813382172773,0.0,188
864950,4580,2.1860652794090885,2.096065279409088,3.0,147
865068,4581,1.490069939870033,1.490069939870033,0.0,118
865343,4582,2.071674848745743,2.071674848745743,0.0,275
865420,4583,1.6248633156516843,1.6248633156516843,0.0,77
865553,4584,1.8297311866043957,1.8297311866043957,0.0,133
865677,4585,1.7715969369966407,1.5615969369966405,7.0,124
865721,4586,1.8432960040837838,1.8432960040837838,0.0,44
865847,4587,1.9258235109078938,1.2058235109078939,24.0,126
865905,4588,1.4513445876048043,1.4513445876048043,0.0,58
866371,4589,3.292726514676765,1.5527265146767633,58.0,466
866497,4590,3.444735850566449,3.0847358505664495,12.0,126
866695,4591,2.7865998668099965,1.8565998668099961,31.0,198
867695,4592,-0.16510169151155418,-0.16510169151155418,0.0,1000
867748,4593,2.1562118218988795,1.9462118218988793,7.0,53
867785,4594,1.603412375426786,1.603412375426786,0.0,37
867847,4595,1.8707868114746709,1.8707868114746709,0.0,62
868076,4596,3.398805695454167,2.9488056954541673,15.0,229
868167,4597,3.129689800574623,3.0696898005746234,2.0,91
868236,4598,2.57009508924162,2.54009508924162,1.0,69
869236,4599,0.24377977582998467,-7.826220224169999,269.0,1000
869316,4600,2.8912076200232653,2.6212076200232652,9.0,80
870316,4601,-0.3618375810555299,-0.3618375810555299,0.0,1000
870632,4602,4.507993167088742,4.507993167088742,0.0,316
870841,4603,3.1993387418372863,3.139338741837286,2.0,209
870879,4604,1.6541461820960952,1.3541461820960954,10.0,38
871045,4605,2.8426731736616055,1.492673173661605,45.0,166
871330,4606,2.8948453630446496,-1.6351546369553493,151.0,285
871451,4607,2.045664384660985,2.045664384660985,0.0,121
871611,4608,2.402885897840761,0.9928858978407598,47.0,160
871724,4609,1.7682167100582058,1.4082167100582057,12.0,113
871772,4610,1.9613791595924708,1.9613791595924708,0.0,48
871847,4611,2.577695147026245,2.577695147026245,0.0,75
872847,4612,-0.4468339518997686,-0.4468339518997686,0.0,1000
872915,4613,2.569634040059495,2.5396340400594952,1.0,68
872962,4614,1.518160945834975,1.518160945834975,0.0,47
873112,4615,2.1964107882221104,2.0464107882221105,5.0,150
874112,4616,-1.0040092321809158,-1.0040092321809158,0.0,1000
874358,4617,2.467464899052783,2.167464899052784,10.0,246
874483,4618,2.098459761271596,2.098459761271596,0.0,125
874567,4619,1.4096411815497318,1.379641181549732,1.0,84
874643,4620,2.3877612826821073,2.1177612826821077,9.0,76
874703,4621,2.411561626053805,2.411561626053805,0.0,60
874767,4622,2.2495591887486404,2.2495591887486404,0.0,64
874835,4623,2.262899703450957,2.022899703450957,8.0,68
874898,4624,2.4262102385805018,2.306210238580502,4.0,63
874980,4625,2.6297499670292854,2.569749967029285,2.0,82
875064,4626,2.9101714014431184,2.2201714014431175,23.0,84
875104,4627,1.775287171391153,1.775287171391153,0.0,40
875224,4628,3.2340190454859172,2.874019045485917,12.0,120
875268,4629,1.8996937719809626,1.8996937719809626,0.0,44
875427,4630,3.0776994725718323,2.357699472571832,24.0,159
875488,4631,1.9745819012581827,1.9745819012581827,0.0,61
875527,4632,1.7301853938843872,1.7301853938843872,0.0,39
875651,4633,2.2391987434186618,2.2391987434186618,0.0,124
875751,4634,1.738688914212911,1.4986889142129107,8.0,100
875783,4635,1.5263188760357238,1.5263188760357238,0.0,32
876196,4636,2.630422421446271,2.630422421446271,0.0,413
876274,4637,2.9562150279316484,2.686215027931648,9.0,78
876306,4638,1.5170000411641231,1.5170000411641231,0.0,32
876471,4639,1.8559288347241218,1.8559288347241218,0.0,165
876517,4640,1.9353340156087873,1.8753340156087872,2.0,46
876653,4641,2.6461610099801725,1.9561610099801723,23.0,136
876738,4642,2.8377223030285204,2.3577223030285204,16.0,85
876777,4643,1.6512890456468243,1.6512890456468243,0.0,39
876885,4644,1.4555591307882847,1.4555591307882847,0.0,108
877020,4645,2.22321842283602,1.8632184228360198,12.0,135
877139,4646,3.658522987205096,3.568522987205096,3.0,119
877195,4647,1.4391029309660155,1.4391029309660155,0.0,56
877315,4648,2.2409175284130356,2.2409175284130356,0.0,120
878315,4649,-0.16176572974683667,-0.16176572974683667,0.0,1000
878492,4650,2.274298701475915,1.884298701475915,13.0,177
878594,4651,2.914096746633305,2.554096746633305,12.0,102
878668,4652,2.260644832951856,1.9606448329518564,10.0,74
878980,4653,1.7762128227455314,-1.5537871772544665,111.0,312
879064,4654,3.073711869016853,2.923711869016853,5.0,84
879146,4655,3.036875800857356,2.9168758008573565,4.0,82
879174,4656,1.3456862500699187,1.3456862500699187,0.0,28
879267,4657,3.0982137452174463,2.738213745217445,12.0,93
879312,4658,1.643534409616512,1.643534409616512,0.0,45
879365,4659,2.2262111649577885,2.2262111649577885,0.0,53
879657,4660,3.5997332385319964,2.8797332385319967,24.0,292
879756,4661,1.368011057856697,1.368011057856697,0.0,99
879874,4662,2.586938906547218,2.586938906547218,0.0,118
879926,4663,2.148128151279719,2.0881281512797187,2.0,52
880004,4664,2.7453365680620756,2.6553365680620757,3.0,78
880155,4665,2.7664218091707182,1.3264218091707183,48.0,151
880198,4666,1.5668005095573347,1.5668005095573347,0.0,43
880277,4667,2.8206349284447922,2.6706349284447928,5.0,79
880450,4668,2.4326231412817623,0.392623141281762,68.0,173
880481,4669,1.480673561091438,1.480673561091438,0.0,31
880715,4670,2.859123081200895,2.3791230812008948,16.0,234
880807,4671,1.7258724120017406,1.7258724120017406,0.0,92
880945,4672,2.1430169203445453,2.053016920344545,3.0,138
881000,4673,1.9259970831931725,1.5659970831931722,12.0,55
881537,4674,3.235689606229453,0.7456896062294511,83.0,537
881677,4675,3.041354477385513,2.711354477385513,11.0,140
881786,4676,1.9660751768415654,1.876075176841565,3.0,109
882034,4677,2.392831276915513,1.3128312769155124,36.0,248
882092,4678,2.06374432857418,1.79374432857418,9.0,58
882233,4679,3.0017601340776494,3.0017601340776494,0.0,141
882388,4680,2.5990813194030045,2.3890813194030045,7.0,155
882510,4681,1.8848213041762893,1.4948213041762894,13.0,122
882630,4682,2.8977758343858726,2.8977758343858726,0.0,120
882671,4683,1.5248184612711224,1.3148184612711225,7.0,41
882726,4684,2.1826057052387826,1.9726057052387822,7.0,55
882767,4685,1.791262335710757,1.4312623357107568,12.0,41
883008,4686,2.6502697090828202,1.9302697090828196,24.0,241
883057,4687,2.07733304002429,2.01733304002429,2.0,49
884057,4688,-0.2262671591793639,-0.2262671591793639,0.0,1000
884115,4689,2.2872285791026608,2.2872285791026608,0.0,58
884287,4690,3.314992493579704,2.504992493579703,27.0,172
885165,4691,3.40178567027288,0.4317856702728792,99.0,878
885300,4692,2.671551518155574,2.6115515181555744,2.0,135
885414,4693,2.601028702881893,2.181028702881893,14.0,114
885440,4694,1.3405303653013108,1.3405303653013108,0.0,26
885499,4695,1.440707484305042,1.380707484305042,2.0,59
885593,4696,2.696627352068015,1.676627352068015,34.0,94
885761,4697,3.3126409759398525,2.802640975939852,17.0,168
885868,4698,1.3978354842882201,1.3978354842882201,0.0,107
885954,4699,2.972674350932723,2.912674350932723,2.0,86
886060,4700,3.447876184812766,3.447876184812766,0.0,106
886116,4701,2.213603742396329,2.213603742396329,0.0,56
886155,4702,1.6880528178499925,1.6880528178499925,0.0,39
886254,4703,1.6130074594655737,1.6130074594655737,0.0,99
886645,4704,2.6474467199479546,-2.632553280052039,176.0,391
887645,4705,-0.2736771186339806,-0.2736771186339806,0.0,1000
887719,4706,2.4953170402680365,2.465317040268036,1.0,74
887828,4707,1.8916099341568025,1.8616099341568024,1.0,109
887927,4708,3.505362246250379,2.78536224625038,24.0,99
887982,4709,2.1816126110894274,2.1816126110894274,0.0,55
888045,4710,2.4484950669113115,2.3584950669113116,3.0,63
888108,4711,2.1726790593498855,1.962679059349885,7.0,63
888218,4712,2.3685445951313944,2.278544595131394,3.0,110
888306,4713,3.1100266898487523,3.0800266898487516,1.0,88
888452,4714,2.3175782980794843,1.537578298079484,26.0,146
888593,4715,2.244565029160127,1.3445650291601265,30.0,141
888683,4716,2.861578299543684,2.861578299543684,0.0,90
889447,4717,3.0216945238355875,2.6616945238355876,12.0,764
889503,4718,2.2273712201629356,2.2273712201629356,0.0,56
889712,4719,3.0772113145840927,3.0772113145840927,0.0,209
889781,4720,1.7499064264230768,1.7499064264230768,0.0,69
889810,4721,1.3530075564585644,1.3530075564585644,0.0,29
889864,4722,2.1858430610377915,1.8258430610377911,12.0,54
889928,4723,1.7621024229068674,1.7021024229068675,2.0,64
890176,4724,2.139112725053872,1.7491127250538718,13.0,248
890317,4725,2.773215484859808,2.773215484859808,0.0,141
890412,4726,2.576835799794978,2.576835799794978,0.0,95
890904,4727,2.113746174163519,1.2137461741635183,30.0,492
890941,4728,1.6628358616219487,1.6628358616219487,0.0,37
891028,4729,2.3091176220917715,2.2191176220917717,3.0,87
891057,4730,1.4236309482331708,1.4236309482331708,0.0,29
891138,4731,2.837748354606373,2.687748354606373,5.0,81
891187,4732,1.836557605604087,1.836557605604087,0.0,49
891274,4733,2.9759259196872394,2.8559259196872393,4.0,87
891353,4734,1.952782948897588,1.262782948897588,23.0,79
891495,4735,2.175847053313408,1.6358470533134082,18.0,142
891590,4736,1.8882627276181143,1.8282627276181143,2.0,95
891729,4737,2.4233801964462915,2.4233801964462915,0.0,139
891755,4738,1.3135741012645306,1.3135741012645306,0.0,26
891819,4739,1.9790637377744658,1.9790637377744658,0.0,64
891852,4740,1.4715223016674748,1.4715223016674748,0.0,33
891911,4741,2.211473723161066,2.211473723161066,0.0,59
891939,4742,1.3725390917332259,1.3725390917332259,0.0,28
892033,4743,1.5584460961408675,1.5584460961408675,0.0,94
892089,4744,1.7115288823708126,1.5315288823708124,6.0,56
892186,4745,2.861514057444987,2.381514057444986,16.0,97
893186,4746,-0.13368146181775464,-0.13368146181775464,0.0,1000
893296,4747,1.7070797272840612,1.7070797272840612,0.0,110
893382,4748,1.3994204024672239,1.3994204024672239,0.0,86
893471,4749,1.7397770985356062,1.7397770985356062,0.0,89
893580,4750,2.127500897224373,2.127500897224373,0.0,109
894580,4751,-0.10130431786522331,-1.6313043178652245,51.0,1000
894762,4752,2.751929214984183,1.3719292149841826,46.0,182
894879,4753,2.3165362366511504,2.07653623665115,8.0,117
894968,4754,2.932214730539327,2.932214730539327,0.0,89
895159,4755,2.876010326244247,2.7860103262442473,3.0,191
895311,4756,2.7561441044199455,2.4261441044199454,11.0,152
895383,4757,2.784979064703437,2.784979064703437,0.0,72
896383,4758,-1.2852390644435165,-1.735239064443517,15.0,1000
896470,4759,3.166971939928334,2.956971939928334,7.0,87
896770,4760,2.140450978748965,0.10045097874896358,68.0,300
896886,4761,1.471592275329842,1.471592275329842,0.0,116
896959,4762,2.4446089233060975,2.234608923306097,7.0,73
897016,4763,1.9644982247496805,1.9644982247496805,0.0,57
897070,4764,2.239557597947094,2.239557597947094,0.0,54
897126,4765,2.207076434848957,2.207076434848957,0.0,56
897333,4766,2.4969581868013075,1.8969581868013063,20.0,207
897394,4767,2.4409347784255253,2.0809347784255254,12.0,61
897484,4768,2.8548918089560162,2.6448918089560163,7.0,90
897533,4769,1.6200520126487592,1.6200520126487592,0.0,49
897632,4770,1.5797204370343043,0.9197204370343042,22.0,99
897679,4771,1.6772813068218289,1.6772813068218289,0.0,47
897850,4772,2.0408947484893467,1.6208947484893463,14.0,171
897946,4773,2.870599601244886,2.300599601244886,19.0,96
898946,4774,0.07441622359382549,-1.095583776406175,39.0,1000
899057,4775,1.4665969066093596,0.11659690660935895,45.0,111
899197,4776,3.0474362354832776,2.327436235483277,24.0,140
899251,4777,2.0751710202211164,2.0751710202211164,0.0,54
899354,4778,3.615065719331044,3.045065719331043,19.0,103
899466,4779,1.7640303362436445,1.7340303362436447,1.0,112
899559,4780,1.370173136938145,1.0101731369381448,12.0,93
899605,4781,1.6739647013375674,1.6739647013375674,0.0,46
900605,4782,0.8330582954779889,-16.626941704521986,582.0,1000
900680,4783,2.6337604880798056,2.483760488079805,5.0,75
900823,4784,2.5051418351320645,2.4451418351320644,2.0,143
900900,4785,2.9418155210218115,2.9418155210218115,0.0,77
900970,4786,2.7017394579467267,2.7017394579467267,0.0,70
901018,4787,2.015659906254886,2.015659906254886,0.0,48
901078,4788,2.350284215561012,2.350284215561012,0.0,60
902078,4789,0.9292472365808142,-5.730752763419174,222.0,1000
902153,4790,2.676897713011745,2.676897713011745,0.0,75
902808,4791,1.6617361937977246,-6.8582638062022685,284.0,655
902899,4792,3.3168486392078664,3.3168486392078664,0.0,91
902969,4793,1.9247431224062657,1.9247431224062657,0.0,70
903969,4794,0.6200067430707392,-1.8099932569292623,81.0,1000
904067,4795,1.7017080191497183,1.7017080191497183,0.0,98
904206,4796,2.278546557989536,1.4985465579895363,26.0,139
904285,4797,2.298926009411823,2.178926009411823,4.0,79
904415,4798,3.2351046284142675,3.2351046284142675,0.0,130
904462,4799,1.9656806981992134,1.9656806981992134,0.0,47
904551,4800,3.192792001023021,3.192792001023021,0.0,89
904585,4801,1.5842549164642339,1.5842549164642339,0.0,34
904665,4802,2.8273097585309945,2.4373097585309944,13.0,80
904706,4803,1.773181966239811,1.4131819662398106,12.0,41
904789,4804,2.380912579490528,2.380912579490528,0.0,83
905789,4805,-0.34731814575190034,-0.34731814575190034,0.0,1000
905822,4806,1.5078795339115638,1.5078795339115638,0.0,33
905870,4807,1.8529375882539143,1.6729375882539141,6.0,48
905974,4808,2.542923384850617,2.302923384850617,8.0,104
906067,4809,3.13263789048984,3.13263789048984,0.0,93
906132,4810,2.403570770724338,2.313570770724338,3.0,65
906214,4811,2.988733590822046,2.898733590822046,3.0,82
906690,4812,2.2452890676581436,-8.224710932341836,349.0,476
906746,4813,2.2215142629428204,1.8915142629428199,11.0,56
906829,4814,2.940606852049629,2.310606852049628,21.0,83
906942,4815,1.719353069953882,1.629353069953882,3.0,113
907942,4816,0.6940455681316244,-14.605954431868334,510.0,1000
908088,4817,2.7927515870177033,1.5927515870177025,40.0,146
908257,4818,1.4432554054739506,1.4432554054739506,0.0,169
908302,4819,1.819447370250366,1.819447370250366,0.0,45
908387,4820,1.5759433336694189,1.215943333669419,12.0,85
908513,4821,2.9236152335298904,2.5336152335298907,13.0,126
908581,4822,1.8957648870065174,1.2657648870065175,21.0,68
908661,4823,3.0046222161199054,2.944622216119905,2.0,80
908827,4824,3.0226530920916757,2.9026530920916755,4.0,166
909031,4825,3.244835979442802,2.2548359794428023,33.0,204
909072,4826,1.783030320370416,1.783030320370416,0.0,41
909143,4827,2.5537074422123744,2.5537074422123744,0.0,71
909187,4828,1.7490302885205367,1.5390302885205362,7.0,44
909300,4829,1.6078837310363272,1.6078837310363272,0.0,113
909394,4830,2.7215114986813553,2.6015114986813552,4.0,94
910394,4831,-0.5377302472069894,-2.6977302472069873,72.0,1000
910497,4832,2.2225302375065485,1.7725302375065484,15.0,103
910530,4833,1.5224563552323511,1.5224563552323511,0.0,33
911530,4834,-0.6083511125764942,-0.6083511125764942,0.0,1000
911640,4835,1.7605556557999655,1.7605556557999655,0.0,110
912640,4836,-0.46496302264505474,-0.46496302264505474,0.0,1000
912694,4837,2.152650396642348,2.152650396642348,0.0,54
912752,4838,2.0086590984282315,1.8286590984282316,6.0,58
912992,4839,2.7696743990493,2.4096743990492997,12.0,240
913056,4840,2.1420025882531823,2.1120025882531825,1.0,64
913126,4841,1.5230968081856013,1.5230968081856013,0.0,70
913152,4842,1.3256392799993741,1.3256392799993741,0.0,26
913203,4843,2.0946842363229914,2.0946842363229914,0.0,51
913327,4844,3.009488060873532,2.469488060873532,18.0,124
913471,4845,2.428422151260131,1.6484221512601307,26.0,144
914471,4846,0.1489864609351801,-0.8110135390648202,32.0,1000
914734,4847,2.1893193319677753,1.739319331967775,15.0,263
915734,4848,0.8801124397277289,-18.73988756027224,654.0,1000
915832,4849,3.4077415644345566,3.4077415644345566,0.0,98
915956,4850,1.9270414647756087,1.8070414647756086,4.0,124
916011,4851,2.1556598661255197,1.7956598661255194,12.0,55
916067,4852,2.3214309789005596,2.3214309789005596,0.0,56
916154,4853,3.222769839738265,3.192769839738265,1.0,87
916211,4854,1.6354288436555555,1.6354288436555555,0.0,57
916278,4855,2.5381934564544273,2.5381934564544273,0.0,67
916374,4856,3.431247758537845,3.2812477585378454,5.0,96
916534,4857,2.843058377920199,2.6630583779201986,6.0,160
917534,4858,0.4448551952473878,-14.675144804752584,504.0,1000
917590,4859,2.243871510775728,2.243871510775728,0.0,56
917632,4860,1.7299375319517072,1.7299375319517072,0.0,42
917762,4861,2.4528885122368225,2.122888512236822,11.0,130
917823,4862,1.7669898962271002,1.7669898962271002,0.0,61
917918,4863,3.356660884620301,3.356660884620301,0.0,95
917973,4864,1.376451364180383,1.376451364180383,0.0,55
918026,4865,1.9499769447616826,1.9499769447616826,0.0,53
918075,4866,2.03964145042005,2.03964145042005,0.0,49
918145,4867,1.40220126943859,1.40220126943859,0.0,70
918242,4868,3.167352845970494,2.807352845970495,12.0,97
918441,4869,1.8575598289588449,0.4475598289588443,47.0,199
919441,4870,-0.7513494259370876,-0.7513494259370876,0.0,1000
919564,4871,1.8135228978513775,1.7235228978513772,3.0,123
919726,4872,2.3402171068713473,2.130217106871348,7.0,162
919834,4873,3.2860668835545015,2.9860668835545012,10.0,108
920834,4874,0.5898390243599017,-0.4601609756400987,35.0,1000
920975,4875,1.9965988376217774,1.8165988376217774,6.0,141
921032,4876,1.875860232137521,1.815860232137521,2.0,57
921221,4877,1.548460108322893,0.6484601083228936,30.0,189
921250,4878,1.3294436529247475,1.3294436529247475,0.0,29
922126,4879,2.1130156984958894,2.023015698495889,3.0,876
922307,4880,2.9977684479172373,2.9677684479172375,1.0,181
922357,4881,1.9575873224296454,1.9575873224296454,0.0,50
922457,4882,2.139202001012759,1.9592020010127587,6.0,100
923457,4883,-0.2466945908347804,-0.9666945908347806,24.0,1000
923596,4884,2.1111824775586654,2.0511824775586653,2.0,139
923680,4885,1.3535893277973148,1.3535893277973148,0.0,84
923713,4886,1.5565057351357416,1.5565057351357416,0.0,33
924171,4887,3.625870305990037,2.395870305990036,41.0,458
925171,4888,-0.6197922190783394,-1.63979221907834,34.0,1000
925280,4889,2.1198495046077905,1.8798495046077903,8.0,109
925402,4890,2.154137008233391,1.794137008233391,12.0,122
925517,4891,2.128067979181959,1.7380679791819584,13.0,115
925558,4892,1.732019855220634,1.732019855220634,0.0,41
925645,4893,3.2559610251636637,3.1659610251636634,3.0,87
925738,4894,1.5551005206420725,1.5551005206420725,0.0,93
926007,4895,2.8918635425752144,2.471863542575214,14.0,269
926108,4896,3.0497328795075482,2.3297328795075476,24.0,101
926164,4897,1.7862250063015235,1.6062250063015233,6.0,56
926247,4898,1.9686160211490566,1.5486160211490563,14.0,83
926353,4899,2.7874430395771426,2.4874430395771423,10.0,106
926469,4900,3.243321828658922,3.1533218286589215,3.0,116
926576,4901,1.6539453937785225,1.6539453937785225,0.0,107
926778,4902,2.7366750739360732,2.7366750739360732,0.0,202
926957,4903,2.679231181233947,2.139231181233946,18.0,179
927069,4904,1.3535376799581107,1.3535376799581107,0.0,112
927096,4905,1.329854699913935,1.329854699913935,0.0,27
927135,4906,1.4477593603758638,1.3277593603758637,4.0,39
927208,4907,2.782469987846747,2.782469987846747,0.0,73
927249,4908,1.763249311137456,1.763249311137456,0.0,41
928249,4909,0.20359512930874724,-0.516404870691253,24.0,1000
928359,4910,1.9672432852435178,1.9672432852435178,0.0,110
928519,4911,2.858141909278964,2.3481419092789633,17.0,160
928732,4912,1.4339438793360084,0.8639438793360085,19.0,213
928870,4913,3.122021971430108,3.092021971430108,1.0,138
928946,4914,2.499781244596242,1.9597812445962413,18.0,76
929061,4915,1.9708332463162812,1.7608332463162812,7.0,115
929240,4916,2.8312102702207005,2.681210270220701,5.0,179
929309,4917,2.3490696897406487,2.079069689740648,9.0,69
930309,4918,0.06269420764133304,0.06269420764133304,0.0,1000
930436,4919,3.6603811759500875,3.360381175950087,10.0,127
930541,4920,1.943099972374417,1.4930999723744167,15.0,105
930859,4921,2.604446286771168,0.8644462867711666,58.0,318
931082,4922,2.5633068090902786,2.4133068090902787,5.0,223
931127,4923,1.8773011762143468,1.8773011762143468,0.0,45
931182,4924,2.2663990056219703,2.17639900562197,3.0,55
931429,4925,1.5627505482033426,1.4127505482033427,5.0,247
931484,4926,2.1948214658830985,2.1948214658830985,0.0,55
931599,4927,2.72973309129592,2.60973309129592,4.0,115
931705,4928,1.4505568581004569,1.300556858100457,5.0,106
931862,4929,2.1787443928633863,0.5287443928633855,55.0,157
932000,4930,2.761342202822381,2.551342202822381,7.0,138
932078,4931,2.53262221250427,1.96262221250427,19.0,78
932194,4932,2.8410840940666007,2.6910840940666003,5.0,116
932290,4933,1.512548002469814,1.512548002469814,0.0,96
932432,4934,1.6326576613211632,1.6326576613211632,0.0,142
932462,4935,1.390704054356415,1.390704054356415,0.0,30
932621,4936,2.5903180481190007,2.4703180481190006,4.0,159
932814,4937,1.969447403706482,1.969447403706482,0.0,193
933024,4938,1.9684681352977949,1.6384681352977943,11.0,210
934024,4939,0.0006266831655326044,-2.9693733168344627,99.0,1000
934059,4940,1.6353437310692063,1.6353437310692063,0.0,35
934224,4941,1.564569201601048,0.8145692016010482,25.0,165
934327,4942,2.0932609077674513,1.943260907767451,5.0,103
934452,4943,2.0104285037747207,1.6504285037747204,12.0,125
934555,4944,3.6501457295225554,3.6501457295225554,0.0,103
934666,4945,3.576622976548123,3.2166229765481225,12.0,111
934796,4946,3.1017008951107368,2.9817008951107367,4.0,130
935796,4947,-2.523410806914094,-2.523410806914094,0.0,1000
935825,4948,1.417041384594516,1.417041384594516,0.0,29
935971,4949,2.191493979548962,1.4714939795489617,24.0,146
936207,4950,3.492711849839058,2.8027118498390573,23.0,236
937207,4951,0.5138161281301359,-0.056183871869864316,19.0,1000
937243,4952,1.5722414588573757,1.5722414588573757,0.0,36
937312,4953,2.654609171941366,2.294609171941367,12.0,69
937402,4954,2.043657185999718,1.6836571859997176,12.0,90
937427,4955,1.3313495684810077,1.3313495684810077,0.0,25
937490,4956,2.0059567854700964,2.0059567854700964,0.0,63
938490,4957,-0.4734480832020551,-3.9534480832020438,116.0,1000
938590,4958,3.446818335155484,2.906818335155483,18.0,100
939017,4959,2.665062021905589,2.275062021905588,13.0,427
939123,4960,1.5852130111659042,0.5652130111659037,34.0,106
939194,4961,2.4743207917899888,2.4143207917899883,2.0,71
939274,4962,2.2354735903351592,2.2354735903351592,0.0,80
939406,4963,3.0651931149616476,3.0351931149616473,1.0,132
939547,4964,3.0105352008072614,2.980535200807261,1.0,141
939602,4965,2.2194984346614683,2.2194984346614683,0.0,55
939813,4966,1.8181848077729523,1.8181848077729523,0.0,211
939929,4967,2.9231126812876758,2.293112681287676,21.0,116
940929,4968,0.1501325548521253,0.1501325548521253,0.0,1000
940976,4969,1.920009643625907,1.920009643625907,0.0,47
941976,4970,0.01044480738276965,-0.2895551926172305,10.0,1000
942023,4971,1.6436704342451152,1.6436704342451152,0.0,47
942077,4972,1.9696871571004415,1.9696871571004415,0.0,54
943077,4973,0.04582241868872661,0.04582241868872661,0.0,1000
943183,4974,1.6721834549621715,1.6721834549621715,0.0,106
943215,4975,1.4263272274789351,1.4263272274789351,0.0,32
943241,4976,1.298277639182471,1.298277639182471,0.0,26
944241,4977,0.06322807086840243,-20.546771929131605,687.0,1000
944335,4978,3.266341114388856,3.266341114388856,0.0,94
944428,4979,1.7533959724831085,1.6333959724831086,4.0,93
944624,4980,2.9975014142146703,2.3375014142146693,22.0,196
945624,4981,-0.2649313286730477,-0.8949313286730481,21.0,1000
945695,4982,2.0233382403361446,1.8133382403361447,7.0,71
945757,4983,1.662296819076956,1.662296819076956,0.0,62
945840,4984,2.161145764005906,2.161145764005906,0.0,83
945935,4985,3.3644149045008316,3.184414904500831,6.0,95
946085,4986,2.9454818207540665,1.775481820754067,39.0,150
947085,4987,0.9373623591053183,-15.352637640894681,543.0,1000
947162,4988,2.884173044001445,2.7941730440014445,3.0,77
947265,4989,1.8987732625998168,1.8987732625998168,0.0,103
947512,4990,3.301465508339722,2.7614655083397226,18.0,247
947558,4991,1.8320793154685147,1.8320793154685147,0.0,46
947722,4992,1.8806025927139003,0.8906025927139002,33.0,164
948722,4993,0.13874661458047832,0.13874661458047832,0.0,1000
948844,4994,1.718780862057102,1.1787808620571014,18.0,122
948933,4995,2.178786342245443,1.968786342245443,7.0,89
949057,4996,2.210936955253797,2.210936955253797,0.0,124
949294,4997,2.4308960995731033,1.1408960995731026,43.0,237
949345,4998,1.9428537186064587,1.912853718606459,1.0,51
949389,4999,1.894689810944818,1.774689810944818,4.0,44
949454,5000,1.3936483629199727,1.3936483629199727,0.0,65
949540,5001,2.9109077528741656,2.9109077528741656,0.0,86
949832,5002,2.9182257882770726,2.108225788277071,27.0,292
949889,5003,1.9636988792373804,1.4236988792373801,18.0,57
949977,5004,2.792447644669629,2.672447644669629,4.0,88
950977,5005,-0.40555748874919795,-0.40555748874919795,0.0,1000
951977,5006,-0.39005563885925776,-0.39005563885925776,0.0,1000
952756,5007,1.876922633431011,-11.773077366568971,455.0,779
952810,5008,2.1229902801374263,2.1229902801374263,0.0,54
952876,5009,2.576465007033943,2.576465007033943,0.0,66
952951,5010,2.644189242187804,2.6141892421878037,1.0,75
953026,5011,2.5345743680233808,2.174574368023381,12.0,75
953085,5012,1.9363387500716518,1.8163387500716517,4.0,59
953176,5013,2.20024065954051,1.72024065954051,16.0,91
953251,5014,2.6504847005262304,2.6504847005262304,0.0,75
953972,5015,3.0271814740099803,2.1571814740099797,29.0,721
954041,5016,2.5326045781578035,2.172604578157803,12.0,69
954378,5017,2.68209898880487,-4.757901011195115,248.0,337
954465,5018,2.8694055483393974,2.509405548339398,12.0,87
954556,5019,1.336569147378977,1.336569147378977,0.0,91
954681,5020,1.9952787966962324,1.9952787966962324,0.0,125
954743,5021,2.3333837871594527,2.3333837871594527,0.0,62
954794,5022,2.069706823314691,2.009706823314691,2.0,51
954863,5023,2.664792595475495,2.454792595475496,7.0,69
954988,5024,1.9216143425059726,1.9216143425059726,0.0,125
955030,5025,1.7969825951799763,1.7969825951799763,0.0,42
955122,5026,3.3205990588282592,3.29059905882826,1.0,92
955194,5027,2.2249207372473307,2.2249207372473307,0.0,72
955329,5028,2.520094496247315,2.520094496247315,0.0,135
955366,5029,1.6262018085175536,1.6262018085175536,0.0,37
955391,5030,1.2710039370782868,1.2710039370782868,0.0,25
955439,5031,1.8973240306815997,1.7773240306815996,4.0,48
955474,5032,1.5387956682436874,1.5387956682436874,0.0,35
955609,5033,2.079088250779849,2.0190882507798493,2.0,135
955664,5034,1.3928344064475198,1.3928344064475198,0.0,55
956478,5035,2.0203709124870093,2.0203709124870093,0.0,814
956604,5036,2.119858330613974,2.119858330613974,0.0,126
956693,5037,1.309904112220428,1.309904112220428,0.0,89
956735,5038,1.7793899401201154,1.389389940120115,13.0,42
956815,5039,1.438715352011398,1.438715352011398,0.0,80
956889,5040,2.67631009995052,2.3163100999505204,12.0,74
956946,5041,2.0519197460328957,2.0519197460328957,0.0,57
957030,5042,2.9555494586630298,2.74554945866303,7.0,84
957148,5043,2.326762725906935,2.2667627259069345,2.0,118
957193,5044,1.554565164316505,1.554565164316505,0.0,45
957318,5045,2.0555760404626184,2.025576040462618,1.0,125
957389,5046,2.2481786582612795,2.1281786582612794,4.0,71
957458,5047,2.655545770366909,2.2655457703669084,13.0,69
957936,5048,2.4655957108274267,2.135595710827426,11.0,478
957999,5049,2.2731148488939485,1.9731148488939487,10.0,63
958035,5050,1.5480374393740544,1.5480374393740544,0.0,36
958157,5051,2.720373760197848,2.2703737601978475,15.0,122
958216,5052,2.1598919515961015,2.0398919515961014,4.0,59
958337,5053,1.5365735871315946,0.5465735871315942,33.0,121
958467,5054,2.5928501111941693,2.082850111194169,17.0,130
958596,5055,2.1023199483819432,1.7423199483819432,12.0,129
958832,5056,3.0447408839095043,2.0847408839095047,32.0,236
959020,5057,2.7336172868989745,1.323617286898973,47.0,188
959169,5058,2.842685268550281,2.7826852685502814,2.0,149
959320,5059,2.599205478854355,2.599205478854355,0.0,151
959349,5060,1.4454287594425097,1.4454287594425097,0.0,29
959412,5061,1.6621719538297912,1.1821719538297908,16.0,63
959586,5062,2.3976643385809737,1.677664338580974,24.0,174
959755,5063,2.556275035549195,2.4962750355491954,2.0,169
959785,5064,1.3374726334573634,1.3374726334573634,0.0,30
959828,5065,1.845327110017212,1.845327110017212,0.0,43
959858,5066,1.435066286018619,1.435066286018619,0.0,30
959931,5067,1.8768074051467563,1.8768074051467563,0.0,73
959978,5068,1.9662001634669222,1.9662001634669222,0.0,47
960038,5069,2.332315956965103,2.332315956965103,0.0,60
960217,5070,3.1738927399317247,2.6338927399317242,18.0,179
960319,5071,1.4198561916890111,1.389856191689011,1.0,102
960391,5072,2.305161895215873,2.305161895215873,0.0,72
960452,5073,1.7252919280649779,1.6952919280649779,1.0,61
960573,5074,2.3809252925138606,1.9309252925138614,15.0,121
960633,5075,1.690429152087232,1.690429152087232,0.0,60
960738,5076,1.773066434564492,1.443066434564492,11.0,105
960834,5077,2.857767844497177,2.437767844497176,14.0,96
960940,5078,2.5621231056783556,2.5621231056783556,0.0,106
961249,5079,3.1338774548987067,2.923877454898707,7.0,309
961343,5080,2.299932927149933,1.8499329271499327,15.0,94
962343,5081,0.12084701709394396,-19.829152982906052,665.0,1000
962531,5082,1.812112630224025,1.4521126302240248,12.0,188
962626,5083,2.5736426382205773,2.123642638220577,15.0,95
963602,5084,3.0028075519547524,2.2828075519547517,24.0,976
963725,5085,2.1847958000018814,1.014795800001881,39.0,123
963804,5086,2.653793186473755,2.4137931864737547,8.0,79
963930,5087,2.1653853755863297,1.475385375586329,23.0,126
964062,5088,2.259472416258135,2.139472416258135,4.0,132
964188,5089,2.749904881314336,2.3899048813143366,12.0,126
964262,5090,1.969027081327377,1.969027081327377,0.0,74
964351,5091,1.2755520911893843,1.2755520911893843,0.0,89
964457,5092,3.040033719730413,3.010033719730413,1.0,106
964574,5093,1.8183921272709005,1.5183921272709002,10.0,117
964779,5094,1.8094750136245432,1.8094750136245432,0.0,205
964915,5095,2.673914302754372,2.193914302754372,16.0,136
965094,5096,2.9517801858161605,2.6817801858161605,9.0,179
965144,5097,1.627686320291613,1.627686320291613,0.0,50
965212,5098,2.5317487751260757,2.5017487751260754,1.0,68
965255,5099,1.8429332753208318,1.8429332753208318,0.0,43
965402,5100,3.951982589224734,3.8619825892247333,3.0,147
965510,5101,2.6377995870162274,2.1877995870162277,15.0,108
965640,5102,2.153645692098376,2.123645692098376,1.0,130
965709,5103,2.664168019867148,2.6341680198671478,1.0,69
965803,5104,3.017167392820145,2.627167392820145,13.0,94
965934,5105,2.259635214622566,2.1996352146225657,2.0,131
965993,5106,2.2958708229259477,2.2958708229259477,0.0,59
966045,5107,1.834590332922393,1.834590332922393,0.0,52
966210,5108,2.272499589751045,1.912499589751045,12.0,165
967193,5109,2.863038870730292,1.0030388707302906,62.0,983
967335,5110,2.228252778810721,2.228252778810721,0.0,142
967401,5111,2.1818783677335127,2.1818783677335127,0.0,66
967580,5112,2.0132157368520502,1.77321573685205,8.0,179
967671,5113,2.293983258090605,2.293983258090605,0.0,91
967725,5114,2.1656119893189727,2.1656119893189727,0.0,54
967768,5115,1.7381760740500831,1.3181760740500827,14.0,43
967871,5116,3.3328884833851564,3.302888483385156,1.0,103
968301,5117,1.7360320721092442,-5.1939679278907525,231.0,430
968635,5118,2.315567494547668,0.5755674945476668,58.0,334
969038,5119,3.8855378087042123,3.105537808704211,26.0,403
969372,5120,3.2973470295161444,3.2073470295161455,3.0,334
969413,5121,1.6100980493935124,1.6100980493935124,0.0,41
969493,5122,2.1307687326577884,1.9507687326577887,6.0,80
969599,5123,3.526239301612533,3.4662393016125326,2.0,106
969777,5124,2.5922654111388033,2.262265411138803,11.0,178
969836,5125,2.3172652668528224,1.9572652668528225,12.0,59
969895,5126,1.5776610866769678,1.5776610866769678,0.0,59
969956,5127,2.04656479414096,1.59656479414096,15.0,61
970085,5128,2.3380288987423725,2.3080288987423723,1.0,129
971085,5129,0.08080182818230774,0.08080182818230774,0.0,1000
971134,5130,1.4720577367640133,1.4720577367640133,0.0,49
971163,5131,1.3405211293381696,1.3405211293381696,0.0,29
971289,5132,1.9565533659638825,1.5365533659638824,14.0,126
971829,5133,2.9699881177402547,-7.680011882259732,355.0,540
972829,5134,-1.2918807282719853,-1.2918807282719853,0.0,1000
973017,5135,2.13968120098696,2.13968120098696,0.0,188
973055,5136,1.4574889009540395,1.4574889009540395,0.0,38
973207,5137,2.0350574175609335,2.0350574175609335,0.0,152
973288,5138,2.3026385172133335,2.0926385172133335,7.0,81
973381,5139,1.5591792231731927,1.5591792231731927,0.0,93
973513,5140,2.186665414458478,2.186665414458478,0.0,132
973707,5141,2.1143516418474975,2.1143516418474975,0.0,194
973813,5142,2.3005110166857197,2.2705110166857194,1.0,106
973863,5143,1.8725871834761263,1.6925871834761264,6.0,50
974023,5144,2.322367486812185,1.3023674868121846,34.0,160
974114,5145,2.5772948971324405,2.5472948971324403,1.0,91
974309,5146,2.5142367396112966,1.134236739611296,46.0,195
974340,5147,1.4581477056374759,1.4581477056374759,0.0,31
975131,5148,4.001962697778278,3.6719626977782776,11.0,791
975216,5149,3.104323847131141,2.8343238471311407,9.0,85
976216,5150,-0.30033325884250184,-4.110333258842489,127.0,1000
976331,5151,2.6335952709976187,2.2135952709976188,14.0,115
976398,5152,2.4321070132268465,2.4321070132268465,0.0,67
976454,5153,2.2712706598179233,2.2712706598179233,0.0,56
976768,5154,2.3918351629044343,1.4318351629044344,32.0,314
976816,5155,2.003351947129886,2.003351947129886,0.0,48
976868,5156,1.9657993206460513,1.8757993206460513,3.0,52
976894,5157,1.2822778924154927,1.2822778924154927,0.0,26
976971,5158,2.5324867292847815,2.172486729284781,12.0,77
977055,5159,2.611581871313076,2.281581871313077,11.0,84
977151,5160,2.406952371856823,1.446952371856823,32.0,96
977235,5161,2.9100404545121767,2.9100404545121767,0.0,84
977592,5162,2.2127010142885437,1.7327010142885437,16.0,357
978055,5163,2.5543828037342644,2.2243828037342643,11.0,463
978109,5164,2.1348667328763904,2.0448667328763905,3.0,54
978190,5165,2.725007123905668,2.3350071239056684,13.0,81
978247,5166,2.2068805691176805,2.2068805691176805,0.0,57
978284,5167,1.5649828152221503,1.5649828152221503,0.0,37
979284,5168,0.912972724659956,-15.46702727534005,546.0,1000
980165,5169,3.4084504705548304,2.53845047055483,29.0,881
980214,5170,1.9749722661218057,1.9749722661218057,0.0,49
981133,5171,2.9160852153546992,1.1160852153546978,60.0,919
981234,5172,2.130158005029667,2.130158005029667,0.0,101
981343,5173,3.810837652133513,3.480837652133513,11.0,109
981453,5174,2.0007125496887177,1.9107125496887178,3.0,110
981510,5175,1.732303253179457,1.732303253179457,0.0,57
982510,5176,-1.0753661857948877,-20.965366185794885,663.0,1000
982564,5177,1.5328070174558233,1.5328070174558233,0.0,54
983564,5178,-0.25396784034352526,-0.25396784034352526,0.0,1000
983606,5179,1.8103319224615362,1.8103319224615362,0.0,42
984606,5180,0.07726115042863002,0.07726115042863002,0.0,1000
984722,5181,1.6207780328327406,1.6207780328327406,0.0,116
984896,5182,2.763673053987179,2.6136730539871786,5.0,174
985000,5183,3.5374921843426472,3.2374921843426474,10.0,104
985096,5184,3.1258610516225964,2.7958610516225963,11.0,96
985282,5185,2.9080035055368145,2.9080035055368145,0.0,186
985392,5186,1.6844001848025894,1.6844001848025894,0.0,110
985592,5187,2.9342891198670378,2.0342891198670383,30.0,200
985645,5188,2.0142468186517197,2.0142468186517197,0.0,53
985695,5189,2.0546454815439783,2.0546454815439783,0.0,50
985735,5190,1.7100056788779394,1.7100056788779394,0.0,40
985823,5191,2.7914985571140893,2.6714985571140892,4.0,88
985957,5192,1.858978516625315,1.858978516625315,0.0,134
986036,5193,2.916620008301202,2.916620008301202,0.0,79
986078,5194,1.7510949906176574,1.391094990617657,12.0,42
986166,5195,2.8632929733332158,2.7732929733332154,3.0,88
986284,5196,2.6437813056543233,2.6437813056543233,0.0,118
987284,5197,-0.3970120717623753,-0.3970120717623753,0.0,1000
987343,5198,2.263837745849936,1.8738377458499356,13.0,59
987408,5199,1.9259663749685627,1.8059663749685626,4.0,65
987435,5200,1.3280674819570937,1.3280674819570937,0.0,27
987488,5201,1.5721423685729754,1.5721423685729754,0.0,53
988007,5202,3.0406314510756283,-1.0393685489243687,136.0,519
988935,5203,2.8529319712751553,2.402931971275156,15.0,928
989024,5204,2.728456629250415,2.728456629250415,0.0,89
989151,5205,3.3239282046465184,2.8739282046465195,15.0,127
989220,5206,1.7608426294013535,1.7308426294013535,1.0,69
989329,5207,2.53718444270791,2.53718444270791,0.0,109
989448,5208,1.7652704043919725,1.6752704043919722,3.0,119
989489,5209,1.7962853486060593,1.7962853486060593,0.0,41
990364,5210,3.190745945714955,2.590745945714954,20.0,875
990439,5211,2.2121323054676902,2.18213230546769,1.0,75
990556,5212,2.013058935590516,0.9030589355905156,37.0,117
990625,5213,2.3218342558479095,1.511834255847909,27.0,69
990689,5214,2.3941286664991397,2.36412866649914,1.0,64
990743,5215,1.8215184914241553,1.8215184914241553,0.0,54
990848,5216,2.6290737151040835,2.2990737151040834,11.0,105
990904,5217,2.0801472764567386,2.0801472764567386,0.0,56
990972,5218,2.50574941757723,2.20574941757723,10.0,68
991018,5219,1.9209314038420982,1.5309314038420978,13.0,46
991113,5220,1.3295067617755936,1.3295067617755936,0.0,95
991140,5221,1.3488111518873191,1.3488111518873191,0.0,27
991221,5222,2.6758796013776895,2.55587960137769,4.0,81
992221,5223,-1.6347646398527995,-7.094764639852787,182.0,1000
992256,5224,1.4820195660833066,1.4820195660833066,0.0,35
992290,5225,1.4965459029756214,1.4965459029756214,0.0,34
992339,5226,2.024730104843913,2.024730104843913,0.0,49
993339,5227,-0.8657645090242165,-0.8657645090242165,0.0,1000
993430,5228,1.4203675036976504,1.4203675036976504,0.0,91
993488,5229,2.2528351962291495,2.2528351962291495,0.0,58
993569,5230,2.700981463287272,2.340981463287272,12.0,81
993659,5231,3.113235989949274,3.113235989949274,0.0,90
993756,5232,2.4020625253357624,2.4020625253357624,0.0,97
994019,5233,2.031501327233653,0.5615013272336515,49.0,263
994075,5234,2.229778212731296,1.8697782127312959,12.0,56
994128,5235,2.196899731858279,1.986899731858279,7.0,53
995009,5236,2.3890357962673106,2.3890357962673106,0.0,881
995081,5237,1.654432072465601,1.654432072465601,0.0,72
995177,5238,2.9296144351928506,2.8996144351928503,1.0,96
996177,5239,0.3158236599970441,0.3158236599970441,0.0,1000
996306,5240,2.334405377689208,2.1244053776892082,7.0,129
996394,5241,1.357286829638861,1.357286829638861,0.0,88
997394,5242,0.33946273055003573,-16.19053726944991,551.0,1000
997910,5243,1.9205940744005465,0.36059407440054625,52.0,516
997994,5244,3.0050249497541857,2.5550249497541855,15.0,84
998105,5245,3.083456373297984,2.693456373297984,13.0,111
998195,5246,1.520006616963261,1.520006616963261,0.0,90
998253,5247,1.8945438383922697,1.6845438383922695,7.0,58
999253,5248,-0.1239730375432857,-0.2139730375432857,3.0,1000
999309,5249,2.211743195687128,1.7617431956871277,15.0,56
999427,5250,2.415404784469522,1.9054047844695212,17.0,118
1000427,5251,-0.145873141222997,-0.175873141222997,1.0,1000
1000535,5252,1.7293790074011453,1.6693790074011452,2.0,108
1000558,5253,1.2703370118830992,1.2703370118830992,0.0,23
1001558,5254,0.8178612581285214,-21.442138741871435,742.0,1000
1001923,5255,3.269840125531876,2.729840125531876,18.0,365
1002002,5256,2.436669930271158,2.3766699302711576,2.0,79
1002064,5257,1.8846362393431793,1.4946362393431791,13.0,62
1002160,5258,2.246985817016817,2.246985817016817,0.0,96
1002222,5259,1.8310710441986975,1.5010710441986972,11.0,62
1002369,5260,3.063524088703256,2.343524088703256,24.0,147
1002402,5261,1.4778308343315314,1.4778308343315314,0.0,33
1002499,5262,3.058838204582702,3.028838204582702,1.0,97
1003273,5263,1.7126265096540725,-4.077373490345917,193.0,774
1003567,5264,2.0888386934844387,2.0888386934844387,0.0,294
1003604,5265,1.687312333694201,1.4473123336942013,8.0,37
1003812,5266,2.4398841343265825,2.0198841343265825,14.0,208
1003857,5267,1.8371047116228723,1.5671047116228722,9.0,45
1003993,5268,2.2579567106459155,2.107956710645915,5.0,136
1004293,5269,1.9988905674921267,0.6488905674921256,45.0,300
1004337,5270,1.8375290535382423,1.477529053538242,12.0,44
1004581,5271,2.594166568524332,2.594166568524332,0.0,244
1004772,5272,2.194984564162018,1.9849845641620179,7.0,191
1004871,5273,2.61488360899801,2.2248836089980104,13.0,99
1005871,5274,1.551783551252198,-17.798216448747773,645.0,1000
1005948,5275,2.7761571446347144,2.4761571446347146,10.0,77
1006004,5276,1.8986594135089254,1.8986594135089254,0.0,56
1006046,5277,1.796507697316314,1.796507697316314,0.0,42
1006084,5278,1.647124807565982,1.647124807565982,0.0,38
1006255,5279,1.8369823483913823,0.8769823483913824,32.0,171
1006377,5280,2.108808649574221,1.778808649574221,11.0,122
1006435,5281,2.076711873356834,2.076711873356834,0.0,58
1006471,5282,1.5962661043945667,1.5962661043945667,0.0,36
1006560,5283,2.892750727103385,2.892750727103385,0.0,89
1006618,5284,2.31516013716763,1.5651601371676294,25.0,58
1006686,5285,2.2615032837823037,2.2615032837823037,0.0,68
1006793,5286,2.314785061321283,1.5347850613212826,26.0,107
1006871,5287,2.8006717402329997,2.7706717402330003,1.0,78
1006922,5288,2.090478820786181,2.090478820786181,0.0,51
1006961,5289,1.7101122372634403,1.7101122372634403,0.0,39
1007042,5290,1.3006022140894822,1.3006022140894822,0.0,81
1007156,5291,3.468343196326882,3.468343196326882,0.0,114
1007277,5292,2.108078461666095,0.2780784616660942,61.0,121
1007363,5293,1.959511546351384,1.3895115463513836,19.0,86
1007494,5294,2.6709688087192593,1.9509688087192592,24.0,131
1007536,5295,1.812504876021528,1.812504876021528,0.0,42
1007648,5296,2.636758564398231,1.976758564398231,22.0,112
1008236,5297,2.3145466019904912,2.0445466019904908,9.0,588
1009236,5298,-0.22807558685541185,-2.118075586855412,63.0,1000
1009370,5299,2.2195241377187704,2.2195241377187704,0.0,134
1009469,5300,2.1579298260655624,1.8279298260655619,11.0,99
1009555,5301,1.6296962336389718,1.5396962336389717,3.0,86
1009653,5302,1.263647856221616,0.06364785622161562,40.0,98
1009691,5303,1.7174910497078295,1.7174910497078295,0.0,38
1009731,5304,1.7401703958415626,1.7401703958415626,0.0,40
1009803,5305,1.561263781469746,1.561263781469746,0.0,72
1009863,5306,2.432514441267845,2.132514441267845,10.0,60
1010863,5307,-0.24370710656348615,-1.0837071065634867,28.0,1000
1011040,5308,2.089475364975379,1.8194753649753794,9.0,177
1012040,5309,-0.07709175756953845,-0.07709175756953845,0.0,1000
1012157,5310,2.7302326725213337,2.4602326725213337,9.0,117
1012239,5311,1.9590266887353,1.8090266887353001,5.0,82
1012309,5312,2.7066711000806825,2.7066711000806825,0.0,70
1012438,5313,2.0170436225450326,2.0170436225450326,0.0,129
1012525,5314,1.4357662035517698,1.4357662035517698,0.0,87
1012792,5315,2.9055615684649645,2.3955615684649647,17.0,267
1012908,5316,2.905005385300985,2.815005385300985,3.0,116
1013036,5317,3.908699297239744,2.9186992972397445,33.0,128
1013224,5318,2.4951206861545536,2.1351206861545533,12.0,188
1013266,5319,1.8070700020769848,1.8070700020769848,0.0,42
1013378,5320,1.7354339196810902,1.7354339196810902,0.0,112
1013401,5321,1.2558086638883168,1.2558086638883168,0.0,23
1013470,5322,2.5713427705670524,2.2413427705670523,11.0,69
1013582,5323,2.27248980619607,2.27248980619607,0.0,112
1013611,5324,1.3811800224002284,1.3811800224002284,0.0,29
1013641,5325,1.4172589797276474,1.4172589797276474,0.0,30
1013672,5326,1.4861318762333444,1.4861318762333444,0.0,31
1013721,5327,1.9381406064990776,1.9381406064990776,0.0,49
1013877,5328,2.868567899244541,2.4785678992445415,13.0,156
1013937,5329,2.207388194144387,1.907388194144387,10.0,60
1014067,5330,1.9889944413288672,1.928994441328867,2.0,130
1014120,5331,2.2178893640175605,2.0978893640175604,4.0,53
1014230,5332,1.6110767493736347,0.7110767493736343,30.0,110
1015230,5333,1.1533784604124278,-17.62662153958757,626.0,1000
1015460,5334,1.8256921519575329,1.8256921519575329,0.0,230
1015528,5335,2.447720400006471,2.1477204000064702,10.0,68
1015681,5336,2.6416245332337964,2.5816245332337964,2.0,153
1016681,5337,0.047869450499524735,0.047869450499524735,0.0,1000
1016770,5338,3.300567853284158,3.120567853284158,6.0,89
1017770,5339,0.5558512374053646,0.04585123740536412,17.0,1000
1017868,5340,2.3600389809795663,2.3600389809795663,0.0,98
1018868,5341,0.18689294787938326,0.18689294787938326,0.0,1000
1018898,5342,1.383229541042011,1.383229541042011,0.0,30
1018932,5343,1.5036758606522356,1.5036758606522356,0.0,34
1018968,5344,1.6429865333330667,1.6429865333330667,0.0,36
1019061,5345,2.7664975190486043,2.4364975190486042,11.0,93
1019313,5346,2.6768774756407,2.5868774756406996,3.0,252
1019445,5347,2.0094157014072236,2.0094157014072236,0.0,132
1020445,5348,-5.528109153007105,-5.528109153007105,0.0,1000
1020472,5349,1.325922647122935,1.325922647122935,0.0,27
1020684,5350,2.6994497911185835,0.5994497911185819,70.0,212
1021684,5351,1.2443535337901956,-17.205646466209807,615.0,1000
1022684,5352,-0.07619062415936684,-0.07619062415936684,0.0,1000
1022794,5353,3.39605059412096,2.9160505941209602,16.0,110
1023081,5354,3.4029019466825075,3.342901946682507,2.0,287
1023235,5355,2.207953054770155,2.207953054770155,0.0,154
1023387,5356,2.43895517580137,2.43895517580137,0.0,152
1023515,5357,1.6091833357460243,1.5791833357460243,1.0,128
1023600,5358,1.8959362115820717,1.8659362115820717,1.0,85
1023713,5359,2.1975975291023833,2.1375975291023837,2.0,113
1023802,5360,3.1288456049270623,2.978845604927063,5.0,89
1023940,5361,2.2660612126934128,1.966061212693413,10.0,138
1024940,5362,-0.10639587457758104,-0.10639587457758104,0.0,1000
1025940,5363,-0.9246517355256771,-2.424651735525675,50.0,1000
1025985,5364,1.8190511941136625,1.8190511941136625,0.0,45
1026252,5365,3.0603645456916775,2.3103645456916766,25.0,267
1026357,5366,2.572012688306968,2.572012688306968,0.0,105
1026585,5367,2.866036565974137,2.6860365659741374,6.0,228
1027585,5368,1.1446861728242448,-15.17531382717575,544.0,1000
1027670,5369,2.819579165340131,2.819579165340131,0.0,85
1027732,5370,1.9375334257853116,1.8775334257853116,2.0,62
1027850,5371,2.1143178400731273,1.6643178400731267,15.0,118
1027994,5372,1.9053139960750225,1.5753139960750224,11.0,144
1028320,5373,3.0816585305494537,2.8416585305494535,8.0,326
1028410,5374,2.385257595874335,2.3552575958743356,1.0,90
1028443,5375,1.473198994462462,1.473198994462462,0.0,33
1028523,5376,1.8122541204697118,1.4822541204697117,11.0,80
1028583,5377,2.3810993823888555,2.021099382388855,12.0,60
1028643,5378,2.0478727760575453,1.807872776057545,8.0,60
1029643,5379,-0.27356507377930406,-29.043565073779305,959.0,1000
1029739,5380,2.8882531964281415,2.2582531964281416,21.0,96
1029797,5381,2.286359716126245,2.286359716126245,0.0,58
1029859,5382,2.457932147655083,2.457932147655083,0.0,62
1029936,5383,2.5220573037541856,2.2820573037541863,8.0,77
1030040,5384,1.9167165280558458,1.9167165280558458,0.0,104
1030400,5385,2.7178831826883645,1.7878831826883643,31.0,360
1030512,5386,2.7551266602879214,2.515126660287921,8.0,112
1031135,5387,2.4540482487788067,-6.6659517512211774,304.0,623
1031222,5388,2.182091835100508,1.7020918351005077,16.0,87
1031258,5389,1.3408713624699073,1.3408713624699073,0.0,36
1031312,5390,2.139629736595504,2.139629736595504,0.0,54
1031777,5391,2.7574834439122355,-4.862516556087753,254.0,465
1031887,5392,3.3231293545582625,2.9031293545582617,14.0,110
1032029,5393,2.065663255607947,2.005663255607947,2.0,142
1032152,5394,4.139083425943465,3.389083425943465,25.0,123
1032260,5395,1.7519789160590524,1.7519789160590524,0.0,108
1032385,5396,2.0316230145939285,1.4616230145939282,19.0,125
1033385,5397,0.5018654993451821,-0.038134500654817854,18.0,1000
1033515,5398,2.091247977629835,1.5812479776298352,17.0,130
1034515,5399,0.20129221040988998,0.20129221040988998,0.0,1000
1034665,5400,3.1660039778325944,2.746003977832594,14.0,150
1034721,5401,2.1756615166788844,2.1756615166788844,0.0,56
1034757,5402,1.62084381777745,1.62084381777745,0.0,36
1035014,5403,2.849155814842511,1.7391558148425097,37.0,257
1035166,5404,2.369406456812558,2.369406456812558,0.0,152
1035392,5405,1.8645247555961506,1.4745247555961503,13.0,226
1035530,5406,2.975605844800761,2.915605844800761,2.0,138
1036530,5407,0.42478842069044065,0.30478842069044054,4.0,1000
1036592,5408,2.2853606896301084,2.015360689630108,9.0,62
1036634,5409,1.7546506072127515,1.6646506072127514,3.0,42
1036743,5410,1.684958119304619,0.9649581193046188,24.0,109
1036923,5411,2.4557215175566744,1.345721517556674,37.0,180
1037923,5412,-0.3580086995301066,-0.3580086995301066,0.0,1000
1038061,5413,2.668890719230797,2.2488907192307974,14.0,138
1039061,5414,-0.31445262223186177,-0.31445262223186177,0.0,1000
1039228,5415,2.3440547669929686,0.6640547669929682,56.0,167
1039283,5416,2.016666429730818,1.896666429730818,4.0,55
1039339,5417,2.1854430869217163,2.1854430869217163,0.0,56
1039486,5418,2.3545949909674624,2.324594990967462,1.0,147
1039548,5419,1.9419396878679653,1.9419396878679653,0.0,62
1039687,5420,2.6615155205761916,2.451515520576192,7.0,139
1039882,5421,2.11947279154486,1.84947279154486,9.0,195
1039943,5422,2.0361075927206382,2.0361075927206382,0.0,61
1039969,5423,1.320953828917259,1.320953828917259,0.0,26
1040089,5424,2.539235166616905,2.2692351666169053,9.0,120
1040164,5425,1.9050887641952399,1.8150887641952398,3.0,75
1041164,5426,-0.24412325041940752,-0.24412325041940752,0.0,1000
1041202,5427,1.4721525078832827,1.4721525078832827,0.0,38
1041299,5428,1.7457818039931323,1.7457818039931323,0.0,97
1041363,5429,1.473031821317534,1.413031821317534,2.0,64
1041409,5430,1.254752722995602,1.254752722995602,0.0,46
1041507,5431,1.6289215920850357,1.6289215920850357,0.0,98
1041583,5432,2.22692134727837,1.9569213472783693,9.0,76
1041713,5433,2.272840920981854,2.182840920981854,3.0,130
1041829,5434,1.6985062482953623,1.6685062482953623,1.0,116
1041908,5435,2.0862240435417476,2.0862240435417476,0.0,79
1041966,5436,1.917447962336467,1.8274479623364672,3.0,58
1042966,5437,-1.0718303754806073,-1.2518303754806075,6.0,1000
1043069,5438,3.1872737515764604,3.1872737515764604,0.0,103
1043297,5439,2.3805301629270117,2.3805301629270117,0.0,228
1043387,5440,3.2552731179525747,2.7752731179525743,16.0,90
1043442,5441,2.2192906427355625,2.159290642735563,2.0,55
1043524,5442,2.013697656776249,1.5936976567762486,14.0,82
1043630,5443,1.8500119404011808,1.8500119404011808,0.0,106
1043743,5444,2.0689049526311205,2.0689049526311205,0.0,113
1043863,5445,2.77425304802728,2.384253048027279,13.0,120
1044863,5446,0.18057767169875305,0.18057767169875305,0.0,1000
1044954,5447,2.0286531495767655,1.6986531495767654,11.0,91
1045523,5448,2.5847865611711796,1.8947865611711796,23.0,569
1045655,5449,1.8474800554210704,0.9474800554210704,30.0,132
1045747,5450,2.859232028943442,1.9892320289434418,29.0,92
1046747,5451,-1.0722130402657881,-1.8822130402657886,27.0,1000
1046806,5452,1.5783669612641515,1.5783669612641515,0.0,59
1046834,5453,1.3507642767696142,1.3507642767696142,0.0,28
1046902,5454,2.309492452394146,2.309492452394146,0.0,68
1047055,5455,2.454021946507547,2.364021946507547,3.0,153
1047102,5456,1.929507773402917,1.929507773402917,0.0,47
1047248,5457,2.311080880617893,2.311080880617893,0.0,146
1047402,5458,2.7488035262854824,1.3088035262854825,48.0,154
1047438,5459,1.3951153453084164,1.3951153453084164,0.0,36
1047751,5460,2.064912810350795,-2.1950871896492026,142.0,313
1047872,5461,1.9557731930901472,1.9557731930901472,0.0,121
1048033,5462,3.252732278741477,2.622732278741477,21.0,161
1048128,5463,1.410748360229872,1.410748360229872,0.0,95
1048256,5464,2.196424515906876,2.136424515906876,2.0,128
1048668,5465,2.7928740138309895,-1.7371259861690134,151.0,412
1049668,5466,-0.9886987333762471,-0.9886987333762471,0.0,1000
1049856,5467,2.15105998313919,2.15105998313919,0.0,188
1049956,5468,2.8732596595187383,2.4532596595187384,14.0,100
1050041,5469,2.7224573604265543,2.3624573604265544,12.0,85
1050161,5470,3.2200628386621672,3.2200628386621672,0.0,120
1050247,5471,2.9220263269261264,2.652026326926126,9.0,86
1050319,5472,2.6117322800062843,1.8317322800062836,26.0,72
1050352,5473,1.481889095486189,1.451889095486189,1.0,33
1050496,5474,2.8760568793732832,2.546056879373283,11.0,144
1050760,5475,2.7457053670808875,2.2357053670808873,17.0,264
1050848,5476,3.191664976131012,2.7116649761310114,16.0,88
1050894,5477,1.516546334364483,1.516546334364483,0.0,46
1051081,5478,2.1281170165567898,2.1281170165567898,0.0,187
1051143,5479,2.0596826647145225,1.8196826647145223,8.0,62
1051460,5480,3.240334079712497,2.970334079712497,9.0,317
1051551,5481,1.5194058139022044,1.5194058139022044,0.0,91
1051714,5482,2.7515129732240156,2.361512973224015,13.0,163
1051782,5483,2.5761178400877274,2.1861178400877277,13.0,68
1052066,5484,3.303611121199541,3.0036111211995413,10.0,284
1052130,5485,2.420891625504684,2.420891625504684,0.0,64
1052253,5486,1.9034246328593833,1.7534246328593834,5.0,123
1052397,5487,2.7463892876489977,2.566389287648998,6.0,144
1052431,5488,1.4828246164717458,1.4828246164717458,0.0,34
1053431,5489,-0.09260780788267864,-0.09260780788267864,0.0,1000
1053537,5490,2.1640810841289713,2.074081084128971,3.0,106
1053668,5491,2.6364608084728154,2.2164608084728146,14.0,131
1053794,5492,2.2414267644986205,1.7914267644986204,15.0,126
1053820,5493,1.2996713966532711,1.2996713966532711,0.0,26
1053863,5494,1.6643378877931698,1.6643378877931698,0.0,43
1053907,5495,1.9277969248657003,1.9277969248657003,0.0,44
1053955,5496,1.9936611600024452,1.783661160002445,7.0,48
1054070,5497,2.631078761467098,2.481078761467098,5.0,115
1054488,5498,2.2407240660233514,1.3107240660233508,31.0,418
1054674,5499,2.6206897332801886,1.9606897332801885,22.0,186
1055674,5500,-0.13037965054279166,-0.13037965054279166,0.0,1000
1055740,5501,2.065545725401843,2.065545725401843,0.0,66
1056740,5502,0.1394292654887308,0.1394292654887308,0.0,1000
1056890,5503,1.312480422288575,1.312480422288575,0.0,150
1057001,5504,2.4577973062662766,2.1877973062662766,9.0,111
1057119,5505,3.8661799104928223,3.296179910492823,19.0,118
1057215,5506,3.4078018957359095,2.687801895735909,24.0,96
1057311,5507,1.334660912654128,0.19466091265412722,38.0,96
1057366,5508,1.6970476901533513,1.6970476901533513,0.0,55
1057392,5509,1.3279608232461109,1.3279608232461109,0.0,26
1057713,5510,2.592775815579391,2.592775815579391,0.0,321
1057762,5511,2.0075121884057596,1.7975121884057594,7.0,49
1057931,5512,2.8488779438292955,2.3088779438292955,18.0,169
1057992,5513,1.8191073078231492,1.8191073078231492,0.0,61
1058097,5514,1.6071011183462964,1.6071011183462964,0.0,105
1058142,5515,1.8476757512750477,1.8476757512750477,0.0,45
1058175,5516,1.4844959873347952,1.4844959873347952,0.0,33
1059175,5517,0.8519489284377351,-1.3680510715622662,74.0,1000
1059318,5518,2.476497333413261,2.116497333413261,12.0,143
1059369,5519,2.0971760726615782,1.947176072661578,5.0,51
1059637,5520,2.9759401759912967,2.2859401759912963,23.0,268
1059774,5521,3.0731983975927077,3.0131983975927072,2.0,137
1059878,5522,2.6795406440887684,2.5595406440887682,4.0,104
1059961,5523,2.998781029728975,2.638781029728974,12.0,83
1060402,5524,3.001582741126331,1.6815827411263302,44.0,441
1060452,5525,1.5232337273022918,1.5232337273022918,0.0,50
1060516,5526,1.8106390575664846,1.8106390575664846,0.0,64
1060884,5527,3.0881764975303594,0.3281764975303574,92.0,368
1060918,5528,1.5165462125952305,1.5165462125952305,0.0,34
1061027,5529,2.3621368628046553,1.942136862804655,14.0,109
1061052,5530,1.2739890354500911,1.2739890354500911,0.0,25
1061143,5531,1.4885869615641583,1.4885869615641583,0.0,91
1061267,5532,3.678797925183634,3.1687979251836342,17.0,124
1061304,5533,1.6331041528545382,1.6331041528545382,0.0,37
1061397,5534,1.432879153177414,1.4028791531774139,1.0,93
1061493,5535,1.9231174743016957,1.8931174743016956,1.0,96
1061595,5536,2.1515585913341244,1.9715585913341243,6.0,102
1061930,5537,2.726964696329224,1.556964696329223,39.0,335
1062021,5538,3.1506886631371507,2.82068866313715,11.0,91
1062125,5539,2.329258074021788,2.329258074021788,0.0,104
1062218,5540,2.964566107593673,2.754566107593673,7.0,93
1062299,5541,2.7562365193863103,2.2762365193863108,16.0,81
1062427,5542,2.376648618306856,1.2666486183068555,37.0,128
1062557,5543,1.8080419443840199,1.0280419443840192,26.0,130
1062676,5544,1.6399380688170968,1.6399380688170968,0.0,119
1062763,5545,1.2721663554767808,1.2721663554767808,0.0,87
1063763,5546,0.38603414997550023,-19.773965850024446,672.0,1000
1063914,5547,2.4547461433854676,2.4547461433854676,0.0,151
1064017,5548,2.238705741604924,1.968705741604924,9.0,103
1064119,5549,1.4226751565284723,1.4226751565284723,0.0,102
1064197,5550,1.867128801165061,1.867128801165061,0.0,78
1064234,5551,1.5088121218811903,1.5088121218811903,0.0,37
1064314,5552,2.1884342459091055,1.6484342459091055,18.0,80
1064466,5553,1.9889249568709753,1.9589249568709752,1.0,152
1064521,5554,2.210362427678322,2.0303624276783223,6.0,55
1064674,5555,2.378116353737374,2.1081163537373735,9.0,153
1064773,5556,2.560260952519769,2.5002609525197688,2.0,99
1064928,5557,2.192206091465064,1.8922060914650634,10.0,155
1065928,5558,-0.582387423536332,-0.582387423536332,0.0,1000
1065960,5559,1.4984123277282415,1.4984123277282415,0.0,32
1066960,5560,-0.00894684750163921,-0.00894684750163921,0.0,1000
1066991,5561,1.4437179050352902,1.4437179050352902,0.0,31
1067086,5562,1.5081067883908816,1.0281067883908817,16.0,95
1067166,5563,1.706985952993369,1.706985952993369,0.0,80
1067334,5564,1.9165268514558196,1.9165268514558196,0.0,168
1067418,5565,2.8743809606043573,2.4843809606043576,13.0,84
1067710,5566,3.519508994680648,3.369508994680648,5.0,292
1067770,5567,2.1338754185764484,2.1338754185764484,0.0,60
1067875,5568,3.3203041860472817,2.7503041860472814,19.0,105
1068875,5569,0.8510378338175526,-15.048962166182443,530.0,1000
1068942,5570,2.109414474523062,2.019414474523062,3.0,67
1069003,5571,2.2408002425840357,2.2408002425840357,0.0,61
1069060,5572,1.588056045227677,1.588056045227677,0.0,57
1069121,5573,1.4763833846471393,1.4763833846471393,0.0,61
1069194,5574,2.2844419609453155,1.8044419609453153,16.0,73
1069257,5575,2.32896095231826,2.32896095231826,0.0,63
1069444,5576,3.03706500519346,2.2570650051934598,26.0,187
1070444,5577,0.20477481857308844,-19.295225181426872,650.0,1000
1070719,5578,3.918376740833637,3.5283767408336373,13.0,275
1070782,5579,1.9634212098112722,1.9634212098112722,0.0,63
1070843,5580,2.3561733057059406,2.3561733057059406,0.0,61
1070965,5581,1.974851189494179,1.974851189494179,0.0,122
1071025,5582,2.3738683192879266,2.3738683192879266,0.0,60
1071126,5583,1.3536317016160064,1.3536317016160064,0.0,101
1071150,5584,1.2640752841534906,1.2640752841534906,0.0,24
1071275,5585,2.0260770696641903,1.69607706966419,11.0,125
1071338,5586,2.3777151982080214,2.3477151982080215,1.0,63
1071444,5587,1.588835587002267,1.588835587002267,0.0,106
1071576,5588,2.144013102049535,1.0940131020495343,35.0,132
1071638,5589,1.5449397390172899,1.5449397390172899,0.0,62
1071850,5590,2.242441693448768,-0.03755830655123282,76.0,212
1072006,5591,2.4734096999625566,1.9034096999625563,19.0,156
1072079,5592,2.7224946437747555,2.7224946437747555,0.0,73
1072113,5593,1.5801691953264232,1.5801691953264232,0.0,34
1073113,5594,-2.1936119757411614,-2.2836119757411613,3.0,1000
1073146,5595,1.5175244077871457,1.5175244077871457,0.0,33
1073275,5596,2.32179566984722,1.8117956698472197,17.0,129
1073392,5597,3.624795643897358,3.3547956438973574,9.0,117
1073929,5598,3.4655423998157477,1.6055423998157479,62.0,537
1074929,5599,-0.14202442752040678,-0.14202442752040678,0.0,1000
1075023,5600,3.0600410417601815,2.730041041760182,11.0,94
1075055,5601,1.488994437825865,1.488994437825865,0.0,32
1075151,5602,2.111546017534519,2.111546017534519,0.0,96
1075296,5603,3.089152018424021,2.3691520184240193,24.0,145
1075665,5604,3.3178423582135532,-1.3921576417864503,157.0,369
1075720,5605,2.1910283557086574,2.1910283557086574,0.0,55
1075776,5606,2.194632216412066,2.194632216412066,0.0,56
1075827,5607,2.0670550263709417,2.0670550263709417,0.0,51
1075998,5608,2.598600471801813,2.178600471801814,14.0,171
1076071,5609,2.8242300740018194,2.7942300740018196,1.0,73
1076121,5610,1.9110004429439902,1.9110004429439902,0.0,50
1076161,5611,1.7363916821819418,1.7363916821819418,0.0,40
1076235,5612,2.6886593272787476,2.6586593272787478,1.0,74
1076367,5613,1.9075690613231422,1.0675690613231419,28.0,132
1076507,5614,2.2889330369126237,1.9889330369126235,10.0,140
1076548,5615,1.6562062533385764,1.2662062533385763,13.0,41
1076613,5616,2.3127499495138357,2.3127499495138357,0.0,65
1076803,5617,2.5187684814650417,2.0687684814650416,15.0,190
1076872,5618,2.573966355211235,2.453966355211236,4.0,69
1076897,5619,1.3070991639501806,1.3070991639501806,0.0,25
1076991,5620,1.5639138366126986,1.2639138366126987,10.0,94
1077088,5621,1.3272592283525884,1.3272592283525884,0.0,97
1077240,5622,2.3986305863337183,2.3986305863337183,0.0,152
1077732,5623,2.3560266690840064,1.876026669084006,16.0,492
1077817,5624,3.1035013627334944,3.0435013627334944,2.0,85
1077957,5625,2.4316113114146463,1.9816113114146459,15.0,140
1078018,5626,1.5814356885056302,1.5814356885056302,0.0,61
1078101,5627,1.4262650579195717,0.6462650579195716,26.0,83
1078256,5628,3.472993552821415,3.4129935528214155,2.0,155
1078296,5629,1.7023517103421635,1.7023517103421635,0.0,40
1079296,5630,0.3396494310401845,0.3396494310401845,0.0,1000
1079429,5631,1.4485891881793749,1.4485891881793749,0.0,133
1079662,5632,2.9162249106767186,2.7962249106767185,4.0,233
1079705,5633,1.7499250394370545,1.7499250394370545,0.0,43
1079767,5634,2.291482062943934,2.081482062943934,7.0,62
1079852,5635,1.4496238239435015,1.4496238239435015,0.0,85
1080852,5636,-0.49819099203596684,-10.668190992035953,339.0,1000
1080996,5637,2.175210176474655,2.175210176474655,0.0,144
1081054,5638,2.238367313034807,2.238367313034807,0.0,58
1081110,5639,2.1895909086271894,2.1895909086271894,0.0,56
1081311,5640,1.6773400730490056,0.057340073049004125,54.0,201
1081377,5641,1.7954713039616084,1.5554713039616082,8.0,66
1081449,5642,2.688460999517131,2.688460999517131,0.0,72
1082143,5643,2.6604975209502606,0.8004975209502603,62.0,694
1082198,5644,2.2321006502868457,1.9021006502868456,11.0,55
1083149,5645,3.0764284417227095,2.3564284417227084,24.0,951
1083286,5646,3.651058282580378,3.1410582825803774,17.0,137
1083412,5647,1.4345472375695236,1.4345472375695236,0.0,126
1083510,5648,1.990222600298677,1.7202226002986767,9.0,98
1083764,5649,2.684833503064418,2.684833503064418,0.0,254
1083856,5650,1.6391887263421556,1.2791887263421553,12.0,92
1083943,5651,3.008021823685903,2.528021823685903,16.0,87
1084045,5652,1.4687927865173553,1.4687927865173553,0.0,102
1085045,5653,0.8484272081512869,-14.391572791848702,508.0,1000
1085116,5654,2.3961818700876583,2.3661818700876585,1.0,71
1085207,5655,3.128613218417609,2.528613218417609,20.0,91
1085279,5656,1.6666121396511182,1.6666121396511182,0.0,72
1085306,5657,1.337577449823133,1.337577449823133,0.0,27
1085352,5658,1.8809666541355001,1.8809666541355001,0.0,46
1085452,5659,3.0540706263697484,3.024070626369748,1.0,100
1086452,5660,-0.08713335231488939,-0.08713335231488939,0.0,1000
1086576,5661,1.4068235565947824,1.4068235565947824,0.0,124
1086807,5662,2.5968800071330405,1.9068800071330403,23.0,231
1087588,5663,3.1664204157801414,-5.4135795842198435,286.0,781
1087767,5664,3.068917249281564,2.5289172492815637,18.0,179
1087871,5665,2.340279533462278,2.340279533462278,0.0,104
1087973,5666,1.8152221027390856,1.7852221027390855,1.0,102
1088943,5667,1.8765590921916917,1.2465590921916916,21.0,970
1089040,5668,1.7300760695970847,1.7300760695970847,0.0,97
1089176,5669,2.8217760389246123,2.791776038924612,1.0,136
1089229,5670,1.5830621687911066,1.5830621687911066,0.0,53
1089272,5671,1.8297197149397715,1.7697197149397714,2.0,43
1089321,5672,2.069269645231434,1.979269645231434,3.0,49
1089415,5673,1.5089804809429281,0.5789804809429275,31.0,94
1090415,5674,-0.7703269818477949,-0.7703269818477949,0.0,1000
1090567,5675,2.0871875798719195,0.5871875798719187,50.0,152
1090648,5676,1.5494948373524795,1.5494948373524795,0.0,81
1090719,5677,2.640471429676822,2.640471429676822,0.0,71
1090778,5678,2.2122158663082496,2.2122158663082496,0.0,59
1090892,5679,2.3384460738250192,1.9784460738250196,12.0,114
1090956,5680,1.8947235072148858,1.8947235072148858,0.0,64
1091046,5681,1.2820098477758424,1.2820098477758424,0.0,90
1091188,5682,2.5239261776912096,1.3539261776912102,39.0,142
1091333,5683,2.945729791003763,2.945729791003763,0.0,145
1091550,5684,2.9367205045914173,2.9067205045914175,1.0,217
1091597,5685,1.9711441160458258,1.5811441160458255,13.0,47
1091732,5686,2.3808396569267494,2.3808396569267494,0.0,135
1092000,5687,2.547172628973502,2.0971726289735004,15.0,268
1092111,5688,1.5749111978585186,0.9149111978585183,22.0,111
1092154,5689,1.79928062284691,1.79928062284691,0.0,43
1092234,5690,1.6642557667037647,1.6642557667037647,0.0,80
1092285,5691,1.8282325097279057,1.7982325097279057,1.0,51
1092328,5692,1.4960207144729645,1.4960207144729645,0.0,43
1092364,5693,1.5963811647468968,1.5963811647468968,0.0,36
1092409,5694,1.9030775250910028,1.9030775250910028,0.0,45
1092511,5695,1.8158434469724054,1.6958434469724055,4.0,102
1092570,5696,2.3768774398990447,2.0468774398990437,11.0,59
1092693,5697,2.023728347902858,1.6637283479028577,12.0,123
1092785,5698,2.4326770046292747,2.252677004629275,6.0,92
1092829,5699,1.6933807945705786,1.6933807945705786,0.0,44
1092892,5700,2.4214745560198434,2.1214745560198427,10.0,63
1092962,5701,2.641301067838291,2.641301067838291,0.0,70
1093091,5702,3.641599209217426,3.0715992092174265,19.0,129
1093159,5703,2.4964452786515663,2.4964452786515663,0.0,68
1093261,5704,1.2870847262424707,1.2870847262424707,0.0,102
1093352,5705,2.9810068323642143,2.9810068323642143,0.0,91
1093457,5706,2.8366427183296254,2.656642718329625,6.0,105
1093554,5707,3.520115184233151,3.100115184233151,14.0,97
1093636,5708,2.678461067296448,2.678461067296448,0.0,82
1093681,5709,1.9289030077858518,1.6289030077858517,10.0,45
1093906,5710,2.790990957618132,1.140990957618131,55.0,225
1094008,5711,3.2502849414690456,2.620284941469046,21.0,102
1095008,5712,-0.2278163220035636,-0.2278163220035636,0.0,1000
1095189,5713,2.534879278200402,2.3548792782004018,6.0,181
1095333,5714,2.3753380912024498,2.045338091202451,11.0,144
1095439,5715,2.6557845241892792,1.6957845241892786,32.0,106
1096067,5716,2.8892233237336677,-4.40077667626632,243.0,628
1096116,5717,1.975814463960848,1.7058144639608477,9.0,49
1097086,5718,3.9673870059093703,-1.4026129940906389,179.0,970
1097223,5719,2.289608029369229,2.289608029369229,0.0,137
1097285,5720,2.3702872362339895,2.3702872362339895,0.0,62
1097336,5721,1.9584265681035153,1.9584265681035153,0.0,51
1098336,5722,0.3008388064520111,-1.64916119354799,65.0,1000
1098378,5723,1.4054798903831462,1.4054798903831462,0.0,42
1098421,5724,1.8184806322713574,1.8184806322713574,0.0,43
1098498,5725,2.1898324440504764,2.1898324440504764,0.0,77
1098694,5726,2.6616093386061745,2.4216093386061743,8.0,196
1098768,5727,2.3282108795680143,2.3282108795680143,0.0,74
1098871,5728,1.6124039294196717,1.6124039294196717,0.0,103
1098976,5729,2.21536707045782,1.88536707045782,11.0,105
1099012,5730,1.613149870278782,1.613149870278782,0.0,36
1099268,5731,3.091082174696468,2.7010821746964666,13.0,256
1099359,5732,1.258357763850576,1.258357763850576,0.0,91
1099483,5733,1.9893872912547084,0.969387291254708,34.0,124
1099530,5734,1.856250197987298,1.796250197987298,2.0,47
1099742,5735,2.517649298221628,2.1276492982216273,13.0,212
1100742,5736,0.6076914325642302,0.6076914325642302,0.0,1000
1100801,5737,2.035800335037647,1.7958003350376468,8.0,59
1100858,5738,1.8345125311868593,1.8345125311868593,0.0,57
1101254,5739,2.917013244591937,1.0870132445919367,61.0,396
1102254,5740,-0.7580428857084685,-0.7580428857084685,0.0,1000
1102296,5741,1.738678194432253,1.738678194432253,0.0,42
1102356,5742,2.0181360071685543,1.9581360071685543,2.0,60
1102425,5743,2.33545072088147,2.2754507208814694,2.0,69
1102474,5744,2.021069565404085,2.021069565404085,0.0,49
1102581,5745,2.36733812099612,2.3073381209961203,2.0,107
1103581,5746,0.43877608489723385,-14.441223915102743,496.0,1000
1103616,5747,1.2890705633920796,1.2890705633920796,0.0,35
1103711,5748,1.3591897786953284,1.3591897786953284,0.0,95
1104346,5749,3.2097040288574403,-0.9002959711425615,137.0,635
1104403,5750,2.048531311652648,2.048531311652648,0.0,57
1104472,5751,2.5014241007873563,2.3214241007873566,6.0,69
1104641,5752,2.873709768634755,2.003709768634753,29.0,169
1104734,5753,2.829694257256373,2.5296942572563728,10.0,93
1104797,5754,1.3747936198921227,1.3747936198921227,0.0,63
1104953,5755,1.870075794164306,0.4600757941643052,47.0,156
1105081,5756,4.180382681629212,3.7903826816292128,13.0,128
1105115,5757,1.496643364267558,1.496643364267558,0.0,34
1105247,5758,2.6879388457143962,2.117938845714396,19.0,132
1106247,5759,0.08557032183222546,0.08557032183222546,0.0,1000
1106762,5760,2.302293604344968,-2.737706395655031,168.0,515
1106927,5761,2.9538726577545544,1.2738726577545534,56.0,165
1107007,5762,2.09425852044049,2.09425852044049,0.0,80
1107812,5763,2.622524069901325,1.1825240699013246,48.0,805
1108012,5764,2.581832450821201,2.581832450821201,0.0,200
1108159,5765,1.8428465428480307,1.8428465428480307,0.0,147
1108250,5766,2.2628436806892993,1.9028436806892985,12.0,91
1109250,5767,0.5968539200506218,-14.523146079949356,504.0,1000
1109301,5768,2.033758988147791,2.033758988147791,0.0,51
1109404,5769,1.5601356337126522,1.5601356337126522,0.0,103
1109532,5770,1.7624632964280105,1.7624632964280105,0.0,128
1109583,5771,1.9746358389326821,1.824635838932682,5.0,51
1109620,5772,1.3172202311763508,1.3172202311763508,0.0,37
1109661,5773,1.724243203107392,1.724243203107392,0.0,41
1109731,5774,2.641866070848657,2.641866070848657,0.0,70
1109785,5775,2.152992755100411,2.1229927551004106,1.0,54
1109826,5776,1.786938245638538,1.786938245638538,0.0,41
1109913,5777,3.0054254766391275,3.0054254766391275,0.0,87
1110002,5778,3.1725432410874035,3.1725432410874035,0.0,89
1110110,5779,1.980383851389604,1.6503838513896039,11.0,108
1110169,5780,2.284469406905957,2.284469406905957,0.0,59
1110236,5781,2.2678519438246374,2.2678519438246374,0.0,67
1110279,5782,1.8487739399183163,1.8487739399183163,0.0,43
1111279,5783,0.4594173963610795,-13.8505826036389,477.0,1000
1111317,5784,1.3555156791410372,1.3555156791410372,0.0,38
1111394,5785,2.6210136166441957,2.2610136166441963,12.0,77
1111481,5786,1.5147569859904628,1.5147569859904628,0.0,87
1112481,5787,0.06909615510889511,0.06909615510889511,0.0,1000
1112604,5788,1.673377829698208,1.673377829698208,0.0,123
1112652,5789,2.006319929378373,1.9763199293783726,1.0,48
1112859,5790,2.240625884632334,2.240625884632334,0.0,207
1112989,5791,3.5785713813298705,3.39857138132987,6.0,130
1113037,5792,1.7897455410027723,1.7897455410027723,0.0,48
1113084,5793,1.5728213195284972,1.5728213195284972,0.0,47
1113242,5794,3.071282702676246,2.891282702676246,6.0,158
1113308,5795,2.257710414002678,2.1077104140026774,5.0,66
1113369,5796,2.378440194493704,1.9584401944937038,14.0,61
1113460,5797,1.9889443240744424,1.9889443240744424,0.0,91
1113533,5798,2.44597685345578,2.44597685345578,0.0,73
1113584,5799,2.092156128543027,2.092156128543027,0.0,51
1113757,5800,2.1249839285254586,1.5849839285254586,18.0,173
1114381,5801,3.303766394115046,2.7637663941150485,18.0,624
1114486,5802,1.8931026937795585,1.4131026937795583,16.0,105
1114573,5803,1.7905537450871845,1.4305537450871841,12.0,87
1114609,5804,1.5974673324268074,1.5974673324268074,0.0,36
1114674,5805,2.475093822433183,2.4150938224331835,2.0,65
1114942,5806,3.5390807559363306,3.1190807559363303,14.0,268
1115021,5807,2.8513616666380672,2.5813616666380668,9.0,79
1115851,5808,2.599486840293279,2.239486840293279,12.0,830
1115964,5809,2.5747271814782584,2.5747271814782584,0.0,113
1116057,5810,2.3713709510230165,2.3713709510230165,0.0,93
1116121,5811,2.0855559035544617,1.9955559035544614,3.0,64
1116195,5812,2.7604154583044798,2.0104154583044793,25.0,74
1116434,5813,3.373424263598581,1.9634242635985808,47.0,239
1116555,5814,1.8168374887787695,1.6068374887787695,7.0,121
1117358,5815,3.5617928249618185,3.2017928249618186,12.0,803
1117461,5816,1.4300885453972314,1.4300885453972314,0.0,103
1117501,5817,1.5053388521286046,1.5053388521286046,0.0,40
1117570,5818,2.0872937472465853,2.0872937472465853,0.0,69
1117630,5819,1.846869353569301,1.846869353569301,0.0,60
1117734,5820,2.8086715391176518,2.8086715391176518,0.0,104
1117890,5821,1.7555964665992185,1.6655964665992187,3.0,156
1117941,5822,2.0493760574189186,1.9593760574189183,3.0,51
1117998,5823,2.1914400082556007,1.8014400082556008,13.0,57
1118116,5824,2.2848818942357907,1.9248818942357906,12.0,118
1118191,5825,2.3012191090601712,2.1512191090601718,5.0,75
1118250,5826,1.8810170976244858,1.7910170976244857,3.0,59
1118445,5827,2.7742546322150656,2.294254632215065,16.0,195
1118513,5828,2.2076834687247837,1.9976834687247833,7.0,68
1118569,5829,2.0357044592096316,2.0357044592096316,0.0,56
1118956,5830,2.212207693003378,-4.267792306996611,216.0,387
1119255,5831,3.2925693763178527,2.2725693763178523,34.0,299
1119344,5832,1.3846685584402973,0.5146685584402968,29.0,89
1120344,5833,1.2445991892378503,-1.6354008107621514,96.0,1000
1120473,5834,3.192274116895329,2.6522741168953274,18.0,129
1120637,5835,2.5318632872788918,1.9018632872788905,21.0,164
1120719,5836,2.640315650212524,2.640315650212524,0.0,82
1120777,5837,2.0571391501130494,1.9371391501130495,4.0,58
1120841,5838,2.482276158541148,2.482276158541148,0.0,64
1120880,5839,1.7241338894824048,1.7241338894824048,0.0,39
1121221,5840,3.050482886100288,3.020482886100288,1.0,341
1121289,5841,2.5986993347565424,2.568699334756542,1.0,68
1121326,5842,1.6699625375182212,1.6699625375182212,0.0,37
1122326,5843,-0.08236553575223393,-0.08236553575223393,0.0,1000
1122395,5844,2.1557456424051855,2.1257456424051853,1.0,69
1122498,5845,1.503498254204517,1.1134982542045169,13.0,103
1122674,5846,2.026415287922556,0.10641528792255495,64.0,176
1122751,5847,1.7147608382196897,1.1447608382196894,19.0,77
1122837,5848,2.7255713098393652,2.6355713098393654,3.0,86
1123837,5849,-1.4935520140513439,-1.4935520140513439,0.0,1000
1124837,5850,-0.1355493604851996,-0.1355493604851996,0.0,1000
1125008,5851,2.6280018182997513,2.6280018182997513,0.0,171
1125358,5852,2.1944052293007523,0.03440522930075063,72.0,350
1126355,5853,2.604519974481498,1.704519974481497,30.0,997
1126388,5854,1.501736541486913,1.501736541486913,0.0,33
1126481,5855,3.064782560705077,2.9747825607050764,3.0,93
1126544,5856,2.470859380317001,2.470859380317001,0.0,63
1126605,5857,2.3703922150778878,2.3703922150778878,0.0,61
1127605,5858,0.30056719783346497,-19.739432802166505,668.0,1000
1127668,5859,2.5228393395653734,1.9528393395653727,19.0,63
1127727,5860,1.4498175571856164,1.4498175571856164,0.0,59
1127842,5861,1.3917136174766007,1.3617136174766007,1.0,115
1127952,5862,1.7863975063263584,1.7863975063263584,0.0,110
1128054,5863,3.23838230951876,3.02838230951876,7.0,102
1128105,5864,1.3744611292544058,1.3744611292544058,0.0,51
1128251,5865,2.7904827528455796,2.3404827528455785,15.0,146
1128439,5866,1.5098966758141616,1.5098966758141616,0.0,188
1128600,5867,3.124948153688444,3.124948153688444,0.0,161
1128759,5868,3.037611631604186,2.167611631604185,29.0,159
1128795,5869,1.5780463614455686,1.5780463614455686,0.0,36
1128878,5870,3.095875415493652,2.8858754154936523,7.0,83
1128965,5871,2.5725778529704995,2.5425778529704997,1.0,87
1129083,5872,3.388098291942979,3.118098291942979,9.0,118
1129128,5873,1.8920950090422612,1.7720950090422611,4.0,45
1129228,5874,2.1992624123329705,2.1992624123329705,0.0,100
1129279,5875,2.06713312096101,2.0071331209610106,2.0,51
1129625,5876,2.8620526338638865,2.262052633863886,20.0,346
1129680,5877,1.4208564004878923,1.4208564004878923,0.0,55
1129715,5878,1.5554749792366487,1.5554749792366487,0.0,35
1129833,5879,1.8234871951981724,1.7634871951981723,2.0,118
1129882,5880,1.8406791306366206,1.8406791306366206,0.0,49
1130038,5881,2.507533492440164,1.007533492440163,50.0,156
1130181,5882,2.734395307720528,1.5643953077205262,39.0,143
1130259,5883,2.82464739460606,2.73464739460606,3.0,78
1130342,5884,1.3710438229170583,1.3710438229170583,0.0,83
1130407,5885,2.037668744961791,2.037668744961791,0.0,65
1130478,5886,2.6736334592977062,2.6736334592977062,0.0,71
1131478,5887,0.21463115028516971,0.21463115028516971,0.0,1000
1131543,5888,2.3821279625542626,2.3821279625542626,0.0,65
1131587,5889,1.3452101402240952,1.3452101402240952,0.0,44
1131827,5890,3.2083712717895807,2.698371271789581,17.0,240
1132071,5891,3.0845025788107083,1.7945025788107085,43.0,244
1132176,5892,3.4988827648110847,3.4988827648110847,0.0,105
1133176,5893,0.2162427856055349,0.2162427856055349,0.0,1000
1134040,5894,2.7668188651360595,2.6768188651360596,3.0,864
1134075,5895,1.5514902918566569,1.5514902918566569,0.0,35
1134140,5896,2.3293742264390858,2.3293742264390858,0.0,65
1134295,5897,2.620524664075469,2.620524664075469,0.0,155
1134416,5898,2.206601897014417,1.1266018970144172,36.0,121
1134467,5899,1.9095113361609872,1.9095113361609872,0.0,51
1134594,5900,2.0290872718209796,2.0290872718209796,0.0,127
1134639,5901,1.902895021941862,1.902895021941862,0.0,45
1134734,5902,2.1824630134915366,1.6724630134915364,17.0,95
1134861,5903,1.9936714723742432,1.9936714723742432,0.0,127
1134952,5904,2.690160879532569,2.690160879532569,0.0,91
1135070,5905,1.547958508692722,1.2179585086927218,11.0,118
1135239,5906,2.768097904343347,2.558097904343346,7.0,169
1135297,5907,1.451864413223202,1.451864413223202,0.0,58
1135367,5908,1.312297442299991,1.312297442299991,0.0,70
1135411,5909,1.876538178889779,1.6365381788897788,8.0,44
1136411,5910,-0.2589633795699573,-0.31896337956995735,2.0,1000
1136438,5911,1.33746027253986,1.33746027253986,0.0,27
1136500,5912,2.2079990667300065,2.147999066730007,2.0,62
1136575,5913,2.8087434027460816,2.8087434027460816,0.0,75
1137276,5914,1.9014229025921938,1.9014229025921938,0.0,701
1137360,5915,2.9087506153645544,2.8487506153645548,2.0,84
1137435,5916,2.8703191641735453,2.6603191641735453,7.0,75
1137566,5917,2.2628183757907334,1.8728183757907328,13.0,131
1137697,5918,1.793275242813039,1.793275242813039,0.0,131
1137813,5919,2.5442261502273698,2.3342261502273693,7.0,116
1137865,5920,1.7220249513711368,1.6620249513711367,2.0,52
1138865,5921,-1.441645378112446,-1.441645378112446,0.0,1000
1139002,5922,2.476008977454825,2.476008977454825,0.0,137
1139099,5923,2.94915844416665,2.94915844416665,0.0,97
1139137,5924,1.303675072783065,1.303675072783065,0.0,38
1139215,5925,2.855343724705115,2.645343724705114,7.0,78
1139270,5926,1.8733198265670092,1.543319826567009,11.0,55
1140270,5927,0.8445480912893981,-4.405451908710604,175.0,1000
1140353,5928,2.46534504425761,2.46534504425761,0.0,83
1140434,5929,2.923584414797204,2.8335844147972042,3.0,81
1140546,5930,3.279764641567443,2.859764641567443,14.0,112
1141546,5931,0.9357513293758776,-14.304248670624117,508.0,1000
1141678,5932,2.170119263682593,2.170119263682593,0.0,132
1141959,5933,2.132944210470421,2.0729442104704203,2.0,281
1141988,5934,1.403056579890117,1.403056579890117,0.0,29
1142038,5935,1.801822635925594,1.801822635925594,0.0,50
1142125,5936,1.365810022061705,1.365810022061705,0.0,87
1143125,5937,0.1511724902237952,0.1511724902237952,0.0,1000
1143197,5938,2.6130641556554712,2.4030641556554713,7.0,72
1143323,5939,2.407047789386339,1.4770477893863394,31.0,126
1143427,5940,2.950355831631759,2.7703558316317585,6.0,104
1143670,5941,2.388996093241174,1.9689960932411736,14.0,243
1143797,5942,1.8927301301054391,1.8927301301054391,0.0,127
1143826,5943,1.398801617818088,1.398801617818088,0.0,29
1143931,5944,2.5667834252948256,2.5667834252948256,0.0,105
1144931,5945,-0.5037389881207486,-0.5037389881207486,0.0,1000
1145022,5946,3.0704213570987386,3.0104213570987386,2.0,91
1145205,5947,3.7194799173831505,3.0594799173831495,22.0,183
1146205,5948,0.174059373939067,-0.27594062606093295,15.0,1000
1146299,5949,3.0721944756719397,2.9521944756719396,4.0,94
1146618,5950,3.821943608672264,2.8319436086722627,33.0,319
1146744,5951,1.8526038592921208,1.7026038592921209,5.0,126
1146808,5952,2.444377683320714,2.3843776833207144,2.0,64
1147808,5953,-0.7225934040224553,-0.7225934040224553,0.0,1000
1147890,5954,3.145637036966614,2.8456370369666146,10.0,82
1148011,5955,1.9295818945887564,1.9295818945887564,0.0,121
1148049,5956,1.6944895841060708,1.6944895841060708,0.0,38
1148094,5957,1.9122009728454428,1.7922009728454427,4.0,45
1148165,5958,1.6874663579170432,1.6874663579170432,0.0,71
1148300,5959,2.4453802258608106,2.0553802258608105,13.0,135
1148376,5960,2.372369173281648,1.9523691732816484,14.0,76
1148999,5961,3.1422803307394704,1.1622803307394698,66.0,623
1149099,5962,1.292679554948214,1.202679554948214,3.0,100
1149142,5963,1.8310320895119756,1.8310320895119756,0.0,43
1149303,5964,2.8886702709940484,2.7086702709940482,6.0,161
1149449,5965,2.2516661526038417,1.8616661526038412,13.0,146
1149543,5966,2.7950879297732465,2.6150879297732463,6.0,94
1149589,5967,1.8537561585535296,1.8537561585535296,0.0,46
1149727,5968,3.396784992984906,2.796784992984907,20.0,138
1150181,5969,3.367522154000663,-1.3124778459993338,156.0,454
1150386,5970,2.333442137547957,2.333442137547957,0.0,205
1150519,5971,1.6601414940426944,1.6601414940426944,0.0,133
1151519,5972,0.8390572504091292,-13.470942749590845,477.0,1000
1151596,5973,1.4471770155529462,1.4471770155529462,0.0,77
1151673,5974,2.533152699625683,2.533152699625683,0.0,77
1152673,5975,1.4157720087035692,-17.99422799129641,647.0,1000
1153673,5976,0.21467631584007396,0.21467631584007396,0.0,1000
1153802,5977,3.243586521137596,2.6135865211375964,21.0,129
1153854,5978,2.0792296487585977,1.7192296487585976,12.0,52
1154038,5979,1.9986356119873236,1.6086356119873237,13.0,184
1154151,5980,2.323762708705173,2.1437627087051734,6.0,113
1154201,5981,2.044571810470002,2.044571810470002,0.0,50
1154370,5982,1.8558414732215398,1.8558414732215398,0.0,169
1154418,5983,2.00795370087487,1.9479537008748697,2.0,48
1154480,5984,2.4787326510868626,2.4787326510868626,0.0,62
1154577,5985,2.3322992204616995,1.9722992204616994,12.0,97
1154617,5986,1.629238633075009,1.629238633075009,0.0,40
1154699,5987,3.0040117370953068,2.5540117370953066,15.0,82
1154930,5988,2.0598006305701344,0.3198006305701334,58.0,231
1155020,5989,3.0903069746688296,2.4603069746688284,21.0,90
1155053,5990,1.4908420810562673,1.4908420810562673,0.0,33
1155283,5991,2.4541480596832317,1.1041480596832307,45.0,230
1155345,5992,1.961033662966686,1.5710336629666857,13.0,62
1156345,5993,-0.13700258798770015,-0.13700258798770015,0.0,1000
1156411,5994,1.9036229586272102,1.9036229586272102,0.0,66
1156485,5995,2.0020093776277816,2.0020093776277816,0.0,74
1157485,5996,1.3833099487970102,-0.4766900512029909,62.0,1000
1157594,5997,3.3304262360487167,2.820426236048717,17.0,109
1157622,5998,1.3590481671258445,1.3590481671258445,0.0,28
1157724,5999,2.7910090297482317,2.611009029748231,6.0,102
1157841,6000,2.2417458480589563,2.091745848058957,5.0,117
1157863,6001,1.2563539327674986,1.2563539327674986,0.0,22
1158863,6002,0.25351806234303975,0.25351806234303975,0.0,1000
1158985,6003,2.0766798419908348,2.046679841990835,1.0,122
1159100,6004,3.3124351897385904,1.7224351897385897,53.0,115
1159707,6005,1.5833419517587584,-3.126658048241237,157.0,607
1159888,6006,2.7242043651155954,2.1242043651155944,20.0,181
1160062,6007,2.196235437253616,1.7762354372536153,14.0,174
1161062,6008,-0.5835237178485682,-0.9735237178485683,13.0,1000
1161195,6009,2.268798781317427,1.0087987813174268,42.0,133
1161338,6010,2.237956660909653,1.9079566609096523,11.0,143
1161468,6011,3.3396283562538684,3.3396283562538684,0.0,130
1161540,6012,2.1254804023690674,2.1254804023690674,0.0,72
1161666,6013,2.7697328375723504,2.2597328375723498,17.0,126
1161732,6014,2.4589521821364917,2.4589521821364917,0.0,66
1161923,6015,3.088261295059869,2.608261295059869,16.0,191
1162101,6016,3.2939395156071876,3.2639395156071873,1.0,178
1162188,6017,2.3912097890081707,2.211209789008171,6.0,87
1162293,6018,3.2816451776936937,3.191645177693693,3.0,105
1162377,6019,2.3314961095006295,2.3014961095006297,1.0,84
1162442,6020,1.763298787132856,1.763298787132856,0.0,65
1162511,6021,2.5619605508958356,2.471960550895836,3.0,69
1162705,6022,3.4517274401878817,2.881727440187882,19.0,194
1163705,6023,0.2252126125723608,0.2252126125723608,0.0,1000
1163763,6024,2.126540392420611,2.126540392420611,0.0,58
1163866,6025,1.4586315192553592,1.4586315192553592,0.0,103
1163956,6026,2.382676002900814,2.3226760029008138,2.0,90
1164120,6027,3.713598155209448,3.4435981552094477,9.0,164
1164235,6028,1.6591045453423172,0.9691045453423172,23.0,115
1164280,6029,1.495779578304507,1.495779578304507,0.0,45
1164319,6030,1.6569521967046845,1.6569521967046845,0.0,39
1164401,6031,2.8167432028961064,2.726743202896106,3.0,82
1164553,6032,2.0705572004877184,2.0405572004877186,1.0,152
1164707,6033,2.3475896085997774,2.1675896085997772,6.0,154
1164786,6034,1.7980733653792635,1.7980733653792635,0.0,79
1164850,6035,2.1034029968785957,1.9834029968785956,4.0,64
1164955,6036,2.8325449723099982,2.8325449723099982,0.0,105
1165024,6037,2.575924204560587,2.2159242045605856,12.0,69
1165075,6038,2.0541864117052753,2.0541864117052753,0.0,51
1165164,6039,3.2412472925408906,3.0912472925408907,5.0,89
1165270,6040,2.2296879635545004,1.7196879635544997,17.0,106
1165361,6041,1.4881103469720396,0.25811034697203894,41.0,91
1165489,6042,2.1394871652765284,2.1394871652765284,0.0,128
1165558,6043,1.3082880434189188,1.2482880434189187,2.0,69
1165629,6044,2.1981390342641496,2.16813903426415,1.0,71
1165738,6045,1.8845362189515933,1.8845362189515933,0.0,109
1165770,6046,1.497500966126595,1.497500966126595,0.0,32
1166069,6047,3.6716090732951483,3.521609073295148,5.0,299
1166139,6048,2.3534160582910464,2.3234160582910466,1.0,70
1166240,6049,1.4434347786350596,1.4434347786350596,0.0,101
1166332,6050,3.2514367042243144,3.2514367042243144,0.0,92
1166395,6051,2.0594318011348243,1.9394318011348242,4.0,63
1166472,6052,1.8988000290171638,1.8988000290171638,0.0,77
1166564,6053,2.129034735885636,2.0090347358856357,4.0,92
1166607,6054,1.7050797652193557,1.7050797652193557,0.0,43
1166918,6055,2.561424787231364,1.9314247872313632,21.0,311
1167044,6056,3.149477019849823,3.0594770198498233,3.0,126
1167206,6057,3.020308763808215,2.3303087638082154,23.0,162
1167536,6058,3.398234624707004,1.5982346247070023,60.0,330
1167766,6059,2.820625516873378,-0.8993744831266124,124.0,230
1167837,6060,1.8466136366847052,1.8466136366847052,0.0,71
1168837,6061,-0.0975094527688003,-2.7075094527687975,87.0,1000
1168980,6062,2.3676095196795073,2.247609519679507,4.0,143
1169039,6063,2.2292510222641226,1.8692510222641223,12.0,59
1169177,6064,3.561482041894031,3.201482041894031,12.0,138
1169240,6065,2.5250756907786274,2.5250756907786274,0.0,63
1169330,6066,3.0967758260987024,2.9767758260987023,4.0,90
1170330,6067,0.7228379552192297,-18.567162044780705,643.0,1000
1171330,6068,0.10974788767734633,0.10974788767734633,0.0,1000
1171367,6069,1.6297972641692755,1.6297972641692755,0.0,37
1171463,6070,2.5702841124733764,2.5702841124733764,0.0,96
1171500,6071,1.5726396701882805,1.5726396701882805,0.0,37
1171562,6072,2.4458625567035495,2.4458625567035495,0.0,62
1172562,6073,0.03244604855808797,0.03244604855808797,0.0,1000
1172718,6074,2.3915622964936496,2.211562296493649,6.0,156
1172818,6075,2.8407768423055693,2.0007768423055694,28.0,100
1172876,6076,2.3030077619943654,2.033007761994366,9.0,58
1172971,6077,3.1902919004793553,3.010291900479355,6.0,95
1173000,6078,1.4074337078937333,1.4074337078937333,0.0,29
1173091,6079,2.1203559296477397,2.0303559296477394,3.0,91
1174091,6080,0.002904088338519628,0.002904088338519628,0.0,1000
1174181,6081,2.7881167953958172,2.6981167953958183,3.0,90
1175181,6082,0.09340756798386485,0.09340756798386485,0.0,1000
1175297,6083,1.6436635013650829,1.5236635013650828,4.0,116
1175354,6084,2.2804656191340698,2.2804656191340698,0.0,57
1175470,6085,1.8000695811235885,1.6200695811235883,6.0,116
1175545,6086,2.854001284972032,2.854001284972032,0.0,75
1175656,6087,3.2923372575332985,3.232337257533298,2.0,111
1175722,6088,2.376470572410007,2.376470572410007,0.0,66
1175817,6089,1.9617174526622236,1.5117174526622237,15.0,95
1175987,6090,3.1406578234554994,3.080657823455499,2.0,170
1176124,6091,2.5204569619313335,2.5204569619313335,0.0,137
1176169,6092,1.5866854551272298,1.5866854551272298,0.0,45
1176222,6093,1.7521936355784695,1.6321936355784694,4.0,53
1176297,6094,2.014858783949153,1.834858783949153,6.0,75
1176504,6095,2.1951568429310537,1.1451568429310541,35.0,207
1176716,6096,3.218364925313084,3.008364925313084,7.0,212
1177716,6097,-0.9396781182685503,-0.9396781182685503,0.0,1000
1177844,6098,1.9393324972809785,1.6093324972809782,11.0,128
1177940,6099,1.9485489567884926,1.9185489567884928,1.0,96
1177999,6100,2.1798566569825306,2.1798566569825306,0.0,59
1178097,6101,1.5353199314361543,1.025319931436154,17.0,98
1178159,6102,2.29508409390874,2.29508409390874,0.0,62
1178232,6103,2.004519054429405,2.004519054429405,0.0,73
1178355,6104,1.6864805250553867,1.6864805250553867,0.0,123
1178979,6105,2.1248991556450054,1.974899155645005,5.0,624
1179175,6106,2.8824849568592366,2.612484956859236,9.0,196
1179423,6107,2.58233841758481,0.9923384175848079,53.0,248
1179479,6108,1.8521566458421934,1.8521566458421934,0.0,56
1179664,6109,2.8538183396626033,2.403818339662603,15.0,185
1179798,6110,3.759937481798228,3.1899374817982276,19.0,134
1179905,6111,2.5346661507067734,1.7846661507067743,25.0,107
1179940,6112,1.61742013799469,1.61742013799469,0.0,35
1180014,6113,2.563158955274981,2.2331589552749804,11.0,74
1180065,6114,1.5913217856767519,1.5913217856767519,0.0,51
1181065,6115,0.38743284560763147,0.38743284560763147,0.0,1000
1182065,6116,-0.7124903151769826,-2.1824903151769828,49.0,1000
1182454,6117,2.44592879136298,-2.29407120863702,158.0,389
1182491,6118,1.6515278671540092,1.6515278671540092,0.0,37
1182520,6119,1.4230864680582016,1.4230864680582016,0.0,29
1182714,6120,2.8089887426127946,2.2689887426127955,18.0,194
1182921,6121,1.81819111543038,1.81819111543038,0.0,207
1183047,6122,2.9097800555982207,2.7597800555982204,5.0,126
1183157,6123,2.722562260367548,1.7025622603675474,34.0,110
1183181,6124,1.2702113264065675,1.2702113264065675,0.0,24
1183249,6125,2.086954508168347,2.0569545081683467,1.0,68
1183281,6126,1.4216000260385426,1.4216000260385426,0.0,32
1183904,6127,4.078224514007377,2.938224514007376,38.0,623
1184026,6128,2.173585707657285,2.173585707657285,0.0,122
1185026,6129,0.7067308940843811,-0.7332691059156198,48.0,1000
1185164,6130,2.1388335363622497,2.1388335363622497,0.0,138
1185228,6131,1.8734179073602593,1.4834179073602591,13.0,64
1185466,6132,2.5985908872071137,2.148590887207113,15.0,238
1186466,6133,0.20980345676046186,0.20980345676046186,0.0,1000
1187466,6134,-0.13167708387949006,-0.13167708387949006,0.0,1000
1187512,6135,1.9063621711841678,1.9063621711841678,0.0,46
1187571,6136,1.7942176093020716,1.7042176093020718,3.0,59
1187643,6137,2.6411855344834017,2.6111855344834023,1.0,72
1187689,6138,1.6707679702009486,1.6707679702009486,0.0,46
1187768,6139,2.464584725991532,1.894584725991531,19.0,79
1187868,6140,3.350122816059,2.810122816059001,18.0,100
1188001,6141,1.7858642881312499,1.6958642881312498,3.0,133
1188104,6142,2.9327174698569274,2.9027174698569276,1.0,103
1188133,6143,1.3731352191858324,1.3731352191858324,0.0,29
1188205,6144,2.5973843982101847,2.5673843982101845,1.0,72
1188278,6145,2.163383931474466,2.163383931474466,0.0,73
1189116,6146,3.5938628387090503,3.5938628387090503,0.0,838
1189165,6147,1.4182887909781283,1.4182887909781283,0.0,49
1189305,6148,1.9465709209240278,1.7365709209240279,7.0,140
1189403,6149,2.0023302958063813,2.0023302958063813,0.0,98
1189484,6150,2.9667958397303176,2.6067958397303173,12.0,81
1189583,6151,1.5182541081775915,1.5182541081775915,0.0,99
1189710,6152,2.2406711414481344,1.7606711414481342,16.0,127
1190710,6153,-0.7020668239082006,-0.7020668239082006,0.0,1000
1190841,6154,2.381034128308981,2.381034128308981,0.0,131
1190899,6155,2.0990815241592093,2.0990815241592093,0.0,58
1190987,6156,2.3368172468928563,2.3368172468928563,0.0,88
1191987,6157,-0.13729496222666837,-0.13729496222666837,0.0,1000
1192143,6158,2.3209467585834203,1.00094675858342,44.0,156
1192354,6159,2.831429515441353,2.681429515441353,5.0,211
1192419,6160,2.2995997069034955,2.239599706903495,2.0,65
1192530,6161,2.5781647444691043,2.1881647444691046,13.0,111
1192619,6162,3.3253734902792775,3.175373490279277,5.0,89
1192658,6163,1.717267157361988,1.6272671573619877,3.0,39
1192728,6164,2.4460079422911707,2.4460079422911707,0.0,70
1192828,6165,1.5848766376812096,1.4648766376812095,4.0,100
1193304,6166,2.6951456912634053,0.7151456912634037,66.0,476
1193377,6167,2.614863570228074,2.614863570228074,0.0,73
1193487,6168,1.7127137453468366,1.3827137453468366,11.0,110
1193629,6169,2.400615872380234,1.6806158723802336,24.0,142
1193739,6170,1.944348552586271,1.944348552586271,0.0,110
1193977,6171,2.768298272400564,2.7082982724005644,2.0,238
1194045,6172,1.6322430619677704,1.6322430619677704,0.0,68
1194422,6173,2.149623162481669,1.909623162481669,8.0,377
1194469,6174,1.983468883094541,1.803468883094541,6.0,47
1194652,6175,1.8681803715380714,1.8681803715380714,0.0,183
1194688,6176,1.5793747262285902,1.5793747262285902,0.0,36
1194735,6177,1.9460554720081056,1.5560554720081057,13.0,47
1195735,6178,0.4709059480274935,0.4709059480274935,0.0,1000
1195809,6179,2.827353010844311,2.43735301084431,13.0,74
1195874,6180,2.1549436238130286,1.314943623813029,28.0,65
1196149,6181,4.106024282346073,3.5060242823460723,20.0,275
1196213,6182,2.368707668503297,2.368707668503297,0.0,64
1196301,6183,1.4687550281532489,1.258755028153249,7.0,88
1196390,6184,1.2974989610775571,1.2974989610775571,0.0,89
1196416,6185,1.309451334056691,1.309451334056691,0.0,26
1196554,6186,1.4584429843691291,1.4284429843691293,1.0,138
1196631,6187,1.3138572732171359,1.3138572732171359,0.0,77
1196762,6188,1.6153349612249173,1.4053349612249175,7.0,131
1196896,6189,2.3298076852017564,2.3298076852017564,0.0,134
1197051,6190,2.6702713602787016,2.4302713602787014,8.0,155
1197110,6191,1.8076151578202422,1.5976151578202424,7.0,59
1197300,6192,2.299434329399115,2.239434329399115,2.0,190
1198300,6193,-2.433518448983414,-5.613518448983404,106.0,1000
1198482,6194,2.8221533922544157,2.522153392254416,10.0,182
1198542,6195,2.3718356888862835,2.3718356888862835,0.0,60
1198607,6196,1.907488665468003,1.907488665468003,0.0,65
1198719,6197,2.6539001757071023,2.0239001757071016,21.0,112
1198824,6198,1.4359665502336405,1.4359665502336405,0.0,105
1198864,6199,1.7481240984354303,1.7481240984354303,0.0,40
1199130,6200,2.7204806367357515,-0.1295193632642475,95.0,266
1199202,6201,2.61461043885987,2.5846104388598703,1.0,72
1199321,6202,1.9585888044725168,1.8385888044725172,4.0,119
1199365,6203,1.8062454074658303,1.8062454074658303,0.0,44
1199987,6204,2.2388736351766276,2.0288736351766277,7.0,622
1200318,6205,3.5965941230908176,3.5965941230908176,0.0,331
1201318,6206,-1.2361822912573794,-1.2361822912573794,0.0,1000
1201398,6207,2.947029353219392,2.7670293532193915,6.0,80
1201471,6208,2.521500662091369,2.4315006620913686,3.0,73
1201567,6209,3.5886756785480456,3.1686756785480448,14.0,96
1201677,6210,3.2724310173381745,3.2724310173381745,0.0,110
1201712,6211,1.337248555928654,1.337248555928654,0.0,35
1201837,6212,2.3824395121933906,1.7824395121933896,20.0,125
1201867,6213,1.3929354505659781,1.3929354505659781,0.0,30
1201987,6214,3.2274584474827575,2.927458447482757,10.0,120
1202045,6215,2.2765472951476404,2.1865472951476397,3.0,58
1202084,6216,1.7329594237617798,1.7329594237617798,0.0,39
1202213,6217,1.8645948643394576,1.1745948643394575,23.0,129
1202399,6218,1.5807143688437564,1.5807143688437564,0.0,186
1202594,6219,3.1483119714331975,1.948311971433196,40.0,195
1202655,6220,2.346585073612964,2.2865850736129643,2.0,61
1202745,6221,2.7264450590866014,2.426445059086601,10.0,90
1202878,6222,1.965176085818709,1.365176085818709,20.0,133
1202930,6223,1.6269626670589672,1.6269626670589672,0.0,52
1203047,6224,3.1016128137804295,2.5316128137804297,19.0,117
1204047,6225,-0.20044254608790668,-0.20044254608790668,0.0,1000
1204137,6226,3.0350155414866125,2.8250155414866125,7.0,90
1204228,6227,3.1381624305353144,2.808162430535315,11.0,91
1204355,6228,2.0586877029638195,1.9086877029638194,5.0,127
1204397,6229,1.7531328658175624,1.7231328658175624,1.0,42
1204457,6230,2.278933905732763,1.9189339057327626,12.0,60
1204493,6231,1.5576510704320048,1.5576510704320048,0.0,36
1204588,6232,3.392128026693675,2.9721280266936745,14.0,95
1204642,6233,2.157381175372694,2.157381175372694,0.0,54
1204690,6234,1.9091984750560074,1.609198475056007,10.0,48
1204807,6235,3.717841978473415,3.6578419784734146,2.0,117
1204874,6236,2.210147077858848,2.210147077858848,0.0,67
1205155,6237,2.9077783533125707,2.6977783533125708,7.0,281
1205435,6238,3.153911637248732,2.2539116372487316,30.0,280
1205516,6239,3.011766597153197,3.011766597153197,0.0,81
1205584,6240,1.569246093560244,1.569246093560244,0.0,68
1205670,6241,2.2228645762821966,2.2228645762821966,0.0,86
1205743,6242,2.056051312859794,1.6360513128597938,14.0,73
1205804,6243,2.270872977406044,2.270872977406044,0.0,61
1205856,6244,2.046964521733157,1.9569645217331573,3.0,52
1205899,6245,1.7775605555518936,1.7775605555518936,0.0,43
1205952,6246,1.8629978740116173,1.6829978740116172,6.0,53
1206055,6247,3.23568429916903,2.6356842991690295,20.0,103
1206110,6248,1.4981526505736313,1.4981526505736313,0.0,55
1206262,6249,2.489017289117898,2.1890172891178983,10.0,152
1206305,6250,1.8347878281207577,1.8347878281207577,0.0,43
1206359,6251,2.2036233430850087,1.8736233430850087,11.0,54
1206425,6252,2.057705195859029,1.9377051958590288,4.0,66
1206676,6253,2.045064027414264,1.865064027414264,6.0,251
1207676,6254,0.24728242897613883,-16.372717571023824,554.0,1000
1207762,6255,2.642009618527996,2.252009618527996,13.0,86
1207797,6256,1.5763895910660026,1.5463895910660026,1.0,35
1207878,6257,3.01673388004496,2.9567338800449594,2.0,81
1207916,6258,1.6798517203224408,1.6798517203224408,0.0,38
1208042,6259,2.306411090299738,2.0064110902997383,10.0,126
1208119,6260,2.2687042174774477,2.238704217477448,1.0,77
1208151,6261,1.5026126360769467,1.5026126360769467,0.0,32
1208518,6262,2.597311501997279,1.9373115019972782,22.0,367
1209518,6263,-0.16386074739210077,-3.2838607473920933,104.0,1000
1209568,6264,1.355734353645933,1.355734353645933,0.0,50
1209606,6265,1.5648826986010556,1.5648826986010556,0.0,38
1210606,6266,-0.3109423876294186,-1.6009423876294198,43.0,1000
1210672,6267,2.491138800641001,2.491138800641001,0.0,66
1210720,6268,1.9473436903011982,1.5573436903011981,13.0,48
1210813,6269,2.8776749434146733,2.8776749434146733,0.0,93
1210878,6270,2.52550372181675,2.4655037218167495,2.0,65
1211878,6271,1.1050996599171778,-13.834900340082818,498.0,1000
1212276,6272,3.0170095730890365,2.1770095730890366,28.0,398
1212457,6273,2.2981464001246685,2.2981464001246685,0.0,181
1212507,6274,1.9199642894189268,1.9199642894189268,0.0,50
1212581,6275,1.685748876652584,1.3257488766525842,12.0,74
1212798,6276,3.137591728146768,3.077591728146768,2.0,217
1213022,6277,3.255428541303763,1.4854285413037613,59.0,224
1213748,6278,2.1634453102506694,1.5934453102506696,19.0,726
1213896,6279,2.3389773941197194,2.038977394119719,10.0,148
1214896,6280,0.6564758880859021,-14.463524111914083,504.0,1000
1214969,6281,1.7721577172025458,1.7721577172025458,0.0,73
1215035,6282,2.475284887675722,2.475284887675722,0.0,66
1215153,6283,2.1133102650889843,1.9033102650889848,7.0,118
1215237,6284,2.7128994165848512,2.7128994165848512,0.0,84
1215316,6285,2.981760457674021,2.981760457674021,0.0,79
1216316,6286,-0.6649056925387593,-0.9949056925387595,11.0,1000
1216425,6287,1.8021898513510946,1.8021898513510946,0.0,109
1216622,6288,3.122023551043812,2.2220235510438124,30.0,197
1216739,6289,1.758527598136388,1.758527598136388,0.0,117
1216832,6290,2.9903543298172943,2.420354329817295,19.0,93
1216863,6291,1.4247314142394698,1.4247314142394698,0.0,31
1216906,6292,1.8351236925631071,1.8351236925631071,0.0,43
1217056,6293,2.3920047311519377,1.9720047311519373,14.0,150
1217122,6294,2.5732680970443464,2.543268097044346,1.0,66
1217265,6295,3.2706952020056095,2.5206952020056086,25.0,143
1217331,6296,1.71913155778896,1.71913155778896,0.0,66
1218331,6297,-0.8018633616171376,-0.8018633616171376,0.0,1000
1218425,6298,2.1990741538917677,1.2990741538917667,30.0,94
1218649,6299,3.0716829503142637,3.0716829503142637,0.0,224
1218712,6300,2.383124645340677,2.323124645340677,2.0,63
1218790,6301,2.3522127228374825,2.2022127228374826,5.0,78
1218814,6302,1.261871321246204,1.261871321246204,0.0,24
1218888,6303,2.653744646991508,2.653744646991508,0.0,74
1218918,6304,1.3451016428666687,1.3451016428666687,0.0,30
1219019,6305,3.487471240477803,3.067471240477804,14.0,101
1219061,6306,1.5650882759403113,1.5650882759403113,0.0,42
1219106,6307,1.8881899859291003,1.8881899859291003,0.0,45
1219171,6308,2.1605168929317715,1.7405168929317716,14.0,65
1219255,6309,2.731238520923413,2.461238520923413,9.0,84
1219568,6310,2.1687148383389045,1.7187148383389046,15.0,313
1219722,6311,2.0657860117567073,1.7057860117567072,12.0,154
1219821,6312,2.7770221519402085,2.6870221519402087,3.0,99
1219898,6313,2.80125121655215,2.80125121655215,0.0,77
1219977,6314,2.629047453352382,2.5690474533523817,2.0,79
1220081,6315,1.7622089846641833,1.7622089846641833,0.0,104
1220189,6316,3.504647368778447,3.114647368778448,13.0,108
1220264,6317,2.4235264990187724,2.033526499018773,13.0,75
1220698,6318,1.9208162899906103,-3.599183710009392,184.0,434
1220782,6319,1.3239377750221484,0.5139377750221479,27.0,84
1220807,6320,1.2772443029634837,1.2772443029634837,0.0,25
1220889,6321,2.9614850583973933,2.241485058397394,24.0,82
1221038,6322,2.300916971020303,1.8209169710203024,16.0,149
1221184,6323,3.451509499817649,3.001509499817649,15.0,146
1221279,6324,1.5809288634136682,1.5809288634136682,0.0,95
1221346,6325,2.5186894342466197,2.4586894342466197,2.0,67
1221446,6326,1.6553363885566468,1.2653363885566469,13.0,100
1221574,6327,2.471592576377391,2.321592576377391,5.0,128
1221697,6328,2.606877842102935,2.4568778421029345,5.0,123
1221892,6329,2.2497934857271096,2.2497934857271096,0.0,195
1221972,6330,1.792515143734982,1.4925151437349822,10.0,80
1222190,6331,2.651300602050356,1.8713006020503544,26.0,218
1222215,6332,1.2876640862599351,1.2876640862599351,0.0,25
1222322,6333,1.74986639647635,0.7598663964763499,33.0,107
1222411,6334,2.0016116355165305,1.5216116355165301,16.0,89
1222570,6335,2.5547577722677444,1.504757772267744,35.0,159
1223570,6336,-1.1554783272133275,-1.1554783272133275,0.0,1000
1223704,6337,2.2894453967154593,1.9594453967154593,11.0,134
1223741,6338,1.6259752533647591,1.6259752533647591,0.0,37
1223816,6339,2.190167517103488,1.620167517103487,19.0,75
1224604,6340,3.0571071897090167,3.0571071897090167,0.0,788
1224633,6341,1.3872552505438618,1.3872552505438618,0.0,29
1224825,6342,2.472614547343891,1.1226145473438904,45.0,192
1224888,6343,2.294369653962242,2.2343696539622417,2.0,63
1224950,6344,2.1470590705116366,2.1470590705116366,0.0,62
1224997,6345,1.983959552750467,1.893959552750467,3.0,47
1225997,6346,-0.020996653636581097,-0.020996653636581097,0.0,1000
1226093,6347,3.092447267455408,2.9124472674554074,6.0,96
1226138,6348,1.4406440593713548,1.4406440593713548,0.0,45
1226260,6349,1.544332613123454,1.274332613123454,9.0,122
1226386,6350,2.3433561262483535,2.3133561262483533,1.0,126
1226600,6351,2.750246797936561,1.6102467979365596,38.0,214
1226703,6352,2.9508165303798775,2.380816530379878,19.0,103
1226747,6353,1.5595938320089187,1.5595938320089187,0.0,44
1227301,6354,2.9581856340088546,2.448185634008854,17.0,554
1227351,6355,2.038969845110913,2.038969845110913,0.0,50
1227475,6356,2.4722905428317787,2.112290542831778,12.0,124
1227551,6357,1.3628836109863527,1.3628836109863527,0.0,76
1227660,6358,3.5342460944435414,2.8142460944435417,24.0,109
1227837,6359,2.970997590724412,2.5509975907244122,14.0,177
1227997,6360,3.1425159899703123,2.8425159899703116,10.0,160
1228208,6361,1.5713037807271886,1.3613037807271884,7.0,211
1228368,6362,2.680968350193381,2.410968350193381,9.0,160
1228494,6363,2.888986214266688,2.8289862142666884,2.0,126
1228646,6364,2.798962365978696,2.498962365978696,10.0,152
1228812,6365,2.2032941794949545,2.143294179494954,2.0,166
1229812,6366,0.5233447858408853,-13.846655214159098,479.0,1000
1229962,6367,1.9086657316041284,1.0386657316041283,29.0,150
1230069,6368,2.0777227655440957,2.0177227655440957,2.0,107
1230195,6369,2.4580236735238374,2.038023673523837,14.0,126
1230474,6370,2.360484577098985,1.6404845770989853,24.0,279
1230581,6371,1.2866057771066797,1.2866057771066797,0.0,107
1230650,6372,2.61153514549887,2.61153514549887,0.0,69
1230725,6373,2.6519658455291495,2.2619658455291494,13.0,75
1230807,6374,3.0134455444048838,2.7734455444048836,8.0,82
1230877,6375,2.4148750382136384,2.3848750382136386,1.0,70
1231080,6376,2.5450699309472737,1.195069930947273,45.0,203
1231336,6377,2.8643869425313513,2.534386942531352,11.0,256
1231379,6378,1.5485548971356953,1.5485548971356953,0.0,43
1231509,6379,1.5484338833317612,1.5484338833317612,0.0,130
1231586,6380,1.5023726868250624,1.5023726868250624,0.0,77
1231758,6381,2.838282999126551,2.1182829991265497,24.0,172
1231811,6382,2.001426082721654,2.001426082721654,0.0,53
1231861,6383,1.9445713533398559,1.9145713533398558,1.0,50
1231992,6384,2.4337702850132605,1.7437702850132604,23.0,131
1232080,6385,3.031369067571638,2.9713690675716373,2.0,88
1232138,6386,2.202558269982047,1.842558269982047,12.0,58
1232411,6387,2.514365689355837,-1.6556343106441644,139.0,273
1232553,6388,2.717957190803486,2.5379571908034864,6.0,142
1232713,6389,2.1097346559946484,1.7197346559946478,13.0,160
1232770,6390,2.1574077089919435,2.1574077089919435,0.0,57
1233770,6391,-0.14610554103373685,-0.14610554103373685,0.0,1000
1233836,6392,2.154660963778001,2.154660963778001,0.0,66
1233898,6393,2.097983277814038,2.097983277814038,0.0,62
1233978,6394,2.9645426676168114,2.934542667616811,1.0,80
1234062,6395,2.176102677276625,2.026102677276625,5.0,84
1234204,6396,1.8279253637007793,1.7679253637007792,2.0,142
1234244,6397,1.7335031176844329,1.7335031176844329,0.0,40
1234314,6398,2.7037682225580273,2.343768222558027,12.0,70
1234454,6399,2.999057198924773,2.969057198924773,1.0,140
1234563,6400,3.3246912110645797,2.934691211064579,13.0,109
1234610,6401,2.0080195827200793,1.6780195827200788,11.0,47
1234740,6402,3.6184642473436517,2.9584642473436524,22.0,130
1234875,6403,1.7853367556095736,0.4953367556095729,43.0,135
1235012,6404,2.4805056719682455,2.120505671968246,12.0,137
1235089,6405,2.2032091380114505,2.14320913801145,2.0,77
1235198,6406,3.532536189341805,3.2025361893418047,11.0,109
1235294,6407,3.540700486348512,3.540700486348512,0.0,96
1235370,6408,2.7965033025455526,2.7665033025455523,1.0,76
1235473,6409,1.443363669242663,0.45336366924266236,33.0,103
1235588,6410,1.657287366935075,1.5672873669350749,3.0,115
1235633,6411,1.915007780466798,1.915007780466798,0.0,45
1235695,6412,2.119823380011854,1.6698233800118536,15.0,62
1235780,6413,3.0834525196244904,2.8734525196244904,7.0,85
1235885,6414,2.0161843547926486,1.8361843547926484,6.0,105
1235987,6415,2.417550398970538,2.417550398970538,0.0,102
1236090,6416,1.7687224272929636,1.7687224272929636,0.0,103
1236182,6417,3.2680624904184867,2.6680624904184858,20.0,92
1236277,6418,3.441040680865102,3.441040680865102,0.0,95
1236346,6419,2.4940724918349844,2.4940724918349844,0.0,69
1236389,6420,1.8311808348728813,1.8311808348728813,0.0,43
1236539,6421,2.454215974961582,2.334215974961581,4.0,150
1237539,6422,-1.1277246411314787,-1.1277246411314787,0.0,1000
1237607,6423,1.9427036555836497,1.462703655583649,16.0,68
1237727,6424,1.32225949501739,1.32225949501739,0.0,120
1237777,6425,2.066285254621294,2.066285254621294,0.0,50
1237900,6426,2.357851717369619,2.117851717369619,8.0,123
1238900,6427,1.0417586884282306,0.5017586884282301,18.0,1000
1239107,6428,2.5962142084097777,2.5962142084097777,0.0,207
1239218,6429,2.8322551002526404,2.8322551002526404,0.0,111
1239282,6430,2.187677753716148,2.187677753716148,0.0,64
1239573,6431,3.258500457273442,2.478500457273441,26.0,291
1239686,6432,3.1296976440262423,2.8596976440262414,9.0,113
1239802,6433,2.091823871604812,2.091823871604812,0.0,116
1239924,6434,3.2017089104564347,3.2017089104564347,0.0,122
1240121,6435,2.150230854795832,0.950230854795831,40.0,197
1240206,6436,2.6243890359802107,2.6243890359802107,0.0,85
1240576,6437,2.723995881162942,0.8039958811629413,64.0,370
1240641,6438,2.2830364362406934,2.2830364362406934,0.0,65
1240736,6439,2.8302991946111202,2.71029919461112,4.0,95
1241736,6440,-0.7909277428276704,-1.0909277428276707,10.0,1000
1242736,6441,-1.4788999232123872,-1.4788999232123872,0.0,1000
1242867,6442,2.159883895984464,2.159883895984464,0.0,131
1243867,6443,-0.13101819327180264,-0.13101819327180264,0.0,1000
1243949,6444,1.57112744277184,1.57112744277184,0.0,82
1244009,6445,1.991051234502822,1.991051234502822,0.0,60
1244166,6446,2.91301729626151,2.7930172962615103,4.0,157
1244309,6447,2.740360171132049,2.3803601711320486,12.0,143
1244378,6448,2.3596112192228653,2.329611219222865,1.0,69
1244450,6449,2.3048122955414105,2.3048122955414105,0.0,72
1244580,6450,2.4134356171742333,2.3534356171742328,2.0,130
1244712,6451,2.8548071934884542,2.824807193488454,1.0,132
1244834,6452,2.104547694543877,0.42454769454387575,56.0,122
1244932,6453,3.0965571759902106,2.556557175990211,18.0,98
1245147,6454,2.857443633667726,2.4674436336677257,13.0,215
1245252,6455,1.6054541790984687,1.6054541790984687,0.0,105
1245357,6456,3.4301228707604308,3.04012287076043,13.0,105
1245485,6457,2.2607229989224606,2.1407229989224605,4.0,128
1245554,6458,2.0183050975750993,1.7183050975750993,10.0,69
1245660,6459,3.6836899641550582,3.5936899641550584,3.0,106
1246660,6460,-1.3748311694017512,-1.9448311694017517,19.0,1000
1246859,6461,2.417611853866573,1.9976118538665733,14.0,199
1246919,6462,2.163604518956575,2.163604518956575,0.0,60
1246992,6463,2.0458262186605594,1.7458262186605595,10.0,73
1247058,6464,2.462384378713452,2.462384378713452,0.0,66
1247118,6465,2.2704845133478075,2.0604845133478067,7.0,60
1247198,6466,2.0550308682718645,2.0550308682718645,0.0,80
1247317,6467,1.9542282308172776,1.9542282308172776,0.0,119
1247382,6468,2.458830306068533,2.4288303060685332,1.0,65
1247541,6469,3.34482764456735,2.8648276445673506,16.0,159
1247631,6470,3.0462547463327083,2.8962547463327084,5.0,90
1247697,6471,2.4409118880392393,2.3509118880392386,3.0,66
1247783,6472,1.2522823868309094,1.1622823868309093,3.0,86
1248018,6473,2.971726487545227,2.971726487545227,0.0,235
1248078,6474,1.8818640926299668,1.611864092629967,9.0,60
1248149,6475,2.5559055447018872,2.525905544701887,1.0,71
1248293,6476,2.2825930930918634,1.9825930930918627,10.0,144
1248415,6477,1.9358474476487308,1.815847447648731,4.0,122
1248516,6478,1.5402350025709717,1.5402350025709717,0.0,101
1249516,6479,0.12908030973009366,0.12908030973009366,0.0,1000
1249603,6480,3.058606615429798,2.7586066154297977,10.0,87
1249747,6481,2.458712476176215,2.3087124761762152,5.0,144
1249879,6482,3.9817461684583266,3.9817461684583266,0.0,132
1250018,6483,2.5168685586157045,2.2768685586157043,8.0,139
1250095,6484,2.8109422992442585,2.8109422992442585,0.0,77
1250189,6485,1.2526672254948035,1.2526672254948035,0.0,94
1250280,6486,2.9927430670539743,2.422743067053974,19.0,91
1250349,6487,2.6021373153579894,2.452137315357989,5.0,69
1250498,6488,2.6309162861379054,1.8509162861379052,26.0,149
1250635,6489,3.550861425804923,2.7108614258049224,28.0,137
1250765,6490,2.360824015615049,2.1808240156150482,6.0,130
1251765,6491,0.3155306795281032,0.3155306795281032,0.0,1000
1251861,6492,3.0838144739459423,2.633814473945942,15.0,96
1251922,6493,2.0483634460689872,1.8083634460689872,8.0,61
1252016,6494,1.2693038705319695,1.2693038705319695,0.0,94
1252146,6495,1.563882278205571,1.5338822782055712,1.0,130
1252297,6496,2.6435162448462175,2.193516244846218,15.0,151
1252419,6497,2.0782773632138563,1.988277363213856,3.0,122
1252518,6498,3.362934315193738,2.7929343151937376,19.0,99
1252551,6499,1.530380006532827,1.530380006532827,0.0,33
1252613,6500,2.4841418309709438,2.334141830970944,5.0,62
1253613,6501,-0.3695144359749092,-0.3695144359749092,0.0,1000
1253677,6502,2.284378018589641,2.284378018589641,0.0,64
1253778,6503,2.242973363927808,1.942973363927807,10.0,101
1254778,6504,-0.903205165464632,-1.2032051654646323,10.0,1000
1255778,6505,-0.5752379533110932,-0.5752379533110932,0.0,1000
1255872,6506,3.530210186516968,3.5002101865169677,1.0,94
1255915,6507,1.7161681944675815,1.6861681944675815,1.0,43
1256015,6508,3.3234331163227004,2.873433116322701,15.0,100
1256166,6509,2.267195152419794,1.7571951524197942,17.0,151
1256280,6510,2.0651674024549864,2.0351674024549866,1.0,114
1256396,6511,1.6460724472519992,1.2560724472519993,13.0,116
1256503,6512,1.878836936966756,1.878836936966756,0.0,107
1257211,6513,3.093171928745785,0.8431719287457848,75.0,708
1257327,6514,1.8230049740867211,1.8230049740867211,0.0,116
1258327,6515,0.23254414139063195,-3.3374558586093706,119.0,1000
1258476,6516,2.6020114705713526,2.092011470571352,17.0,149
1258544,6517,2.609256729120238,2.609256729120238,0.0,68
1258658,6518,3.929168321410747,3.299168321410745,21.0,114
1258711,6519,1.768164760989135,1.348164760989135,14.0,53
1258815,6520,2.5080274880611912,2.3880274880611907,4.0,104
1258884,6521,2.6543262472642883,2.3243262472642887,11.0,69
1259172,6522,3.477357110629651,0.05735711062964921,114.0,288
1259306,6523,2.116120642790452,2.116120642790452,0.0,134
1259395,6524,2.6886361071081657,2.2386361071081646,15.0,89
1259522,6525,3.35646796475545,2.9064679647554508,15.0,127
1259626,6526,1.3595463462079604,1.3595463462079604,0.0,104
1259725,6527,1.3476920569216257,1.3476920569216257,0.0,99
1259800,6528,2.8128836818755047,2.4528836818755044,12.0,75
1259876,6529,1.7293660208985222,1.7293660208985222,0.0,76
1260039,6530,2.8662275342396026,2.4462275342396027,14.0,163
1260121,6531,2.6150447839166944,2.255044783916694,12.0,82
1260258,6532,2.7235270436938097,2.6635270436938097,2.0,137
1260312,6533,2.013537459470074,2.013537459470074,0.0,54
1260487,6534,3.1561102219726003,2.9461102219726003,7.0,175
1260672,6535,2.830043709757188,1.3000437097571873,51.0,185
1260775,6536,1.671605787304177,1.671605787304177,0.0,103
1260819,6537,1.764505476787697,1.764505476787697,0.0,44
1260936,6538,1.9293653687320604,1.9293653687320604,0.0,117
1261936,6539,0.008946349281314658,0.008946349281314658,0.0,1000
1262152,6540,2.237697632688346,2.237697632688346,0.0,216
1262196,6541,1.4949724849235797,1.4949724849235797,0.0,44
1262317,6542,1.8235656776438944,1.7935656776438944,1.0,121
1262423,6543,2.5291844689320957,2.1691844689320963,12.0,106
1262634,6544,2.58659063153892,1.1165906315389185,49.0,211
1262706,6545,2.1005333275464473,2.1005333275464473,0.0,72
1263232,6546,2.974712805882623,2.2247128058826213,25.0,526
1263356,6547,1.6849879347010108,1.6849879347010108,0.0,124
1263499,6548,1.3141248153958154,1.3141248153958154,0.0,143
1263576,6549,2.4168128357112484,2.0268128357112483,13.0,77
1263632,6550,1.5875514630442433,1.5875514630442433,0.0,56
1264632,6551,-0.6287437956457795,-3.0887437956457737,82.0,1000
1265309,6552,3.10082264706923,-1.0091773529307622,137.0,677
1265353,6553,1.547557866265529,1.547557866265529,0.0,44
1265420,6554,2.162486238569345,2.162486238569345,0.0,67
1265470,6555,2.0615877423362137,2.0615877423362137,0.0,50
1265696,6556,2.1336080257940244,1.6836080257940242,15.0,226
1265738,6557,1.81735511189561,1.81735511189561,0.0,42
1265871,6558,3.1806710165782692,3.1806710165782692,0.0,133
1266871,6559,0.3743140677227146,-19.69568593227722,669.0,1000
1266978,6560,3.25527136833467,2.7452713683346683,17.0,107
1267131,6561,2.520534241064417,2.310534241064417,7.0,153
1267180,6562,1.9573089698419475,1.9573089698419475,0.0,49
1267310,6563,2.311924789648561,1.0519247896485606,42.0,130
1267398,6564,3.0180175722445965,2.898017572244597,4.0,88
1267542,6565,2.0264992155869015,2.0264992155869015,0.0,144
1268542,6566,-0.10799954446436999,-2.6879995444643647,86.0,1000
1268583,6567,1.7638685932998992,1.7638685932998992,0.0,41
1268656,6568,2.5000275600012545,2.5000275600012545,0.0,73
1269656,6569,1.6283424886640208,-1.0416575113359807,89.0,1000
1269719,6570,2.3486193469500285,2.1086193469500283,8.0,63
1269871,6571,2.2106697254013747,2.120669725401374,3.0,152
1269961,6572,2.6049340487236963,2.154934048723697,15.0,90
1270113,6573,1.5709467252574993,1.5709467252574993,0.0,152
1270263,6574,2.316193643191083,1.6561936431910822,22.0,150
1270354,6575,2.4788201948558513,1.8488201948558514,21.0,91
1270414,6576,2.3546074503814696,2.1146074503814702,8.0,60
1270519,6577,1.8171929767012345,0.917192976701234,30.0,105
1271519,6578,0.22055287618404895,0.19055287618404895,1.0,1000
1271557,6579,1.6847407211259957,1.6847407211259957,0.0,38
1271597,6580,1.7269416843226104,1.7269416843226104,0.0,40
1271650,6581,2.0323813694479047,1.6723813694479044,12.0,53
1271726,6582,2.4163231977806694,2.0863231977806693,11.0,76
1271956,6583,2.129433299282435,2.129433299282435,0.0,230
1271999,6584,1.8439784842125948,1.7539784842125947,3.0,43
1272092,6585,1.9178710025586918,1.8278710025586917,3.0,93
1272213,6586,3.1079082439822523,2.357908243982252,25.0,121
1272250,6587,1.3222127145195048,1.3222127145195048,0.0,37
1272365,6588,1.6123528857280929,1.6123528857280929,0.0,115
1272397,6589,1.4226929805698822,1.4226929805698822,0.0,32
1273397,6590,-0.5687433951561758,-0.5687433951561758,0.0,1000
1273476,6591,2.9921297223392234,2.8721297223392237,4.0,79
1273524,6592,1.9904627902723224,1.9904627902723224,0.0,48
1273625,6593,2.2598040397699224,2.2598040397699224,0.0,101
1273808,6594,1.8682689785476845,0.5182689785476844,45.0,183
1273839,6595,1.4116916004607054,1.4116916004607054,0.0,31
1273930,6596,3.1551366817436675,3.1551366817436675,0.0,91
1274017,6597,2.510775182039929,2.1507751820399292,12.0,87
1274143,6598,2.410847747035393,2.3508477470353935,2.0,126
1274215,6599,2.832475180004382,2.652475180004382,6.0,72
1274277,6600,2.281592000192774,2.191592000192774,3.0,62
1274383,6601,1.3341393241550672,0.044139324155066495,43.0,106
1274507,6602,1.929961629857151,1.569961629857151,12.0,124
1274539,6603,1.3081349949070102,1.3081349949070102,0.0,32
1274771,6604,3.3413005309946504,3.1313005309946513,7.0,232
1274881,6605,1.8694219683241522,1.659421968324152,7.0,110
1274939,6606,2.191543678085777,1.921543678085777,9.0,58
1275094,6607,3.3318910953753496,3.03189109537535,10.0,155
1276094,6608,0.9249312646263443,0.7749312646263444,5.0,1000
1276237,6609,2.4905232237778714,2.040523223777871,15.0,143
1276301,6610,2.5028293499155634,2.4428293499155633,2.0,64
1276416,6611,1.9795851142096494,1.3495851142096496,21.0,115
1276464,6612,1.5758975803248003,1.5758975803248003,0.0,48
1276541,6613,2.4058550989556915,2.3758550989556912,1.0,77
1276637,6614,1.4111920797771877,1.4111920797771877,0.0,96
1276717,6615,2.9019710862566255,2.7219710862566258,6.0,80
1276807,6616,1.3643132095385204,1.3643132095385204,0.0,90
1276867,6617,1.7195147191545153,1.7195147191545153,0.0,60
1276998,6618,2.1019853398697395,1.7719853398697394,11.0,131
1277101,6619,1.775271870152616,1.775271870152616,0.0,103
1277215,6620,3.303160666418524,3.303160666418524,0.0,114
1277346,6621,2.502129831926153,1.9621298319261524,18.0,131
1277586,6622,2.7289319943095833,2.1889319943095833,18.0,240
1277695,6623,3.194222513392555,3.194222513392555,0.0,109
1277786,6624,2.5231318694969294,1.8331318694969294,23.0,91
1277895,6625,1.3741552125995828,1.3741552125995828,0.0,109
1278026,6626,3.031665524048912,2.3116655240489123,24.0,131
1278158,6627,2.10020276634176,2.04020276634176,2.0,132
1278224,6628,2.1996634127403514,1.7496634127403512,15.0,66
1278322,6629,3.083151436193991,2.9931514361939913,3.0,98
1278363,6630,1.771757271264867,1.771757271264867,0.0,41
1278412,6631,2.0542555077326865,1.8742555077326861,6.0,49
1278622,6632,2.6821317961927837,2.1421317961927833,18.0,210
1278663,6633,1.62871177214641,1.62871177214641,0.0,41
1278705,6634,1.5018265057508047,1.5018265057508047,0.0,42
1278732,6635,1.2930582459742141,1.2930582459742141,0.0,27
1278785,6636,1.8238268291488908,1.523826829148891,10.0,53
1279785,6637,0.23846973672952876,0.20846973672952873,1.0,1000
1279824,6638,1.679823341341264,1.679823341341264,0.0,39
1279876,6639,1.6600454377364242,1.6600454377364242,0.0,52
1279948,6640,2.363722672834641,2.0037226728346402,12.0,72
1279980,6641,1.481353886137759,1.481353886137759,0.0,32
1280096,6642,3.4061003859493564,2.3861003859493555,34.0,116
1280253,6643,2.870642734109839,2.1206427341098384,25.0,157
1280307,6644,1.8305563793053965,1.7105563793053964,4.0,54
1280368,6645,1.806608644701511,1.806608644701511,0.0,61
1280430,6646,2.441199775258725,1.7511997752587243,23.0,62
1280573,6647,2.3824894368678624,2.3824894368678624,0.0,143
1280696,6648,1.9265604921428183,1.9265604921428183,0.0,123
1281624,6649,2.4273947059192382,-3.2126052940807615,188.0,928
1282624,6650,-1.2393963915515118,-1.2393963915515118,0.0,1000
1282651,6651,1.3605999427283806,1.3605999427283806,0.0,27
1282691,6652,1.751666437545579,1.751666437545579,0.0,40
1282769,6653,1.3500568356462705,1.3200568356462705,1.0,78
1282814,6654,1.4456880806613697,1.4456880806613697,0.0,45
1282901,6655,2.3363445270827476,1.586344527082747,25.0,87
1282945,6656,1.876457910018051,1.6664579100180508,7.0,44
1283061,6657,2.5797945361521117,2.5797945361521117,0.0,116
1283650,6658,3.274448764248964,2.794448764248963,16.0,589
1283834,6659,2.253558779083114,2.253558779083114,0.0,184
1283911,6660,2.7723749955061967,2.382374995506196,13.0,77
1283988,6661,1.7587660082799772,1.7587660082799772,0.0,77
1284126,6662,2.4751032345898434,2.4751032345898434,0.0,138
1285126,6663,0.5804759264585493,0.5804759264585493,0.0,1000
1285229,6664,1.8035055328272274,1.8035055328272274,0.0,103
1285289,6665,2.2622791443491677,2.172279144349168,3.0,60
1285514,6666,3.160215481486175,2.890215481486175,9.0,225
1285548,6667,1.5567839113715491,1.5567839113715491,0.0,34
1285635,6668,3.000686319260863,2.670686319260864,11.0,87
1286635,6669,-0.10338538826104982,-0.10338538826104982,0.0,1000
1286750,6670,1.6998642556880827,1.5798642556880829,4.0,115
1286900,6671,2.9856498999595367,2.475649899959536,17.0,150
1286925,6672,1.3066666127207294,1.3066666127207294,0.0,25
1287056,6673,2.2817987700547455,2.0417987700547453,8.0,131
1287159,6674,1.8765244402477665,1.6665244402477661,7.0,103
1287285,6675,2.5956341483615946,2.5056341483615943,3.0,126
1287330,6676,1.5516716920251408,1.5516716920251408,0.0,45
1287376,6677,1.6527001231641911,1.592700123164191,2.0,46
1288376,6678,0.31711795309837376,-17.292882046901624,587.0,1000
1288411,6679,1.5454890819661125,1.5454890819661125,0.0,35
1288556,6680,2.5232853214021627,2.2532853214021626,9.0,145
1288678,6681,2.3624435729816526,2.0924435729816526,9.0,122
1288719,6682,1.751568756538937,1.5115687565389373,8.0,41
1288788,6683,2.373903445695153,1.7739034456951521,20.0,69
1288844,6684,1.7152063030772817,1.7152063030772817,0.0,56
1289011,6685,2.6084549309587723,2.5484549309587723,2.0,167
1289205,6686,2.6125251006764585,2.6125251006764585,0.0,194
1290205,6687,0.023794662086214835,0.023794662086214835,0.0,1000
1290264,6688,2.3992129088351586,2.3992129088351586,0.0,59
1290296,6689,1.4674697371944783,1.4674697371944783,0.0,32
1290369,6690,1.653885824902454,1.653885824902454,0.0,73
1290654,6691,3.1711486819613786,2.5711486819613785,20.0,285
1290720,6692,2.095395621145034,2.095395621145034,0.0,66
1290808,6693,3.135935267057791,2.9859352670577914,5.0,88
1290936,6694,1.9215186583791672,1.9215186583791672,0.0,128
1291042,6695,1.543470490680845,1.543470490680845,0.0,106
1291144,6696,2.803662448732752,2.383662448732752,14.0,102
1291194,6697,1.2886793672545913,1.2886793672545913,0.0,50
1291455,6698,3.1580902061762894,2.6780902061762895,16.0,261
1292455,6699,1.591917462009315,-12.44808253799067,468.0,1000
1292540,6700,3.0365038513856675,3.0365038513856675,0.0,85
1292663,6701,1.839001627335834,1.3890016273358339,15.0,123
1292703,6702,1.7080850568716102,1.7080850568716102,0.0,40
1292874,6703,3.469271060807992,2.899271060807992,19.0,171
1292932,6704,2.196847856635187,2.196847856635187,0.0,58
1293018,6705,2.74483105131615,2.3848310513161497,12.0,86
1293533,6706,2.3254998147866384,-3.404500185213357,191.0,515
1293639,6707,3.082313285774455,2.9023132857744542,6.0,106
1293701,6708,2.329551121607153,2.329551121607153,0.0,62
1293762,6709,2.1856188412144677,1.7356188412144675,15.0,61
1293957,6710,3.008974713473587,2.8889747134735875,4.0,195
1294056,6711,2.3559113529482603,1.7559113529482597,20.0,99
1294281,6712,3.4581876311183555,3.0381876311183555,14.0,225
1294503,6713,2.367689720950467,2.367689720950467,0.0,222
1294676,6714,2.6712725895148037,2.4312725895148035,8.0,173
1294781,6715,1.5267921595074458,0.9567921595074458,19.0,105
1295054,6716,3.3458039312155456,2.955803931215545,13.0,273
1295124,6717,2.7132561864587483,2.7132561864587483,0.0,70
1295213,6718,1.6700149852401198,1.1300149852401198,18.0,89
1295282,6719,1.9787677165360855,1.7987677165360854,6.0,69
1295414,6720,2.3635846809318863,2.3635846809318863,0.0,132
1295513,6721,3.145124451618766,3.085124451618766,2.0,99
1295635,6722,1.7076600927952454,1.4376600927952452,9.0,122
1295674,6723,1.682158116875378,1.682158116875378,0.0,39
1295799,6724,2.9256825018347197,2.89568250183472,1.0,125
1295868,6725,2.5823428087537836,2.192342808753782,13.0,69
1295944,6726,2.6728494062009895,2.5828494062009897,3.0,76
1296177,6727,2.578180067502363,2.578180067502363,0.0,233
1296296,6728,2.1062344551018315,1.7762344551018312,11.0,119
1296429,6729,2.4366153591562068,2.4366153591562068,0.0,133
1296514,6730,3.088357184908957,2.6383571849089567,15.0,85
1296627,6731,2.032140886681134,2.0021408866811337,1.0,113
1296710,6732,1.5897753075584107,1.3797753075584107,7.0,83
1296820,6733,3.3142206229198634,3.164220622919864,5.0,110
1296909,6734,1.3040025923083662,1.3040025923083662,0.0,89
1297113,6735,2.7990034088850155,0.6390034088850156,72.0,204
1297245,6736,2.0648460639243913,1.6748460639243912,13.0,132
1298245,6737,-0.43480534549130256,-2.4448053454913037,67.0,1000
1298383,6738,1.7356161813626403,1.7356161813626403,0.0,138
1298433,6739,2.0088801583947244,2.0088801583947244,0.0,50
1298683,6740,2.316878761104142,1.9868787611041416,11.0,250
1298735,6741,1.657187259487562,1.657187259487562,0.0,52
1298804,6742,1.7991093787650616,1.7691093787650618,1.0,69
1298942,6743,3.0727746241292,2.8027746241292006,9.0,138
1299027,6744,2.9241818301844815,2.6541818301844815,9.0,85
1300027,6745,-0.060383650624900476,-2.250383650624896,73.0,1000
1300245,6746,3.6613261879930548,2.641326187993056,34.0,218
1300376,6747,2.5552964893043084,2.4652964893043086,3.0,131
1300442,6748,2.6074335087537452,2.6074335087537452,0.0,66
1300538,6749,3.2829647966157243,2.502964796615725,26.0,96
1301538,6750,-0.11183372492949673,-0.11183372492949673,0.0,1000
1301648,6751,1.8978327780888313,1.8078327780888312,3.0,110
1301768,6752,1.8909113078602013,1.5009113078602012,13.0,120
1301804,6753,1.620730149420702,1.620730149420702,0.0,36
1301930,6754,3.9551244595894417,3.9251244595894423,1.0,126
1301996,6755,2.5369162164478567,2.5369162164478567,0.0,66
1302034,6756,1.6560949904160782,1.6560949904160782,0.0,38
1302115,6757,2.9732960718783845,2.7632960718783846,7.0,81
1302203,6758,1.3132771975496598,1.1032771975496598,7.0,88
1303203,6759,-0.4009139969755764,-0.8509139969755768,15.0,1000
1303356,6760,2.0923208335422805,1.91232083354228,6.0,153
1303452,6761,1.6119000337501317,1.4019000337501317,7.0,96
1303529,6762,2.384510224604937,2.174510224604937,7.0,77
1303552,6763,1.2425225743699138,1.2425225743699138,0.0,23
1303856,6764,3.589709602351824,3.349709602351824,8.0,304
1303932,6765,1.9525283282120522,1.802528328212052,5.0,76
1304037,6766,2.978972207844813,2.1689722078448126,27.0,105
1304156,6767,2.761007709574752,2.311007709574751,15.0,119
1304189,6768,1.355727168239817,1.355727168239817,0.0,33
1304256,6769,2.3741752889463146,2.3741752889463146,0.0,67
1304378,6770,2.1167853346239167,2.1167853346239167,0.0,122
1304483,6771,3.4170789427370263,2.8170789427370257,20.0,105
1304569,6772,2.454737891061738,2.454737891061738,0.0,86
1304595,6773,1.3176813316854776,1.3176813316854776,0.0,26
1304657,6774,2.3137533755865958,2.3137533755865958,0.0,62
1304801,6775,1.8881608632838354,1.7081608632838354,6.0,144
1304858,6776,2.1844293834501443,1.6144293834501435,19.0,57
1304958,6777,2.212544312268271,2.212544312268271,0.0,100
1305225,6778,2.213845617982196,2.213845617982196,0.0,267
1305359,6779,3.212812741430298,3.122812741430298,3.0,134
1305515,6780,1.721242226431204,1.571242226431204,5.0,156
1305565,6781,2.0773737093559923,2.0773737093559923,0.0,50
1305755,6782,3.7464424864934647,3.2964424864934627,15.0,190
1305849,6783,3.2331636994217208,2.9331636994217205,10.0,94
1305906,6784,2.1331086404652546,2.1331086404652546,0.0,57
1306728,6785,2.8964826266228103,-6.133517373377172,301.0,822
1306856,6786,1.6279357216406958,1.6279357216406958,0.0,128
1306919,6787,1.3767029595608276,1.3767029595608276,0.0,63
1306978,6788,2.3919974280839984,2.331997428083998,2.0,59
1307447,6789,2.186739002751321,2.036739002751321,5.0,469
1307534,6790,3.1266562378914022,2.8566562378914027,9.0,87
1307572,6791,1.6610726959321378,1.6610726959321378,0.0,38
1307764,6792,1.9251781770467638,1.7151781770467638,7.0,192
1307879,6793,3.5667982068161597,3.2067982068161602,12.0,115
1307975,6794,3.0867655057291974,3.0267655057291973,2.0,96
1308048,6795,2.1295400795887964,1.7095400795887965,14.0,73
1308155,6796,1.3875666064461187,1.3875666064461187,0.0,107
1308224,6797,1.839019174297827,1.839019174297827,0.0,69
1308334,6798,3.2314838183017165,2.9614838183017165,9.0,110
1308410,6799,2.7944914704971966,2.7944914704971966,0.0,76
1308509,6800,2.225261244362816,1.655261244362815,19.0,99
1308548,6801,1.3762595128324735,1.3762595128324735,0.0,39
1308659,6802,1.4431503012062747,1.4431503012062747,0.0,111
1308756,6803,1.9612431298264583,1.9612431298264583,0.0,97
1308820,6804,2.3886146753583537,2.3586146753583535,1.0,64
1309036,6805,2.1637195169645205,1.1137195169645198,35.0,216
1309136,6806,3.586522798112005,3.466522798112005,4.0,100
1309186,6807,1.8913668928401848,1.5913668928401847,10.0,50
1310186,6808,0.49554253418710204,0.49554253418710204,0.0,1000
1310278,6809,3.2741955741214213,2.944195574121421,11.0,92
1310352,6810,2.6329544031201535,2.6329544031201535,0.0,74
1310404,6811,2.091407574244424,2.091407574244424,0.0,52
1310523,6812,1.9804690786289918,1.9804690786289918,0.0,119
1310665,6813,3.1129075121276615,3.052907512127661,2.0,142
1310729,6814,2.2389192303245444,2.2389192303245444,0.0,64
1310797,6815,2.37300263011674,2.04300263011674,11.0,68
1310925,6816,2.314615811340823,2.2546158113408223,2.0,128
1311066,6817,3.3993228785035123,2.8293228785035125,19.0,141
1311194,6818,1.685748564324039,0.4257485643240386,42.0,128
1311244,6819,2.011759484522424,2.011759484522424,0.0,50
1311330,6820,2.4205051218079485,1.9705051218079488,15.0,86
1311410,6821,2.8959143699913312,2.8959143699913312,0.0,80
1311576,6822,2.1889811774398673,2.1889811774398673,0.0,166
1311649,6823,2.698332203459843,2.698332203459843,0.0,73
1311735,6824,1.7419635586673905,1.7419635586673905,0.0,86
1311807,6825,2.0744832905185415,2.0444832905185417,1.0,72
1311911,6826,1.738284713043925,1.738284713043925,0.0,104
1311950,6827,1.6548649774485296,1.5948649774485295,2.0,39
1312020,6828,2.3949789788730493,2.3649789788730495,1.0,70
1312137,6829,2.665948181712431,2.545948181712431,4.0,117
1312230,6830,1.6139726406809642,1.6139726406809642,0.0,93
1312907,6831,3.079307010831182,-4.060692989168816,238.0,677
1312941,6832,1.5179768848460435,1.5179768848460435,0.0,34
1312993,6833,1.482664788084427,1.482664788084427,0.0,52
1313110,6834,1.886151943761002,0.5061519437610014,46.0,117
1314110,6835,0.17759394435865627,0.17759394435865627,0.0,1000
1314201,6836,2.63545259686993,2.15545259686993,16.0,91
1314281,6837,2.7834654214863086,2.4534654214863085,11.0,80
1314377,6838,3.4189337457203393,3.2389337457203387,6.0,96
1314488,6839,2.252441645420319,1.172441645420318,36.0,111
1314685,6840,2.286928560319807,-0.4730714396801947,92.0,197
1314832,6841,2.5041952133842402,2.14419521338424,12.0,147
1314966,6842,2.1008431250890895,1.9808431250890897,4.0,134
1315040,6843,2.7341659856236182,2.3741659856236184,12.0,74
1315072,6844,1.4857501646662894,1.4857501646662894,0.0,32
1315158,6845,2.588154706015997,2.588154706015997,0.0,86
1315261,6846,1.5567965349832709,1.526796534983271,1.0,103
1315300,6847,1.7671895244887672,1.7671895244887672,0.0,39
1315361,6848,1.7178639333584131,1.7178639333584131,0.0,61
1315454,6849,2.876790055591564,2.456790055591563,14.0,93
1315500,6850,1.8777485138354535,1.8777485138354535,0.0,46
1315542,6851,1.6563544372260828,1.6563544372260828,0.0,42
1315723,6852,1.7993438230860703,1.5593438230860701,8.0,181
1315803,6853,2.883408927056216,2.883408927056216,0.0,80
1315859,6854,2.176700174074861,2.176700174074861,0.0,56
1316087,6855,2.6631070987806886,2.6631070987806886,0.0,228
1316197,6856,3.1058639435605118,2.565863943560511,18.0,110
1316301,6857,3.6388534423395935,3.338853442339593,10.0,104
1316454,6858,3.4274340290038996,1.8074340290038986,54.0,153
1316606,6859,2.406047258256989,2.406047258256989,0.0,152
1316717,6860,2.614301782502756,2.404301782502756,7.0,111
1316773,6861,2.220650147508813,1.9806501475088132,8.0,56
1316830,6862,2.186321739415113,2.186321739415113,0.0,57
1316866,6863,1.5621469585264907,1.5621469585264907,0.0,36
1316919,6864,1.729157718345659,1.729157718345659,0.0,53
1317051,6865,2.797232756160639,2.7372327561606395,2.0,132
1317098,6866,1.5682689421371108,1.5682689421371108,0.0,47
1317199,6867,2.2913850447383033,1.8113850447383029,16.0,101
1317276,6868,2.7330489599764896,2.6430489599764893,3.0,77
1317353,6869,2.7531573364034614,2.3631573364034617,13.0,77
1318353,6870,0.5595592675838967,0.2895592675838965,9.0,1000
1319353,6871,-0.7536942653413155,-1.413694265341316,22.0,1000
1320353,6872,1.4164191310831697,0.33641913108316945,36.0,1000
1320413,6873,2.336687411118005,2.336687411118005,0.0,60
1320500,6874,3.183330449261856,3.0333304492618556,5.0,87
1320630,6875,2.117078044903142,2.0570780449031414,2.0,130
1320767,6876,2.09874486077659,1.91874486077659,6.0,137
1320865,6877,3.2547473261170197,3.2547473261170197,0.0,98
1321133,6878,2.5942290345544663,2.5942290345544663,0.0,268
1322133,6879,-1.1482384105263401,-1.1482384105263401,0.0,1000
1322278,6880,2.1605845020741663,0.8705845020741656,43.0,145
1322393,6881,3.0223534357488866,3.0223534357488866,0.0,115
1323393,6882,-0.26604292942556684,-0.26604292942556684,0.0,1000
1324393,6883,-0.08973166085760731,-0.08973166085760731,0.0,1000
1324434,6884,1.7762692289206052,1.7762692289206052,0.0,41
1324499,6885,2.470941708171872,2.410941708171872,2.0,65
1325499,6886,-0.5864146179232219,-0.5864146179232219,0.0,1000
1325541,6887,1.7519433608275299,1.7519433608275299,0.0,42
1325609,6888,2.568566800667803,2.2985668006678024,9.0,68
1325699,6889,1.2733904279643795,1.2733904279643795,0.0,90
1325773,6890,1.555027341077666,1.525027341077666,1.0,74
1325834,6891,2.3481110330231654,2.2281110330231653,4.0,61
1326277,6892,2.44118217232333,0.19118217232332857,75.0,443
1326394,6893,3.771991589475433,3.771991589475433,0.0,117
1326568,6894,2.8985238652643517,2.8985238652643517,0.0,174
1326652,6895,2.3508338644768,1.6308338644768,24.0,84
1326799,6896,2.7418489598821667,2.291848959882167,15.0,147
1326851,6897,1.8499086340436839,1.489908634043684,12.0,52
1326933,6898,2.742928269681716,2.742928269681716,0.0,82
1326983,6899,1.5903537568842745,1.5903537568842745,0.0,50
1327072,6900,3.085448622298615,2.2754486222986134,27.0,89
1327180,6901,1.7910943598428477,1.6110943598428475,6.0,108
1327276,6902,3.241067104115368,2.461067104115367,26.0,96
1327321,6903,1.8073869785732686,1.8073869785732686,0.0,45
1327440,6904,2.9409957179934487,2.5809957179934484,12.0,119
1327477,6905,1.5933613375658415,1.5933613375658415,0.0,37
1327620,6906,3.1414689400207783,2.7214689400207774,14.0,143
1327708,6907,1.4192196830072015,1.4192196830072015,0.0,88
1327784,6908,2.617611043626811,2.377611043626811,8.0,76
1327839,6909,2.190553685479066,2.130553685479066,2.0,55
1327950,6910,1.758574375472471,1.368574375472471,13.0,111
1328097,6911,2.617605227407985,2.2576052274079856,12.0,147
1328150,6912,2.0720216649785517,1.6820216649785515,13.0,53
1328262,6913,2.040502728013521,1.950502728013521,3.0,112
1329262,6914,0.12029663060299511,0.12029663060299511,0.0,1000
1329372,6915,2.2629109534615908,1.0029109534615905,42.0,110
1329404,6916,1.3579473304477176,1.3579473304477176,0.0,32
1329476,6917,2.7468764721418304,2.7468764721418304,0.0,72
1329523,6918,1.9194351940838752,1.649435194083875,9.0,47
1330370,6919,2.3707039259846088,0.8107039259846072,52.0,847
1330506,6920,2.7180719211011395,2.7180719211011395,0.0,136
1330603,6921,3.4892314413152503,3.0692314413152495,14.0,97
1330663,6922,2.428060518519782,2.3680605185197816,2.0,60
1330839,6923,2.944729294946856,1.7147292949468558,41.0,176
1330966,6924,3.1090904378825095,3.0490904378825094,2.0,127
1331044,6925,2.601388976787761,2.601388976787761,0.0,78
1331104,6926,2.390498040563771,1.730498040563771,22.0,60
1331151,6927,1.8728753020001683,1.8728753020001683,0.0,47
1331225,6928,2.7446817720216203,2.7446817720216203,0.0,74
1332225,6929,-0.021280882288607472,-17.811280882288596,593.0,1000
1332324,6930,1.4421339363559211,1.4421339363559211,0.0,99
1333324,6931,0.27625310358414756,0.27625310358414756,0.0,1000
1333364,6932,1.7526074910551808,1.7526074910551808,0.0,40
1333393,6933,1.3880998705506502,1.3880998705506502,0.0,29
1333456,6934,2.4669314446622694,2.40693144466227,2.0,63
1333497,6935,1.7239164219253407,1.4239164219253408,10.0,41
1333562,6936,2.525323071640277,2.525323071640277,0.0,65
1333660,6937,2.783145835574395,2.4531458355743956,11.0,98
1333709,6938,2.004894499100919,1.794894499100919,7.0,49
1333809,6939,3.367352759704324,3.1573527597043243,7.0,100
1333846,6940,1.627742091184663,1.627742091184663,0.0,37
1333951,6941,3.474809923821699,3.3848099238216984,3.0,105
1333994,6942,1.8742918955216998,1.8742918955216998,0.0,43
1334083,6943,2.4792057725290686,2.4492057725290683,1.0,89
1334153,6944,2.374756312310841,2.0447563123108417,11.0,70
1334386,6945,2.619362135728049,-0.4106378642719519,101.0,233
1334422,6946,1.615417591308053,1.615417591308053,0.0,36
1334555,6947,2.57624076595647,2.21624076595647,12.0,133
1334630,6948,1.8669282040379014,1.8669282040379014,0.0,75
1334864,6949,2.2877693695180463,2.2877693695180463,0.0,234
1334975,6950,1.678897591097265,1.678897591097265,0.0,111
1335211,6951,2.20112444853312,1.9611244485331198,8.0,236
1335323,6952,2.238322485520864,1.2783224855208637,32.0,112
1335390,6953,2.385730449355564,1.9057304493555631,16.0,67
1335518,6954,2.465864659901581,2.465864659901581,0.0,128
1335581,6955,2.310434350740725,1.9504343507407245,12.0,63
1335645,6956,1.687754667698973,1.687754667698973,0.0,64
1335714,6957,1.6223104095593945,1.6223104095593945,0.0,69
1335796,6958,2.9722425975176776,2.912242597517677,2.0,82
1335907,6959,2.2271958351892636,2.2271958351892636,0.0,111
1335990,6960,2.8307399443526897,2.380739944352689,15.0,83
1336075,6961,1.7955419827479506,1.7955419827479506,0.0,85
1336147,6962,1.6619789054323,1.6319789054323002,1.0,72
1336220,6963,2.7363156576097003,2.3463156576097015,13.0,73
1336313,6964,1.4170995952544305,1.4170995952544305,0.0,93
1336411,6965,2.4616736104152004,2.0416736104152005,14.0,98
1336534,6966,2.81545155803632,1.94545155803632,29.0,123
1336616,6967,2.10343168360675,2.01343168360675,3.0,82
1336764,6968,2.214637135768674,1.6746371357686736,18.0,148
1336841,6969,2.886152863726526,2.886152863726526,0.0,77
1337009,6970,2.825218329442795,2.825218329442795,0.0,168
1337186,6971,2.4435914041449025,1.2735914041449035,39.0,177
1337293,6972,2.9566953231754347,2.5366953231754352,14.0,107
1337383,6973,1.488061069505227,1.488061069505227,0.0,90
1337455,6974,1.7192176752766475,1.7192176752766475,0.0,72
1337528,6975,1.8828592464123197,1.8828592464123197,0.0,73
1337637,6976,3.341261855893574,2.921261855893575,14.0,109
1338637,6977,-0.17019832290092518,-0.17019832290092518,0.0,1000
1338728,6978,2.2737375161140885,2.2737375161140885,0.0,91
1338789,6979,2.4092587110233232,2.4092587110233232,0.0,61
1338843,6980,1.8269315042676513,1.8269315042676513,0.0,54
1338951,6981,1.7831652944072354,1.7831652944072354,0.0,108
1338978,6982,1.3600563648807482,1.3600563648807482,0.0,27
1339056,6983,1.5882060642180424,1.5882060642180424,0.0,78
1339206,6984,1.9854338712875155,1.6254338712875152,12.0,150
1339301,6985,2.70150511353145,2.46150511353145,8.0,95
1339375,6986,2.238861041093785,1.7888610410937846,15.0,74
1339439,6987,2.2825826700381917,2.2825826700381917,0.0,64
1339495,6988,1.8308948212452274,1.8308948212452274,0.0,56
1340495,6989,-0.12081918806520386,-0.12081918806520386,0.0,1000
1340602,6990,3.75414958550508,3.304149585505079,15.0,107
1340715,6991,2.9815183222552006,2.801518322255201,6.0,113
1340800,6992,3.1685187541551723,2.4485187541551725,24.0,85
1340995,6993,1.9948083258374445,1.6348083258374442,12.0,195
1341161,6994,2.8618852109301725,1.7518852109301717,37.0,166
1341317,6995,2.4032659667159324,1.1732659667159315,41.0,156
1342020,6996,3.233913914940841,2.933913914940841,10.0,703
1342062,6997,1.7666102687557883,1.7666102687557883,0.0,42
1342252,6998,2.105102709649239,2.105102709649239,0.0,190
1342391,6999,2.3300446094253076,1.820044609425306,17.0,139
1342472,7000,2.0933497119731763,2.0933497119731763,0.0,81
1342563,7001,2.390489678279197,2.300489678279197,3.0,91
1342624,7002,1.753123555151209,1.4231235551512091,11.0,61
1342742,7003,3.085506164869386,2.545506164869387,18.0,118
1342917,7004,2.310214832581935,2.310214832581935,0.0,175
1343033,7005,2.369929576108355,2.2799295761083553,3.0,116
1343150,7006,1.6911335185673169,1.661133518567317,1.0,117
1343190,7007,1.267962538663899,1.267962538663899,0.0,40
1343269,7008,2.8986998033100724,2.8986998033100724,0.0,79
1343383,7009,1.6840309191914888,0.5740309191914886,37.0,114
1344146,7010,3.6860543666906445,2.3660543666906433,44.0,763
1344236,7011,2.9780849009183035,2.9480849009183037,1.0,90
1344313,7012,2.7794470612140705,2.569447061214071,7.0,77
1344453,7013,2.486018374829997,2.486018374829997,0.0,140
1344524,7014,2.584020776591613,2.494020776591613,3.0,71
1344716,7015,2.670415871544437,2.4004158715444364,9.0,192
1344975,7016,2.995612833865003,1.6756128338650027,44.0,259
1345126,7017,2.240109648171753,2.240109648171753,0.0,151
1345252,7018,4.350929228305319,3.9309292283053194,14.0,126
1345346,7019,3.261440005179117,2.931440005179117,11.0,94
1345514,7020,2.8156430486499664,2.7256430486499665,3.0,168
1345959,7021,3.3303505283982497,1.2303505283982499,70.0,445
1346048,7022,2.134911404481347,2.134911404481347,0.0,89
1346324,7023,3.174903262233032,1.2549032622330312,64.0,276
1347171,7024,4.191447174689154,3.7714471746891554,14.0,847
1347301,7025,2.300538210714423,0.9205382107144228,46.0,130
1347513,7026,2.714409088644302,1.0944090886443019,54.0,212
1347570,7027,2.2012398265096325,1.871239826509632,11.0,57
1347717,7028,2.625963952733456,2.625963952733456,0.0,147
1347890,7029,2.517564335895857,1.3775643358958563,38.0,173
1348040,7030,2.02032463916961,2.02032463916961,0.0,150
1348160,7031,2.006740215295373,1.9467402152953728,2.0,120
1348306,7032,2.5778816014081913,2.5778816014081913,0.0,146
1348397,7033,3.1708637080321656,3.1708637080321656,0.0,91
1348479,7034,2.531671824372631,2.2016718243726303,11.0,82
1348529,7035,1.4797509331649468,1.4797509331649468,0.0,50
1348682,7036,2.1624085880078887,1.8024085880078884,12.0,153
1348767,7037,3.155682852132004,2.7956828521320047,12.0,85
1348871,7038,3.4800878803115993,3.4800878803115993,0.0,104
1349871,7039,0.6020069809410118,0.6020069809410118,0.0,1000
1349997,7040,1.8131516272554176,1.8131516272554176,0.0,126
1350069,7041,2.6907229781191013,2.6307229781191017,2.0,72
1350113,7042,1.4497306846374889,1.4497306846374889,0.0,44
1350164,7043,1.7753327990510606,1.7753327990510606,0.0,51
1350234,7044,2.5452749907083074,2.515274990708307,1.0,70
1351234,7045,0.5362029410932463,0.20620294109324622,11.0,1000
1352234,7046,1.0593860690218475,-4.10061393097814,172.0,1000
1352347,7047,2.1690253068780643,2.1690253068780643,0.0,113
1352422,7048,1.9466942258784423,1.9466942258784423,0.0,75
1352512,7049,2.165976087370167,1.9859760873701668,6.0,90
1352629,7050,1.6780543343456564,1.6780543343456564,0.0,117
1352695,7051,1.7497763324930176,1.7497763324930176,0.0,66
1352851,7052,2.6906719415073805,2.3906719415073816,10.0,156
1352891,7053,1.7476539758572915,1.7476539758572915,0.0,40
1353022,7054,2.239820695180489,2.209820695180489,1.0,131
1353125,7055,1.4915930511408144,1.4915930511408144,0.0,103
1354125,7056,-0.1899797196349291,-1.3899797196349302,40.0,1000
1354194,7057,2.570789153226168,2.450789153226168,4.0,69
1354275,7058,2.7696208906926936,2.7396208906926933,1.0,81
1354351,7059,2.8903502004444626,2.8903502004444626,0.0,76
1354429,7060,2.8557921816394156,2.6457921816394157,7.0,78
1354509,7061,2.398737422209228,1.9787374222092282,14.0,80
1355509,7062,-0.3603416257532017,-0.3603416257532017,0.0,1000
1355583,7063,2.2618436620984035,2.2618436620984035,0.0,74
1355763,7064,3.3409627928431087,2.3209627928431082,34.0,180
1355814,7065,2.097314354331199,2.007314354331199,3.0,51
1355893,7066,2.751942663672942,2.421942663672942,11.0,79
1355943,7067,2.0785183459353087,2.0785183459353087,0.0,50
1356011,7068,2.529674124846218,2.469674124846218,2.0,68
1357011,7069,0.008293383521644326,0.008293383521644326,0.0,1000
1357089,7070,2.3397589943063437,1.9797589943063427,12.0,78
1357121,7071,1.306889036489264,1.306889036489264,0.0,32
1357358,7072,2.6061879284745597,2.57618792847456,1.0,237
1357443,7073,2.7975383879567643,2.7975383879567643,0.0,85
1357542,7074,3.435099628342647,3.225099628342646,7.0,99
1357567,7075,1.2656113556913358,1.2656113556913358,0.0,25
1358567,7076,-0.5070225368446395,-0.5070225368446395,0.0,1000
1358658,7077,2.5613039372836623,2.5613039372836623,0.0,91
1358887,7078,2.9895013110186395,2.9295013110186394,2.0,229
1358923,7079,1.6192549364987685,1.6192549364987685,0.0,36
1359923,7080,-0.8484535598094505,-1.388453559809451,18.0,1000
1360064,7081,1.3358655319723787,1.3358655319723787,0.0,141
1361064,7082,-1.1709801416356878,-4.860980141635679,123.0,1000
1361218,7083,2.2901454003996027,2.2901454003996027,0.0,154
1361315,7084,3.504847175286618,3.504847175286618,0.0,97
1361497,7085,1.6811339397133622,-0.8988660602866383,86.0,182
1361558,7086,2.3846978239721732,2.3846978239721732,0.0,61
1361621,7087,2.516585773368245,2.276585773368245,8.0,63
1361702,7088,2.6017433454946484,2.5717433454946486,1.0,81
1361835,7089,2.263669694090352,2.263669694090352,0.0,133
1361908,7090,2.4677307671916724,2.1677307671916726,10.0,73
1362033,7091,2.14421292747104,2.14421292747104,0.0,125
1362067,7092,1.5671543915688293,1.5671543915688293,0.0,34
1362137,7093,1.9139027852745318,1.9139027852745318,0.0,70
1363137,7094,0.09661788944201,-10.193382110557986,343.0,1000
1363279,7095,2.505998735660457,1.4559987356604567,35.0,142
1364279,7096,-0.09592751171879055,-0.09592751171879055,0.0,1000
1364505,7097,2.982442726360351,2.772442726360351,7.0,226
1364607,7098,1.737310630985116,1.737310630985116,0.0,102
1364674,7099,2.4974185544651606,2.4074185544651607,3.0,67
1364723,7100,1.8717697719327304,1.6317697719327302,8.0,49
1364785,7101,2.33766907467344,2.33766907467344,0.0,62
1364811,7102,1.3203241834308312,1.3203241834308312,0.0,26
1365129,7103,3.4013410935723503,3.25134109357235,5.0,318
1365157,7104,1.3096681080915773,1.3096681080915773,0.0,28
1365437,7105,2.870017123906844,2.330017123906844,18.0,280
1365481,7106,1.8503328213401475,1.8503328213401475,0.0,44
1365549,7107,1.8739855199985778,1.5139855199985774,12.0,68
1365658,7108,1.9479773662191104,1.6479773662191102,10.0,109
1365753,7109,1.4483104659967754,1.4483104659967754,0.0,95
1365848,7110,2.2238051927902407,1.9838051927902405,8.0,95
1365994,7111,4.303124367570456,4.273124367570456,1.0,146
1366186,7112,1.76106669133713,-1.478933308662866,108.0,192
1366295,7113,1.3663380006850665,1.3663380006850665,0.0,109
1367197,7114,2.8175460713516984,2.577546071351698,8.0,902
1367239,7115,1.7779686430910528,1.7779686430910528,0.0,42
1367332,7116,3.3853228190483278,3.3853228190483278,0.0,93
1367391,7117,2.3978613133697664,2.3978613133697664,0.0,59
1367422,7118,1.4355310184901988,1.4355310184901988,0.0,31
1367529,7119,2.9288718754335425,2.868871875433543,2.0,107
1368529,7120,0.1384021496885781,0.1384021496885781,0.0,1000
1368618,7121,2.954240779607907,2.6842407796079066,9.0,89
1369618,7122,-1.348867852049057,-13.408867852049054,402.0,1000
1369852,7123,2.454646827373253,2.3646468273732526,3.0,234
1369963,7124,2.5278180069582374,1.8078180069582377,24.0,111
1370366,7125,2.2922752118033696,2.2322752118033695,2.0,403
1370560,7126,3.2157754447657307,2.88577544476573,11.0,194
1370636,7127,1.8097116763886802,1.8097116763886802,0.0,76
1370711,7128,2.7134898451164178,2.7134898451164178,0.0,75
1370768,7129,1.5843385672195809,1.5843385672195809,0.0,57
1371768,7130,1.2398408607779752,-17.33015913922201,619.0,1000
1371837,7131,1.3524180822295309,1.3524180822295309,0.0,69
1372837,7132,0.06856280659388947,-0.02143719340611061,3.0,1000
1372950,7133,1.6817619862231088,1.2317619862231086,15.0,113
1373003,7134,1.372306965358932,1.372306965358932,0.0,53
1373046,7135,1.8302709582523804,1.8302709582523804,0.0,43
1373100,7136,2.2145569901883753,2.2145569901883753,0.0,54
1373191,7137,2.583801104060776,2.4938011040607755,3.0,91
1373295,7138,2.0089592722033163,1.768959272203316,8.0,104
1374295,7139,0.8753254463747084,-0.11467455362529161,33.0,1000
1374357,7140,2.3415694123448505,2.0415694123448507,10.0,62
1374502,7141,2.89655776825388,2.59655776825388,10.0,145
1374574,7142,2.2243672064725133,2.2243672064725133,0.0,72
1375574,7143,-0.06847162747298974,-0.06847162747298974,0.0,1000
1375634,7144,2.3485805132775655,2.288580513277565,2.0,60
1375954,7145,2.396700641894739,2.396700641894739,0.0,320
1376059,7146,1.8465157602492228,1.6065157602492226,8.0,105
1376175,7147,2.920590106640214,2.770590106640214,5.0,116
1376368,7148,2.806061630727167,2.2960616307271673,17.0,193
1376439,7149,2.525519183916175,2.525519183916175,0.0,71
1376594,7150,2.791784848685049,2.251784848685049,18.0,155
1376628,7151,1.5276166979805403,1.5276166979805403,0.0,34
1376731,7152,1.2660596218372886,1.2660596218372886,0.0,103
1376816,7153,3.0502923332693586,2.6902923332693582,12.0,85
1376941,7154,3.501847432254011,2.811847432254011,23.0,125
1377008,7155,1.882500876591017,1.822500876591017,2.0,67
1377222,7156,1.8780457140291813,0.5280457140291797,45.0,214
1377506,7157,3.552913513873852,3.0729135138738517,16.0,284
1377566,7158,1.8328191156500226,1.8328191156500226,0.0,60
1377635,7159,2.3307551645308737,2.300755164530874,1.0,69
1377732,7160,3.3463829777553857,3.016382977755385,11.0,97
1377826,7161,2.7607859186461594,2.3107859186461583,15.0,94
1377919,7162,2.2935709523018932,2.263570952301893,1.0,93
1378045,7163,3.193882748559308,2.5338827485593076,22.0,126
1378187,7164,1.9330098269535547,1.9030098269535547,1.0,142
1379187,7165,-0.2208241660222705,-0.2208241660222705,0.0,1000
1380187,7166,0.09044805887673091,0.03044805887673091,2.0,1000
1380413,7167,3.3628905362815456,3.002890536281545,12.0,226
1380473,7168,1.7035008318801892,1.7035008318801892,0.0,60
1380575,7169,2.0668733741545244,2.0668733741545244,0.0,102
1380648,7170,2.4005383846321426,1.650538384632142,25.0,73
1381648,7171,0.5944188603031678,-19.205581139696836,660.0,1000
1381905,7172,2.185502530286269,2.095502530286269,3.0,257
1382111,7173,1.7247693519852065,1.484769351985206,8.0,206
1383111,7174,-0.0604081925976272,-0.0604081925976272,0.0,1000
1383262,7175,3.451998350862747,3.451998350862747,0.0,151
1383329,7176,1.9440592491593542,1.2540592491593539,23.0,67
1383398,7177,1.958277874228958,1.7182778742289577,8.0,69
1383490,7178,1.378650551008968,1.378650551008968,0.0,92
1383593,7179,1.6309417739062555,1.6309417739062555,0.0,103
1383616,7180,1.2484436677139918,1.2484436677139918,0.0,23
1383672,7181,2.017061784498285,1.7770617844982848,8.0,56
1383820,7182,2.8197003835290095,2.63970038352901,6.0,148
1384344,7183,3.1816650775817257,2.1916650775817255,33.0,524
1384396,7184,1.8557488665188377,1.8557488665188377,0.0,52
1384500,7185,1.4475675203796765,1.4475675203796765,0.0,104
1384982,7186,3.3045831189235235,2.8845831189235227,14.0,482
1385067,7187,1.358405533699506,1.358405533699506,0.0,85
1386067,7188,-2.3604940126483567,-2.3604940126483567,0.0,1000
1386138,7189,2.2315450699587283,2.2315450699587283,0.0,71
1386207,7190,1.9355383130315653,1.9355383130315653,0.0,69
1387207,7191,-0.8656398000295362,-0.8656398000295362,0.0,1000
1387262,7192,2.1039207794198607,1.6539207794198603,15.0,55
1387330,7193,2.0130821130928194,1.7730821130928192,8.0,68
1387407,7194,2.545272528390388,2.545272528390388,0.0,77
1388407,7195,1.0239982277622581,-11.816001772237746,428.0,1000
1388598,7196,1.6669660134443784,0.5269660134443779,38.0,191
1388693,7197,1.9989405616064804,1.9989405616064804,0.0,95
1388772,7198,2.8768926206297465,2.7868926206297466,3.0,79
1388797,7199,1.3058484317967067,1.3058484317967067,0.0,25
1388870,7200,2.7412430071189737,2.4412430071189735,10.0,73
1388953,7201,2.87859641123669,2.87859641123669,0.0,83
1389326,7202,3.3560590741946643,0.7160590741946623,88.0,373
1389412,7203,1.8512557462514252,1.8512557462514252,0.0,86
1390263,7204,3.7593916755305608,2.46939167553056,43.0,851
1390309,7205,1.8238453231601215,1.8238453231601215,0.0,46
1390577,7206,2.5817610121829753,1.6817610121829745,30.0,268
1390604,7207,1.3503291207053905,1.3503291207053905,0.0,27
1390707,7208,1.4373941394324234,0.4773941394324228,32.0,103
1390813,7209,1.617931532945034,1.617931532945034,0.0,106
1391813,7210,-0.6568642757363481,-0.6568642757363481,0.0,1000
1391854,7211,1.7049374457363056,1.7049374457363056,0.0,41
1391893,7212,1.7287838994677485,1.7287838994677485,0.0,39
1391975,7213,2.441910324612076,2.441910324612076,0.0,82
1392053,7214,2.9592506994864083,2.9592506994864083,0.0,78
1393053,7215,-0.1774720604107496,-0.1774720604107496,0.0,1000
1393298,7216,2.4147403243211185,-0.7952596756788821,107.0,245
1393367,7217,1.8312230182519744,1.8312230182519744,0.0,69
1394367,7218,-0.14475305883194678,-0.14475305883194678,0.0,1000
1394470,7219,2.562506089463006,2.562506089463006,0.0,103
1394588,7220,1.709979104582298,1.409979104582298,10.0,118
1394740,7221,2.780697346689948,2.240697346689948,18.0,152
1394869,7222,2.6896245806999346,2.6896245806999346,0.0,129
1394965,7223,2.8914600721632704,2.8014600721632705,3.0,96
1395019,7224,1.8855963500559114,1.8855963500559114,0.0,54
1395321,7225,2.246644250669104,1.796644250669104,15.0,302
1395382,7226,1.8740336235574928,1.4540336235574927,14.0,61
1395448,7227,1.7637812616560575,1.7637812616560575,0.0,66
1395552,7228,3.122794259043199,2.4927942590431984,21.0,104
1395576,7229,1.274643971415601,1.274643971415601,0.0,24
1395643,7230,1.7327216784430244,1.5527216784430244,6.0,67
1396643,7231,-1.2559672823534558,-1.2559672823534558,0.0,1000
1397643,7232,0.3040742438370483,-3.3559257561629465,122.0,1000
1397761,7233,2.07812177455485,1.2081217745548494,29.0,118
1397857,7234,3.017916335690578,3.017916335690578,0.0,96
1397907,7235,1.4012184076117964,1.4012184076117964,0.0,50
1398021,7236,2.2647575092983114,1.994757509298311,9.0,114
1398068,7237,1.844346216615855,1.844346216615855,0.0,47
1398167,7238,3.201899712559453,3.201899712559453,0.0,99
1398249,7239,3.128573056495404,3.0385730564954043,3.0,82
1398315,7240,2.5238770227567007,2.133877022756701,13.0,66
1398369,7241,1.8497903601880958,1.8497903601880958,0.0,54
1398397,7242,1.3493927090905666,1.3493927090905666,0.0,28
1398480,7243,1.3773220199836878,1.3173220199836877,2.0,83
1398669,7244,2.313274939102957,1.8032749391029572,17.0,189
1398794,7245,3.3084323508094,3.1284323508094003,6.0,125
1398935,7246,2.422998589545383,2.0629985895453826,12.0,141
1399054,7247,1.8565186189485992,1.8565186189485992,0.0,119
1399246,7248,2.5354708125844496,2.3254708125844497,7.0,192
1399378,7249,2.1853789309436142,1.8553789309436142,11.0,132
1399479,7250,1.9594441222960877,1.9594441222960877,0.0,101
1399589,7251,2.669285738478778,2.3092857384787777,12.0,110
1399635,7252,1.9118024456061669,1.9118024456061669,0.0,46
1399661,7253,1.3109884806037972,1.3109884806037972,0.0,26
1399865,7254,1.647541934979351,1.3175419349793507,11.0,204
1399980,7255,2.1296939433393116,2.1296939433393116,0.0,115
1400197,7256,3.037999605917092,2.5879996059170933,15.0,217
1400314,7257,2.2270691867221597,2.0170691867221597,7.0,117
1400393,7258,2.886454322495748,2.886454322495748,0.0,79
1400495,7259,3.104653286689069,2.7146532866890682,13.0,102
1400564,7260,2.532135715419723,2.532135715419723,0.0,69
1400708,7261,1.7720933331634217,1.7720933331634217,0.0,144
1400840,7262,1.606852581692047,1.606852581692047,0.0,132
1400888,7263,1.9823090937414183,1.9823090937414183,0.0,48
1400957,7264,2.4700733944866613,2.4700733944866613,0.0,69
1401033,7265,1.7133739616639365,1.7133739616639365,0.0,76
1401060,7266,1.3400710250265042,1.3400710250265042,0.0,27
1401165,7267,1.7017426540050655,1.5517426540050656,5.0,105
1401458,7268,2.108235595610309,2.108235595610309,0.0,293
1401524,7269,1.9379984261806231,1.877998426180623,2.0,66
1401742,7270,2.183232806835396,2.0932328068353963,3.0,218
1401873,7271,1.368093042364197,1.368093042364197,0.0,131
1401940,7272,2.541417232491831,2.541417232491831,0.0,67
1401986,7273,1.9058035953522698,1.8758035953522698,1.0,46
1402055,7274,2.5971013836779506,2.237101383677951,12.0,69
1402135,7275,2.6303887933040304,2.6303887933040304,0.0,80
1402842,7276,3.124098100501666,1.4740981005016653,55.0,707
1402941,7277,1.482498656240005,1.242498656240005,8.0,99
1403061,7278,2.1853501469953445,2.035350146995344,5.0,120
1403279,7279,2.762839821440709,2.6128398214407085,5.0,218
1403979,7280,2.977515721177611,2.2575157211776102,24.0,700
1404017,7281,1.340555643056177,1.340555643056177,0.0,38
1404096,7282,2.7329640775939676,2.7329640775939676,0.0,79
1404156,7283,1.8884495736929596,1.8884495736929596,0.0,60
1405156,7284,0.17195509985697255,0.17195509985697255,0.0,1000
1405325,7285,2.047892402600864,2.047892402600864,0.0,169
1406325,7286,-0.42762581253138165,-16.98762581253139,552.0,1000
1406442,7287,1.9629813426661942,1.9629813426661942,0.0,117
1406687,7288,1.9990294216422977,1.489029421642297,17.0,245
1406767,7289,2.5287979937641465,2.3787979937641466,5.0,80
1407068,7290,3.4237895226580553,3.4237895226580553,0.0,301
1407186,7291,2.654945664072198,2.6249456640721975,1.0,118
1407280,7292,2.0589549366866122,2.0589549366866122,0.0,94
1407390,7293,3.6229539423431403,3.29295394234314,11.0,110
1407466,7294,2.313990868303676,2.283990868303676,1.0,76
1407502,7295,1.3159379428776483,1.3159379428776483,0.0,36
1407580,7296,2.8369933449909968,2.146993344990997,23.0,78
1407626,7297,1.8669273270167752,1.8669273270167752,0.0,46
1407740,7298,1.770690270496976,1.710690270496976,2.0,114
1408102,7299,3.272689337328192,1.5626893373281923,57.0,362
1408200,7300,3.1151136667542687,2.9051136667542687,7.0,98
1408361,7301,3.796687662263179,1.8766876622631776,64.0,161
1408472,7302,1.4527079736188029,1.4527079736188029,0.0,111
1408589,7303,1.6962349033202584,1.6962349033202584,0.0,117
1408628,7304,1.7395774456815745,1.7395774456815745,0.0,39
1408682,7305,2.227333873588634,1.9873338735886341,8.0,54
1408799,7306,2.051012617258096,2.051012617258096,0.0,117
1409199,7307,2.552617687183823,-0.8673823128161771,114.0,400
1409303,7308,2.174329373969647,1.9943293739696468,6.0,104
1409353,7309,2.0585683752589348,1.7885683752589345,9.0,50
1409416,7310,2.4300356113311024,2.4300356113311024,0.0,63
1410416,7311,0.13878607402191045,0.13878607402191045,0.0,1000
1410569,7312,2.339526800891128,2.279526800891128,2.0,153
1410610,7313,1.4518023516063485,1.4518023516063485,0.0,41
1410706,7314,3.427988838938044,2.977988838938043,15.0,96
1410778,7315,1.9349785069237233,1.3649785069237232,19.0,72
1410881,7316,3.426182115434279,2.6461821154342795,26.0,103
1410943,7317,2.2964239997467986,2.2964239997467986,0.0,62
1411200,7318,3.067017431882993,2.737017431882992,11.0,257
1411250,7319,2.0394887995134408,2.0394887995134408,0.0,50
1411349,7320,3.4910099128087797,3.40100991280878,3.0,99
1411402,7321,1.7112054641317271,1.7112054641317271,0.0,53
1411456,7322,2.207443261760451,2.087443261760451,4.0,54
1411535,7323,1.577191076903879,1.577191076903879,0.0,79
1411629,7324,1.629300323622398,1.629300323622398,0.0,94
1411664,7325,1.5636473707797216,1.5636473707797216,0.0,35
1411736,7326,2.7348083801125656,2.6448083801125657,3.0,72
1411816,7327,1.4357484258884998,1.4357484258884998,0.0,80
1412816,7328,-0.32415823718721204,-13.674158237187212,445.0,1000
1412886,7329,2.533530831873858,2.533530831873858,0.0,70
1412918,7330,1.516030375193501,1.516030375193501,0.0,32
1412985,7331,2.5329792957767783,2.1729792957767784,12.0,67
1413066,7332,2.378877110445192,1.9288771104451916,15.0,81
1413171,7333,3.1932835088860365,3.1932835088860365,0.0,105
1413261,7334,3.2564488949081603,2.86644889490816,13.0,90
1413314,7335,2.0766260823054603,1.8366260823054605,8.0,53
1414314,7336,-1.861558888011674,-2.491558888011675,21.0,1000
1414354,7337,1.784783456887926,1.784783456887926,0.0,40
1414421,7338,2.5173605168304483,2.1873605168304486,11.0,67
1414452,7339,1.421364824145568,1.421364824145568,0.0,31
1414480,7340,1.3253690763990964,1.3253690763990964,0.0,28
1414634,7341,2.844596786033228,2.4845967860332276,12.0,154
1414755,7342,2.781988762030307,2.241988762030307,18.0,121
1415755,7343,0.11646715678987718,0.11646715678987718,0.0,1000
1415824,7344,2.1218426268000936,2.1218426268000936,0.0,69
1416824,7345,0.013512213008165741,0.013512213008165741,0.0,1000
1416886,7346,1.941749205426953,1.5217492054269528,14.0,62
1417792,7347,3.511036882512676,-0.0889631174873231,120.0,906
1417822,7348,1.4315706472219907,1.4315706472219907,0.0,30
1418569,7349,3.139342489823888,2.899342489823888,8.0,747
1418773,7350,3.4025708498765397,3.0425708498765394,12.0,204
1418825,7351,1.690969811614205,1.690969811614205,0.0,52
1419825,7352,0.2756351007979396,0.2756351007979396,0.0,1000
1420825,7353,0.011813884890878867,0.011813884890878867,0.0,1000
1420863,7354,1.6878199558935574,1.6878199558935574,0.0,38
1420953,7355,2.955772534582719,2.5657725345827185,13.0,90
1421066,7356,1.5806639161985994,0.38066391619859874,40.0,113
1421203,7357,2.1146784315939926,1.154678431593992,32.0,137
1421312,7358,2.334508210026519,2.034508210026519,10.0,109
1421337,7359,1.3029941544516188,1.3029941544516188,0.0,25
1421483,7360,2.5136278330647803,2.36362783306478,5.0,146
1421546,7361,1.6491742525875916,1.5591742525875918,3.0,63
1421730,7362,2.563987120362075,2.5339871203620747,1.0,184
1421848,7363,3.539231364703365,3.4792313647033652,2.0,118
1421910,7364,2.4809062874110133,2.4809062874110133,0.0,62
1422034,7365,3.3952844183742754,3.2152844183742757,6.0,124
1422404,7366,2.29431205623991,1.7843120562399104,17.0,370
1422902,7367,3.202782020979895,2.7827820209798952,14.0,498
1422982,7368,2.154880626943841,1.704880626943841,15.0,80
1423086,7369,2.6115635520163827,1.7715635520163824,28.0,104
1423170,7370,3.0544488734682664,2.8444488734682665,7.0,84
1423334,7371,2.0919887912661403,1.6119887912661395,16.0,164
1423380,7372,1.9135007377955762,1.5835007377955757,11.0,46
1424380,7373,-0.2256879422348912,-0.2556879422348912,1.0,1000
1424430,7374,1.927812946954331,1.5678129469543307,12.0,50
1424462,7375,1.3318625015214889,1.3318625015214889,0.0,32
1424522,7376,2.33503744239694,2.33503744239694,0.0,60
1424676,7377,2.2733447694289293,1.0733447694289286,40.0,154
1424753,7378,2.326450051770326,2.296450051770326,1.0,77
1424866,7379,3.6569644290656056,3.6269644290656062,1.0,113
1424959,7380,1.8897388173603373,1.8897388173603373,0.0,93
1425017,7381,1.5457918503495551,1.5457918503495551,0.0,58
1425124,7382,1.8048613128050879,1.8048613128050879,0.0,107
1425166,7383,1.7564369281359111,1.7564369281359111,0.0,42
1425288,7384,2.0239773741423517,1.6339773741423516,13.0,122
1425353,7385,2.4148292129827675,2.1748292129827673,8.0,65
1426353,7386,-0.03668999800390438,-0.03668999800390438,0.0,1000
1426449,7387,2.7362212211889956,2.3762212211889953,12.0,96
1426664,7388,2.2292676326459184,2.019267632645918,7.0,215
1426717,7389,2.15831096330919,2.0083109633091905,5.0,53
1426794,7390,2.276238469169039,1.8562384691690383,14.0,77
1426871,7391,1.3403714779311755,1.3403714779311755,0.0,77
1426946,7392,2.386026787280856,2.0260267872808555,12.0,75
1427051,7393,1.3923212705343178,1.3923212705343178,0.0,105
1427080,7394,1.3048939325988655,1.3048939325988655,0.0,29
1427114,7395,1.5113845168834685,1.5113845168834685,0.0,34
1427168,7396,1.9829871173582234,1.5329871173582235,15.0,54
1427206,7397,1.684281996972898,1.654281996972898,1.0,38
1427264,7398,1.7449391228225517,1.7449391228225517,0.0,58
1428264,7399,0.44744669485126254,0.44744669485126254,0.0,1000
1428318,7400,2.142101918684614,1.8421019186846135,10.0,54
1428413,7401,3.2399179691384647,2.879917969138465,12.0,95
1428504,7402,1.4792566354506684,1.4792566354506684,0.0,91
1429039,7403,1.456515246751152,1.2465152467511518,7.0,535
1429096,7404,1.6354700675530573,1.6354700675530573,0.0,57
1429214,7405,2.1403599651937784,2.0503599651937785,3.0,118
1429283,7406,2.6332898293036124,2.2732898293036112,12.0,69
1430204,7407,3.5585350387567702,3.198535038756771,12.0,921
1430454,7408,1.4298366034976877,1.4298366034976877,0.0,250
1430689,7409,2.918212548899856,1.2682125488998546,55.0,235
1431037,7410,2.3185903314962677,1.988590331496268,11.0,348
1431142,7411,2.2505930566803327,2.2205930566803325,1.0,105
1431570,7412,2.727912356186142,-3.8120876438138582,218.0,428
1431651,7413,2.8616721789934036,2.321672178993404,18.0,81
1431753,7414,1.8088750401947338,0.42887504019473277,46.0,102
1431872,7415,3.4241520511707715,2.7041520511707713,24.0,119
1431946,7416,2.59036861297961,2.59036861297961,0.0,74
1431996,7417,1.964164127532586,1.964164127532586,0.0,50
1432029,7418,1.5366902049453564,1.5366902049453564,0.0,33
1432096,7419,2.2340180974690336,2.2040180974690338,1.0,67
1432261,7420,2.3711399117945993,1.8311399117945992,18.0,165
1432359,7421,2.821109243268146,2.701109243268146,4.0,98
1432385,7422,1.3293037943931205,1.3293037943931205,0.0,26
1432410,7423,1.279842195110755,1.279842195110755,0.0,25
1432512,7424,3.1925040240175564,2.8625040240175554,11.0,102
1432552,7425,1.6783072333306261,1.558307233330626,4.0,40
1432617,7426,2.400479061551995,2.400479061551995,0.0,65
1432889,7427,1.6363386681491576,1.6363386681491576,0.0,272
1432957,7428,2.4447571361342977,2.324757136134298,4.0,68
1433023,7429,2.445477159403701,2.1754771594037003,9.0,66
1433104,7430,2.846877297677417,2.396877297677417,15.0,81
1433191,7431,1.2982907485797335,1.2982907485797335,0.0,87
1433278,7432,3.0399715452656135,2.7699715452656135,9.0,87
1433350,7433,2.2787597282381036,2.2787597282381036,0.0,72
1433446,7434,1.7030559360879303,1.3130559360879301,13.0,96
1433480,7435,1.5393036299831429,1.5393036299831429,0.0,34
1433562,7436,2.8021744937835726,2.772174493783573,1.0,82
1433616,7437,2.064164757387379,2.064164757387379,0.0,54
1433690,7438,1.8793990476777025,1.8793990476777025,0.0,74
1433875,7439,2.1549736531094212,2.1549736531094212,0.0,185
1433991,7440,1.6371995897371536,0.9771995897371535,22.0,116
1434080,7441,1.528475945011532,1.528475945011532,0.0,89
1434135,7442,1.535535915606516,1.535535915606516,0.0,55
1434205,7443,1.8262680608871764,1.8262680608871764,0.0,70
1434303,7444,2.3723204495961188,2.3723204495961188,0.0,98
1434494,7445,2.715509572750431,1.5755095727504311,38.0,191
1434581,7446,2.1109283836862547,2.1109283836862547,0.0,87
1434643,7447,1.3352275155760256,1.3352275155760256,0.0,62
1434737,7448,3.166569386264409,2.656569386264408,17.0,94
1434796,7449,2.3278082841012284,2.0878082841012287,8.0,59
1434846,7450,1.9909200689154476,1.6009200689154475,13.0,50
1434889,7451,1.7682007062383382,1.7682007062383382,0.0,43
1435153,7452,3.1114756543835704,2.781475654383571,11.0,264
1435208,7453,1.968470524110146,1.6084705241101458,12.0,55
1435293,7454,1.3228679849942673,1.3228679849942673,0.0,85
1435374,7455,1.2437739085278754,1.2437739085278754,0.0,81
1435418,7456,1.488202558747628,1.488202558747628,0.0,44
1435537,7457,1.9806191420072126,1.8606191420072125,4.0,119
1435590,7458,2.209944340444246,2.209944340444246,0.0,53
1435654,7459,2.4215982363253925,2.3315982363253926,3.0,64
1435787,7460,2.846326292868611,2.756326292868611,3.0,133
1435972,7461,3.338143899298168,3.2781438992981675,2.0,185
1436015,7462,1.8155113448432714,1.8155113448432714,0.0,43
1436150,7463,1.6219137816731681,1.6219137816731681,0.0,135
1436205,7464,2.160641429834417,2.160641429834417,0.0,55
1436283,7465,2.6495784044343225,2.6495784044343225,0.0,78
1436354,7466,2.5547533093954637,2.374753309395463,6.0,71
1436548,7467,2.0838728459243496,0.2538728459243479,61.0,194
1436664,7468,3.63024667625509,3.0302466762550893,20.0,116
1436730,7469,2.4118205730529474,2.4118205730529474,0.0,66
1436787,7470,2.3273061382683395,2.3273061382683395,0.0,57
1436902,7471,2.025531072433191,2.025531072433191,0.0,115
1437021,7472,2.105868003056285,1.475868003056285,21.0,119
1437104,7473,1.7120944658429649,1.7120944658429649,0.0,83
1437139,7474,1.3592131239552019,1.3592131239552019,0.0,35
1437226,7475,3.0251241397324464,2.725124139732447,10.0,87
1437636,7476,3.3927025565813302,2.9127025565813307,16.0,410
1437765,7477,2.2742942337381105,2.1842942337381106,3.0,129
1437831,7478,2.580674426807531,2.580674426807531,0.0,66
1438020,7479,1.6796610035451636,1.6796610035451636,0.0,189
1438056,7480,1.6191426578627062,1.6191426578627062,0.0,36
1438172,7481,3.4565619911752674,3.3365619911752673,4.0,116
1438278,7482,1.4507913688632184,1.4507913688632184,0.0,106
1438307,7483,1.4156486641810495,1.4156486641810495,0.0,29
1438396,7484,1.4302466301727887,1.4302466301727887,0.0,89
1438441,7485,1.7362315351831825,1.7362315351831825,0.0,45
1438495,7486,2.0667938083770157,2.0067938083770156,2.0,54
1438546,7487,2.0754332204148995,1.7154332204148994,12.0,51
1438637,7488,1.4182889593732027,1.4182889593732027,0.0,91
1438730,7489,3.0574050109758497,2.8474050109758493,7.0,93
1438820,7490,1.2829753485786393,1.2829753485786393,0.0,90
1438849,7491,1.3758569232082494,1.3758569232082494,0.0,29
1438947,7492,1.69795837054079,1.66795837054079,1.0,98
1439053,7493,2.141619897368843,2.141619897368843,0.0,106
1439127,7494,2.7845435754438803,2.5145435754438807,9.0,74
1439258,7495,2.880614132727781,2.4006141327277817,16.0,131
1439313,7496,1.919822553716029,1.919822553716029,0.0,55
1439389,7497,2.78042203253797,2.2704220325379696,17.0,76
1439531,7498,2.19675073617017,1.5067507361701697,23.0,142
1440531,7499,0.748867663467043,-17.91113233653294,622.0,1000
1440614,7500,2.5621552604577156,1.932155260457715,21.0,83
1441614,7501,-0.5991830983392434,-0.5991830983392434,0.0,1000
1441707,7502,2.983361517673627,2.6833615176736267,10.0,93
1441818,7503,1.942874581324478,1.792874581324478,5.0,111
1442136,7504,3.5364435979705644,2.7564435979705646,26.0,318
1442179,7505,1.4093108269160708,1.4093108269160708,0.0,43
1442255,7506,2.6505239960634026,2.6505239960634026,0.0,76
1442472,7507,2.6244459255379518,2.234445925537951,13.0,217
1442597,7508,3.3453736308374786,3.045373630837479,10.0,125
1442670,7509,1.334078451604308,1.334078451604308,0.0,73
1442758,7510,1.4895677314337972,0.34956773143379727,38.0,88
1442817,7511,1.90450229044876,1.84450229044876,2.0,59
1442850,7512,1.3792535204321668,1.3792535204321668,0.0,33
1442929,7513,2.932655396123606,2.872655396123606,2.0,79
1443016,7514,3.013716642809479,2.9537166428094785,2.0,87
1443160,7515,3.0340563686861923,2.794056368686192,8.0,144
1443242,7516,1.6392946365088192,1.6392946365088192,0.0,82
1443705,7517,2.223975158868466,0.633975158868465,53.0,463
1443806,7518,3.475597425925259,2.6355974259252584,28.0,101
1443840,7519,1.5646685313437299,1.5646685313437299,0.0,34
1443955,7520,1.9054182747452584,1.7554182747452582,5.0,115
1444011,7521,1.998163263446487,1.998163263446487,0.0,56
1445011,7522,0.21432627722737507,-0.23567372277262494,15.0,1000
1445043,7523,1.498607257010704,1.498607257010704,0.0,32
1446043,7524,-0.7327728479988891,-2.892772847998888,72.0,1000
1446154,7525,3.6151746106660285,3.6151746106660285,0.0,111
1446206,7526,1.7025538401746672,1.7025538401746672,0.0,52
1446366,7527,1.9620917856143087,1.9620917856143087,0.0,160
1446702,7528,2.3360680885854306,1.1960680885854296,38.0,336
1447345,7529,3.4424169077963374,3.052416907796337,13.0,643
1448345,7530,-0.9241433659403131,-2.4241433659403118,50.0,1000
1448376,7531,1.4801993396405178,1.4801993396405178,0.0,31
1448443,7532,2.558680826683343,2.558680826683343,0.0,67
1448623,7533,2.2445255669535493,1.854525566953549,13.0,180
1448703,7534,1.4971367877418584,1.4971367877418584,0.0,80
1449442,7535,2.902142108555082,-2.4378578914449176,178.0,739
1450442,7536,-0.01717467644570192,-0.01717467644570192,0.0,1000
1450570,7537,2.137480024694767,2.137480024694767,0.0,128
1450668,7538,1.327728986341907,1.327728986341907,0.0,98
1450792,7539,2.207116253229575,2.1471162532295747,2.0,124
1450934,7540,2.5197217582375533,2.5197217582375533,0.0,142
1451005,7541,2.7103601714136842,2.7103601714136842,0.0,71
1451048,7542,1.8604402203127686,1.8604402203127686,0.0,43
1451118,7543,2.734257500839184,2.3742575008391844,12.0,70
1451216,7544,1.4609117129318538,1.4609117129318538,0.0,98
1451328,7545,3.4521598321768945,2.732159832176894,24.0,112
1451387,7546,2.2406863640404966,2.2106863640404963,1.0,59
1452387,7547,-0.12120789645288621,-0.12120789645288621,0.0,1000
1452429,7548,1.501292592234825,1.501292592234825,0.0,42
1452473,7549,1.7696068593030294,1.4396068593030291,11.0,44
1452538,7550,2.465936813603691,2.315936813603691,5.0,65
1452634,7551,2.26896443801603,1.96896443801603,10.0,96
1452702,7552,2.581320774935664,2.401320774935664,6.0,68
1452789,7553,3.0867586545243126,2.9667586545243125,4.0,87
1452852,7554,2.3344028853958623,1.8544028853958618,16.0,63
1452947,7555,3.0761180905522933,2.9561180905522932,4.0,95
1452982,7556,1.597810014015805,1.597810014015805,0.0,35
1453076,7557,2.4595363444494933,2.309536344449493,5.0,94
1453113,7558,1.650044905961321,1.650044905961321,0.0,37
1454113,7559,0.3048991024359995,0.2148991024359994,3.0,1000
1454219,7560,2.9038686095152313,2.363868609515231,18.0,106
1454331,7561,1.6722463405306294,1.6722463405306294,0.0,112
1454385,7562,2.2276114875647295,2.16761148756473,2.0,54
1455385,7563,0.5694138127501953,-15.510586187249775,536.0,1000
1455463,7564,2.6960347888940337,2.666034788894034,1.0,78
1455599,7565,2.5427870526804606,2.39278705268046,5.0,136
1455645,7566,1.8560602894228981,1.8560602894228981,0.0,46
1456645,7567,-0.2899491234278502,-0.2899491234278502,0.0,1000
1456745,7568,1.5632052734710788,1.5632052734710788,0.0,100
1456882,7569,1.8893636785006902,1.8893636785006902,0.0,137
1457065,7570,1.9453358076100873,1.7353358076100873,7.0,183
1457284,7571,3.3033323100538867,2.793332310053887,17.0,219
1457424,7572,2.310975888465609,2.1909758884656085,4.0,140
1457517,7573,2.0422907807512094,1.352290780751209,23.0,93
1457708,7574,2.9046032285886696,2.9046032285886696,0.0,191
1457833,7575,3.4338318667188963,3.4338318667188963,0.0,125
1457897,7576,2.2675609577955127,2.2675609577955127,0.0,64
1457934,7577,1.5900662985346363,1.5900662985346363,0.0,37
1457996,7578,2.4109639258973226,2.4109639258973226,0.0,62
1458040,7579,1.8204394831987591,1.8204394831987591,0.0,44
1458087,7580,1.8776569998104777,1.8776569998104777,0.0,47
1458156,7581,2.668821422246987,2.3688214222469877,10.0,69
1458221,7582,2.5370291531993194,2.507029153199319,1.0,65
1458352,7583,1.9275814880458793,1.9275814880458793,0.0,131
1458429,7584,2.651920099734184,2.2919200997341838,12.0,77
1458536,7585,3.7046340317981783,3.494634031798179,7.0,107
1458596,7586,1.6966946214778247,1.6966946214778247,0.0,60
1458732,7587,2.4756808060666002,2.2356808060666005,8.0,136
1458823,7588,2.790378951040618,2.790378951040618,0.0,91
1458966,7589,2.7264860843706136,2.306486084370614,14.0,143
1459966,7590,-0.5522014364493866,-1.3322014364493873,26.0,1000
1460046,7591,2.4218803829243836,2.4218803829243836,0.0,80
1460833,7592,2.6045126769290143,0.11451267692901279,83.0,787
1460906,7593,2.7670144264968473,2.3770144264968467,13.0,73
1461007,7594,2.9331009226213247,2.9331009226213247,0.0,101
1461097,7595,3.089977394406071,2.6399773944060705,15.0,90
1461225,7596,2.436299909826155,1.5662999098261547,29.0,128
1461288,7597,1.7428158893264725,1.6528158893264724,3.0,63
1461350,7598,2.277377085315333,2.157377085315333,4.0,62
1461384,7599,1.5440957977531675,1.5440957977531675,0.0,34
1461493,7600,2.2813133096644638,2.1313133096644643,5.0,109
1461531,7601,1.6796712138638075,1.4996712138638075,6.0,38
1462531,7602,0.5821564075015735,0.5821564075015735,0.0,1000
1462603,7603,2.6935928092121832,2.3035928092121836,13.0,72
1462689,7604,2.200565406659726,2.200565406659726,0.0,86
1462837,7605,2.813727762130471,2.813727762130471,0.0,148
1462867,7606,1.4283249919725274,1.4283249919725274,0.0,30
1462981,7607,3.4676407248131706,3.197640724813171,9.0,114
1463090,7608,1.5371877074616858,1.3571877074616858,6.0,109
1463194,7609,1.3241386317236212,0.3341386317236209,33.0,104
1463320,7610,1.8079760911273897,1.7479760911273896,2.0,126
1463412,7611,3.219094019785637,3.159094019785637,2.0,92
1463452,7612,1.758357160102391,1.758357160102391,0.0,40
1463489,7613,1.3068202234359734,1.3068202234359734,0.0,37
1464299,7614,3.7207382717582784,3.090738271758278,21.0,810
1464529,7615,2.0780822683406397,2.0780822683406397,0.0,230
1464622,7616,3.1533370700815055,2.4033370700815055,25.0,93
1464664,7617,1.7153771550552652,1.7153771550552652,0.0,42
1464731,7618,2.5351292870043998,2.5351292870043998,0.0,67
1464849,7619,1.4971039630144611,1.4971039630144611,0.0,118
1465533,7620,3.3862447919238488,3.2662447919238486,4.0,684
1465616,7621,2.6769856683753757,1.9269856683753757,25.0,83
1465692,7622,2.857795375983319,2.5877953759833185,9.0,76
1465753,7623,2.2196198039458745,2.2196198039458745,0.0,61
1465865,7624,1.961378322067333,1.421378322067333,18.0,112
1465994,7625,3.746847542152366,3.0568475421523638,23.0,129
1466035,7626,1.470184986390327,1.470184986390327,0.0,41
1466136,7627,1.266350607861177,1.266350607861177,0.0,101
1466336,7628,2.8422611410695815,1.792261141069582,35.0,200
1466389,7629,1.854428228093671,1.854428228093671,0.0,53
1467389,7630,0.19151033266704687,0.19151033266704687,0.0,1000
1467453,7631,2.444540586283174,2.384540586283174,2.0,64
1467538,7632,1.4455755204851788,1.4455755204851788,0.0,85
1467698,7633,3.1644427321496074,3.1644427321496074,0.0,160
1467754,7634,2.274675354336373,2.274675354336373,0.0,56
1468754,7635,0.5709863578791675,-5.069013642120824,188.0,1000
1468976,7636,3.4772832288171918,3.387283228817191,3.0,222
1469014,7637,1.5956233808938287,1.5956233808938287,0.0,38
1469093,7638,2.6651577944532385,1.8551577944532378,27.0,79
1469216,7639,1.6561473866198824,0.7261473866198822,31.0,123
1469420,7640,2.1192425452723285,1.9992425452723284,4.0,204
1469478,7641,2.2290379169264147,2.1690379169264147,2.0,58
1469520,7642,1.712936999112632,1.3529369991126319,12.0,42
1469607,7643,2.558621415000477,2.2586214150004764,10.0,87
1469667,7644,2.059367926708304,2.059367926708304,0.0,60
1469811,7645,2.5595512442997177,2.5595512442997177,0.0,144
1470224,7646,3.1355614412918174,2.475561441291817,22.0,413
1470315,7647,3.1616009188971237,2.8016009188971225,12.0,91
1470381,7648,1.7334510850090985,1.7334510850090985,0.0,66
1470508,7649,2.2422626948503295,1.7022626948503288,18.0,127
1471508,7650,-0.43752804084962005,-0.43752804084962005,0.0,1000
1471613,7651,1.7778986534931585,0.3078986534931578,49.0,105
1471669,7652,2.2051171643349936,2.2051171643349936,0.0,56
1471729,7653,1.7196354433430607,1.689635443343061,1.0,60
1471839,7654,1.4820848823193284,1.4820848823193284,0.0,110
1471881,7655,1.7993506725141146,1.7993506725141146,0.0,42
1471995,7656,2.200278527463561,2.110278527463561,3.0,114
1472037,7657,1.7625586566100424,1.7625586566100424,0.0,42
1472350,7658,3.0416419711828278,1.301641971182827,58.0,313
1472438,7659,2.55685205494874,2.1668520549487393,13.0,88
1472539,7660,3.44032681578354,3.1403268157835393,10.0,101
1472782,7661,1.6187709213074861,1.378770921307486,8.0,243
1472928,7662,1.6641138550010703,1.6041138550010703,2.0,146
1472983,7663,2.038993122997434,2.038993122997434,0.0,55
1473149,7664,2.085285598293397,2.085285598293397,0.0,166
1473233,7665,2.728396986795919,2.728396986795919,0.0,84
1473285,7666,2.1546772623082546,1.8246772623082546,11.0,52
1473374,7667,1.4255529100506474,0.015552910050646518,47.0,89
1473423,7668,1.9606143389573047,1.9606143389573047,0.0,49
1473557,7669,2.814331808896388,2.724331808896388,3.0,134
1473631,7670,2.9166719529305998,2.9166719529305998,0.0,74
1473744,7671,1.592322323447903,1.5623223234479031,1.0,113
1473904,7672,3.2192518981213123,3.1292518981213133,3.0,160
1473992,7673,2.8811179966554086,2.4311179966554084,15.0,88
1474202,7674,2.6400888750242038,2.340088875024203,10.0,210
1474305,7675,2.705196885777456,2.5551968857774563,5.0,103
1474470,7676,3.15191113181665,2.3419111318166506,27.0,165
1474554,7677,2.3517759027174687,2.3517759027174687,0.0,84
1474609,7678,1.9965981432423363,1.9965981432423363,0.0,55
1475609,7679,-4.167431219350742,-4.167431219350742,0.0,1000
1475706,7680,2.0327170518625883,2.0327170518625883,0.0,97
1475810,7681,1.6616469760051418,1.6616469760051418,0.0,104
1475953,7682,2.3836732675027985,2.203673267502799,6.0,143
1476091,7683,3.615659344109585,2.535659344109586,36.0,138
1476185,7684,1.9006242251275052,1.9006242251275052,0.0,94
1476346,7685,2.103668755965481,0.27366875596548,61.0,161
1476386,7686,1.7734804911993785,1.7734804911993785,0.0,40
1476509,7687,2.4338136736109597,2.07381367361096,12.0,123
1476583,7688,2.7747781288500994,2.7747781288500994,0.0,74
1476635,7689,2.1589354942953314,2.1589354942953314,0.0,52
1476819,7690,3.2256463006471012,1.9356463006471,43.0,184
1476880,7691,2.439777173131888,2.3797771731318877,2.0,61
1477816,7692,2.646912621572704,2.226912621572703,14.0,936
1477851,7693,1.6168201122056873,1.6168201122056873,0.0,35
1478113,7694,3.003799069764208,3.003799069764208,0.0,262
1478164,7695,1.687976102767915,1.687976102767915,0.0,51
1478325,7696,2.1573681957635573,1.6173681957635573,18.0,161
1478398,7697,2.62779738488919,2.4777973848891897,5.0,73
1478444,7698,1.918942987783456,1.858942987783456,2.0,46
1478622,7699,3.1619957776248615,1.961995777624862,40.0,178
1479622,7700,-0.21148658424795608,-12.661486584247939,415.0,1000
1479689,7701,1.9863088984851933,1.626308898485193,12.0,67
1479910,7702,2.815627009568346,2.815627009568346,0.0,221
1479934,7703,1.2802670608598947,1.2802670608598947,0.0,24
1480109,7704,3.1597787328342535,2.8297787328342534,11.0,175
1481109,7705,-0.036322154446291055,-0.48632215444629123,15.0,1000
1481225,7706,2.4374865358438615,1.1774865358438604,42.0,116
1482225,7707,0.3187031803244593,0.3187031803244593,0.0,1000
1482328,7708,3.6935276750390638,3.3335276750390648,12.0,103
1482401,7709,2.504794390594019,2.504794390594019,0.0,73
1483401,7710,-0.2611201848672575,-0.2611201848672575,0.0,1000
1483523,7711,2.822560994502143,2.3425609945021426,16.0,122
1483615,7712,2.955139623776023,2.6251396237760227,11.0,92
1483728,7713,2.7029947368605685,2.222994736860568,16.0,113
1483832,7714,1.9877894688440074,1.5977894688440069,13.0,104
1484832,7715,-2.6077067523037956,-2.967706752303796,12.0,1000
1484956,7716,1.6513767062899256,1.5613767062899258,3.0,124
1485009,7717,2.212397732614476,2.212397732614476,0.0,53
1485061,7718,2.1252190793650363,2.1252190793650363,0.0,52
1485144,7719,3.0730286766925565,3.0430286766925563,1.0,83
1485268,7720,2.170267224644753,0.6702672246447521,50.0,124
1485367,7721,3.601667846673555,3.0616678466735543,18.0,99
1486367,7722,-0.43702615439845305,-0.5570261543984532,4.0,1000
1486441,7723,2.111556969519744,1.9315569695197436,6.0,74
1486481,7724,1.7443047712154145,1.7443047712154145,0.0,40
1486523,7725,1.4276558186605848,1.4276558186605848,0.0,42
1487523,7726,-0.3528665759036045,-0.6528665759036045,10.0,1000
1487589,7727,2.2405541201347114,2.2405541201347114,0.0,66
1487632,7728,1.7439583622906687,1.7439583622906687,0.0,43
1487679,7729,1.947368487286036,1.917368487286036,1.0,47
1487748,7730,2.642414970702287,2.642414970702287,0.0,69
1488748,7731,-0.2756730209832088,-2.6756730209832074,80.0,1000
1488844,7732,2.928950434104056,2.778950434104056,5.0,96
1488903,7733,2.293464452521497,2.293464452521497,0.0,59
1489032,7734,2.3627157611678395,2.3627157611678395,0.0,129
1489352,7735,1.8474808178930526,1.0674808178930524,26.0,320
1489538,7736,2.6904143111426704,2.1804143111426697,17.0,186
1490538,7737,-0.03261575971833075,-0.03261575971833075,0.0,1000
1490632,7738,3.309714875953843,3.219714875953843,3.0,94
1490702,7739,2.6512320866641153,2.6512320866641153,0.0,70
1490758,7740,2.037078906449183,2.037078906449183,0.0,56
1491758,7741,0.07428128436328674,-0.5857187156367134,22.0,1000
1491825,7742,2.5157192385660165,2.4857192385660163,1.0,67
1491855,7743,1.4379310732547124,1.4379310732547124,0.0,30
1491918,7744,1.859707784670067,1.859707784670067,0.0,63
1492051,7745,2.1524010547132226,1.6724010547132224,16.0,133
1492132,7746,2.2500142398829848,2.2500142398829848,0.0,81
1492204,7747,2.7215091102471654,2.7215091102471654,0.0,72
1492352,7748,2.0800818724484365,2.0800818724484365,0.0,148
1492498,7749,2.4094515022125575,1.5994515022125568,27.0,146
1492563,7750,2.4613607963870137,2.4013607963870136,2.0,65
1492718,7751,2.5246410771762884,2.5246410771762884,0.0,155
1492801,7752,1.340959345275133,1.340959345275133,0.0,83
1493307,7753,2.497363002493273,1.1473630024932717,45.0,506
1493371,7754,2.136306626386464,2.136306626386464,0.0,64
1493453,7755,1.5948945501750322,1.5948945501750322,0.0,82
1493505,7756,2.1791636528973575,2.0591636528973574,4.0,52
1493671,7757,2.576322912965507,1.8263229129655065,25.0,166
1493762,7758,3.0351139605378465,2.9451139605378462,3.0,91
1493813,7759,2.045807819830719,2.045807819830719,0.0,51
1493900,7760,1.457073316971439,1.457073316971439,0.0,87
1493926,7761,1.3503832529227853,1.3503832529227853,0.0,26
1494125,7762,2.0185807733982397,2.0185807733982397,0.0,199
1494275,7763,2.638156215726253,2.1581562157262537,16.0,150
1495275,7764,-0.11222211297115514,-0.11222211297115514,0.0,1000
1495325,7765,1.9951172986118784,1.9951172986118784,0.0,50
1495418,7766,2.8517432138161825,2.791743213816182,2.0,93
1495569,7767,2.414332732167775,1.7243327321677757,23.0,151
1495694,7768,2.5893692391181107,2.259369239118111,11.0,125
1496694,7769,1.896126588795786,-14.213873411204215,537.0,1000
1496796,7770,1.6872155117177172,1.6872155117177172,0.0,102
1497007,7771,3.433304578353056,2.773304578353055,22.0,211
1497119,7772,2.0463796488499635,1.6263796488499633,14.0,112
1497314,7773,1.9714500726624467,0.5014500726624456,49.0,195
1497401,7774,3.14618385442818,2.8161838544281803,11.0,87
1498401,7775,-1.710756149708606,-2.070756149708606,12.0,1000
1498502,7776,2.6966252591784463,2.396625259178446,10.0,101
1498569,7777,2.3519783470840987,2.3519783470840987,0.0,67
1499569,7778,-0.6555679651642952,-1.615567965164296,32.0,1000
1499678,7779,1.6850988547137793,1.5050988547137794,6.0,109
1499827,7780,2.562509316556721,2.0825093165567212,16.0,149
1499890,7781,2.5113029907972235,2.5113029907972235,0.0,63
