step,episode,raw_return,learning_return,cost,length
500,1,1.1399718075678742,-3.9800281924321212,256.0,500
769,2,2.494346088607924,2.4343460886079242,3.0,269
931,3,2.406346759833366,2.346346759833366,3.0,162
1371,4,3.5501938438989207,1.9701938438989195,79.0,440
1614,5,3.202735684362717,2.222735684362717,49.0,243
1769,6,2.8246110428132916,2.764611042813291,3.0,155
1901,7,2.1684921690847707,2.1684921690847707,0.0,132
1949,8,1.9397619300025408,1.9397619300025408,0.0,48
2110,9,4.152126090091566,4.0121260900915665,7.0,161
2269,10,2.9102392149379117,2.6102392149379114,15.0,159
2496,11,2.8978066427346834,2.3578066427346824,27.0,227
2555,12,2.3670468996640057,2.3670468996640057,0.0,59
2895,13,3.4481598295365576,2.7281598295365583,36.0,340
2972,14,2.7112417021366895,2.5112417021366893,10.0,77
3006,15,1.4697318435157731,1.4697318435157731,0.0,34
3094,16,2.8905586928648774,2.7505586928648773,7.0,88
3196,17,3.6067592972064975,3.366759297206498,12.0,102
3262,18,2.110633458896287,1.9306334588962868,9.0,66
3311,19,2.047758655555057,1.8677586555550567,9.0,49
3358,20,1.9678037463818303,1.9478037463818303,1.0,47
3433,21,1.8500221451150534,1.530022145115053,16.0,75
3512,22,2.2941114193882557,2.014111419388256,14.0,79
3671,23,3.889222140678405,3.6492221406784044,12.0,159
4081,24,2.563940572992255,-1.0160594270077403,179.0,410
4151,25,2.5433173386772916,2.3033173386772914,12.0,70
4242,26,2.020744969538204,2.020744969538204,0.0,91
4300,27,2.0022271458741407,1.8822271458741409,6.0,58
4417,28,1.4922243447442558,1.4922243447442558,0.0,117
4453,29,1.5737043603137404,1.5737043603137404,0.0,36
4953,30,-0.09705906505960993,-0.09705906505960993,0.0,500
5020,31,1.5625396283773207,1.5625396283773207,0.0,67
5093,32,2.7038628673303267,2.683862867330327,1.0,73
5303,33,1.5600088572682327,1.5600088572682327,0.0,210
5475,34,2.4518210322574445,1.9518210322574445,25.0,172
5592,35,3.274704441570053,2.9347044415700534,17.0,117
5654,36,2.022736460085988,1.782736460085988,12.0,62
5843,37,3.1317137801764616,2.831713780176461,15.0,189
6017,38,2.032836076126478,1.992836076126478,2.0,174
6231,39,2.4031791054549037,2.3231791054549036,4.0,214
6357,40,1.8469080780452083,1.8469080780452083,0.0,126
6472,41,2.198047576139521,1.9980475761395202,10.0,115
6568,42,1.8143626612135584,1.8143626612135584,0.0,96
6686,43,2.502483360019908,2.462483360019908,2.0,118
6771,44,2.489220044966682,2.269220044966682,11.0,85
6849,45,2.1141013760081084,2.1141013760081084,0.0,78
6896,46,1.6243521144873267,1.6243521144873267,0.0,47
6964,47,2.2523181952098335,2.0123181952098332,12.0,68
7056,48,2.8809218236064087,2.6009218236064084,14.0,92
7118,49,1.8397574520682918,1.8397574520682918,0.0,62
7618,50,0.02292997280096687,0.02292997280096687,0.0,500
7681,51,1.5975662614115225,1.5975662614115225,0.0,63
7787,52,1.7917274798939022,1.7917274798939022,0.0,106
8221,53,1.951413995543881,1.7714139955438808,9.0,434
8292,54,2.2061998320014657,2.2061998320014657,0.0,71
8344,55,1.3937193450285696,1.3937193450285696,0.0,52
8496,56,1.708729344511728,1.708729344511728,0.0,152
8542,57,1.4628590042346623,1.4628590042346623,0.0,46
8652,58,3.0445761252937773,2.7445761252937766,15.0,110
9152,59,0.4816110089808854,-2.038388991019116,126.0,500
9311,60,3.5164383691968055,3.5164383691968055,0.0,159
9561,61,2.479789996522893,1.5997899965228919,44.0,250
9613,62,1.7162951171859817,1.7162951171859817,0.0,52
9639,63,1.3080900959328168,1.3080900959328168,0.0,26
9786,64,2.7232179745680716,2.703217974568072,1.0,147
9839,65,1.7988317624508954,1.7988317624508954,0.0,53
9924,66,2.297570705120293,2.017570705120293,14.0,85
10021,67,2.553458601817451,2.393458601817451,8.0,97
10184,68,2.384916863958993,1.8649168639589924,26.0,163
10302,69,1.6276772924400122,1.6276772924400122,0.0,118
10382,70,1.5928294183636202,1.5928294183636202,0.0,80
10473,71,3.201144763549915,2.7211447635499155,24.0,91
10532,72,2.1395024178647692,2.099502417864769,2.0,59
10617,73,2.259432296958591,1.7394322969585911,26.0,85
10726,74,1.4978146015732523,1.3578146015732524,7.0,109
10786,75,2.3706865492593163,2.3706865492593163,0.0,60
10884,76,3.228299144445201,2.7282991444452005,25.0,98
11041,77,2.6952672168287344,2.6952672168287344,0.0,157
11143,78,1.610986942221979,0.7309869422219788,44.0,102
11183,79,1.771923192571248,1.771923192571248,0.0,40
11683,80,0.14757951666055913,0.14757951666055913,0.0,500
11723,81,1.7203134479485747,1.7203134479485747,0.0,40
11824,82,2.1302840815349566,2.0902840815349566,2.0,101
12063,83,3.2307795036606284,2.7907795036606284,22.0,239
12189,84,2.3304037992586037,2.2104037992586036,6.0,126
12280,85,3.3905051892770213,3.130505189277021,13.0,91
12367,86,1.3611650735810337,1.3611650735810337,0.0,87
12510,87,3.3029150400594816,2.9429150400594803,18.0,143
12629,88,2.2533243748437046,2.053324374843704,10.0,119
12810,89,2.7232535003948852,2.2032535003948843,26.0,181
12900,90,3.196974762760818,3.1769747627608185,1.0,90
12926,91,1.328215751755928,1.328215751755928,0.0,26
12981,92,2.1823303348815664,2.1823303348815664,0.0,55
13043,93,2.4196143995287778,2.2396143995287776,9.0,62
13109,94,2.5571384292567667,2.497138429256767,3.0,66
13558,95,3.4453367572396143,0.1253367572396118,166.0,449
14017,96,3.418787459569133,2.8587874595691334,28.0,459
14077,97,2.3272128893994797,2.3272128893994797,0.0,60
14141,98,1.6331853460492565,1.4531853460492563,9.0,64
14221,99,2.9240004027558384,2.9240004027558384,0.0,80
14295,100,2.2126883371301185,2.072688337130119,7.0,74
14365,101,2.598330974294263,2.5783309742942633,1.0,70
14561,102,2.6697219316311243,2.6697219316311243,0.0,196
14637,103,2.861551084395784,2.861551084395784,0.0,76
14982,104,2.613677119351931,2.613677119351931,0.0,345
15116,105,2.2970189714301363,2.2970189714301363,0.0,134
15172,106,2.2410778467769426,2.221077846776943,1.0,56
15331,107,3.1364155725507836,2.7364155725507846,20.0,159
15410,108,2.5359257147440624,2.3959257147440627,7.0,79
15462,109,2.118211198585073,2.098211198585073,1.0,52
15535,110,2.627126772760672,2.6071267727606724,1.0,73
15610,111,2.744624750061552,2.744624750061552,0.0,75
15667,112,1.547660195050525,1.547660195050525,0.0,57
15707,113,1.7453457734003017,1.7453457734003017,0.0,40
15835,114,1.747079598522896,1.707079598522896,2.0,128
15959,115,2.1269517424510367,2.1269517424510367,0.0,124
15994,116,1.569857264357081,1.569857264357081,0.0,35
16070,117,2.7608366535345468,2.4808366535345465,14.0,76
16120,118,1.5380160480790506,1.5380160480790506,0.0,50
16175,119,2.0885102023175626,2.0885102023175626,0.0,55
16302,120,2.092255598127161,1.472255598127161,31.0,127
16381,121,2.3202719560076317,2.3202719560076317,0.0,79
16661,122,2.626752702696363,0.24675270269636151,119.0,280
16693,123,1.4147720379735589,1.4147720379735589,0.0,32
16742,124,2.0287030576272365,2.0287030576272365,0.0,49
16822,125,3.0100638269947795,3.0100638269947795,0.0,80
16850,126,1.3282035231162335,1.3282035231162335,0.0,28
16899,127,2.0260328633260913,2.0260328633260913,0.0,49
17043,128,2.3892374764637045,2.089237476463704,15.0,144
17160,129,3.9922755940911854,3.712275594091186,14.0,117
17335,130,2.625362182452117,2.605362182452117,1.0,175
17463,131,2.163354767963,2.163354767963,0.0,128
17491,132,1.383027884811783,1.383027884811783,0.0,28
17679,133,2.9121226037726196,2.4521226037726205,23.0,188
17763,134,3.140045659889137,3.140045659889137,0.0,84
17860,135,2.89061857055329,2.65061857055329,12.0,97
17939,136,2.707333210523516,2.4473332105235155,13.0,79
18093,137,3.003932295956663,2.803932295956663,10.0,154
18160,138,2.672771686325585,2.4727716863255846,10.0,67
18218,139,1.984001900874857,1.984001900874857,0.0,58
18302,140,3.1973439567928024,3.0773439567928023,6.0,84
18374,141,2.304587065743185,2.0645870657431846,12.0,72
18491,142,2.235888384050753,2.1958883840507535,2.0,117
18929,143,1.9543505059939954,1.9543505059939954,0.0,438
19265,144,3.5419565567976035,1.5419565567976004,100.0,336
19327,145,2.480963984161435,2.280963984161435,10.0,62
19381,146,1.8453585014919067,1.8453585014919067,0.0,54
19521,147,3.266645601336858,3.026645601336858,12.0,140
19830,148,2.089708562943632,1.3897085629436319,35.0,309
19858,149,1.346916346515536,1.346916346515536,0.0,28
19901,150,1.8003520435957725,1.7003520435957724,5.0,43
20049,151,2.094918898223256,1.814918898223256,14.0,148
20290,152,3.7331135967210227,3.6131135967210235,6.0,241
20372,153,2.8614028915204273,2.8614028915204273,0.0,82
20480,154,1.6684304064246795,1.6684304064246795,0.0,108
20581,155,2.814571513254756,2.814571513254756,0.0,101
20708,156,2.1098509572628705,2.1098509572628705,0.0,127
20857,157,2.7526833753402995,2.1926833753403,28.0,149
20944,158,2.291327613832843,2.171327613832843,6.0,87
21002,159,2.208200786013837,2.208200786013837,0.0,58
21075,160,1.5682558958212938,1.5682558958212938,0.0,73
21318,161,2.9573277450171336,2.8573277450171335,5.0,243
21569,162,2.8456282320732367,2.5656282320732373,14.0,251
21654,163,2.6577371236142584,2.5177371236142587,7.0,85
21737,164,2.7665154237173732,2.4865154237173734,14.0,83
21802,165,2.3871234555388865,2.167123455538886,11.0,65
21989,166,2.2745958119802037,2.214595811980203,3.0,187
22183,167,2.4750450479864554,2.4750450479864554,0.0,194
22293,168,3.4216102886897817,3.401610288689781,1.0,110
22476,169,2.905390443094783,2.8853904430947828,1.0,183
22532,170,2.1661006016989983,2.1661006016989983,0.0,56
22613,171,2.9007106059000387,2.5607106059000397,17.0,81
22683,172,2.436654929310652,2.416654929310652,1.0,70
22738,173,1.872416986318894,1.852416986318894,1.0,55
22960,174,3.375314649597508,3.3353146495975086,2.0,222
23150,175,2.2765410660120557,1.1965410660120555,54.0,190
23196,176,1.681909881159115,1.681909881159115,0.0,46
23266,177,2.7296192318108305,2.7296192318108305,0.0,70
23422,178,2.71737532429117,2.5973753242911704,6.0,156
23702,179,2.6423019677891997,2.6423019677891997,0.0,280
23776,180,2.740029952350111,2.6800299523501114,3.0,74
23840,181,2.442166978783458,2.442166978783458,0.0,64
23890,182,1.9054050581758313,1.625405058175831,14.0,50
24234,183,3.0599874171198804,0.49998741711987793,128.0,344
24279,184,1.86031365957686,1.6603136595768597,10.0,45
24565,185,3.2600671871226985,2.8600671871226977,20.0,286
24637,186,2.706039484551959,2.6460394845519595,3.0,72
24755,187,2.5335742012614473,2.453574201261447,4.0,118
24864,188,1.5906535169790597,1.5906535169790597,0.0,109
25090,189,2.5647245488633557,2.264724548863356,15.0,226
25590,190,0.4814301397961276,0.4814301397961276,0.0,500
25830,191,4.008130412574547,3.0081304125745483,50.0,240
25899,192,1.6921960122749826,1.6921960122749826,0.0,69
25998,193,3.12561758176989,3.12561758176989,0.0,99
26032,194,1.353639276678011,1.353639276678011,0.0,34
26087,195,1.7166308548198206,1.7166308548198206,0.0,55
26174,196,1.2986403761456824,1.1786403761456825,6.0,87
26289,197,2.2805016263205875,2.260501626320588,1.0,115
26349,198,2.113632880321006,2.113632880321006,0.0,60
26400,199,1.4241806319821113,1.4241806319821113,0.0,51
26467,200,2.470071690114059,2.470071690114059,0.0,67
26967,201,0.9907035605138932,-4.229296439486097,261.0,500
27467,202,0.9104021830008342,-4.289597816999157,260.0,500
27545,203,1.3739731547259628,1.3739731547259628,0.0,78
27712,204,2.4901933349963645,2.4901933349963645,0.0,167
27827,205,1.7404733707115068,1.7204733707115067,1.0,115
27890,206,2.155139600853614,2.155139600853614,0.0,63
27934,207,1.8447371832688606,1.8447371832688606,0.0,44
28064,208,1.910511891209659,1.770511891209659,7.0,130
28326,209,3.613436535173543,2.7534365351735426,43.0,262
28497,210,2.453520036342558,2.393520036342558,3.0,171
28557,211,1.8416942042032236,1.5616942042032234,14.0,60
28714,212,3.844664703300386,3.744664703300386,5.0,157
29003,213,3.517159793617041,2.6171597936170405,45.0,289
29192,214,3.395970178493109,3.255970178493109,7.0,189
29324,215,2.4217360620401953,2.4217360620401953,0.0,132
29402,216,2.194757946193059,1.9947579461930594,10.0,78
29457,217,2.1378619159110324,2.0578619159110323,4.0,55
29609,218,3.172268265958089,3.112268265958089,3.0,152
30109,219,0.2984959230454347,0.2984959230454347,0.0,500
30232,220,1.710240667189511,1.710240667189511,0.0,123
30353,221,2.07321239849346,2.03321239849346,2.0,121
30476,222,1.6231778746935435,1.6031778746935434,1.0,123
30676,223,2.538830243879044,2.538830243879044,0.0,200
30783,224,3.426304239179819,3.1663042391798193,13.0,107
30820,225,1.6591196830728476,1.6591196830728476,0.0,37
30896,226,2.655252284736023,2.655252284736023,0.0,76
31396,227,0.2662001235116285,0.2662001235116285,0.0,500
31896,228,1.4284794202773643,-1.3915205797226364,141.0,500
31934,229,1.6369375886969593,1.6369375886969593,0.0,38
31995,230,2.2720450025975922,2.1520450025975926,6.0,61
32495,231,1.415750643560259,-3.624249356439737,252.0,500
32995,232,0.28157387111389465,0.28157387111389465,0.0,500
33034,233,1.621676849383149,1.621676849383149,0.0,39
33131,234,1.3596244360684435,1.3196244360684435,2.0,97
33255,235,2.010851504929882,2.010851504929882,0.0,124
33467,236,3.2058002044470433,2.4458002044470444,38.0,212
33967,237,0.10760824593112339,0.10760824593112339,0.0,500
34064,238,1.6191697346348795,1.6191697346348795,0.0,97
34101,239,1.6653605342687254,1.6653605342687254,0.0,37
34254,240,2.552948987070744,2.472948987070744,4.0,153
34361,241,1.5161903124361733,1.056190312436173,23.0,107
34519,242,2.40780163824018,1.8078016382401803,30.0,158
34628,243,3.5522103762433197,3.412210376243319,7.0,109
34738,244,3.714696180709911,3.0346961807099104,34.0,110
34781,245,1.836001813919455,1.5160018139194549,16.0,43
34893,246,1.8156475478085694,1.7956475478085694,1.0,112
34970,247,1.347491423712035,1.227491423712035,6.0,77
35006,248,1.603651203259731,1.603651203259731,0.0,36
35208,249,2.3796456158392507,2.079645615839252,15.0,202
35708,250,0.4731725640634251,0.27317256406342494,10.0,500
35780,251,1.9721615380275819,1.9721615380275819,0.0,72
35861,252,1.2824552566066065,1.2824552566066065,0.0,81
35942,253,2.634717392192144,2.294717392192143,17.0,81
36187,254,1.9963989385126144,0.49639893851261374,75.0,245
36231,255,1.8305935784534038,1.8305935784534038,0.0,44
36274,256,1.5140031681418191,1.5140031681418191,0.0,43
36388,257,1.9721982381898748,1.9721982381898748,0.0,114
36444,258,2.2498565214138377,2.2498565214138377,0.0,56
36482,259,1.6846028691772275,1.6846028691772275,0.0,38
36544,260,2.4242926817693613,2.4042926817693617,1.0,62
36606,261,1.9405497317548985,1.7605497317548986,9.0,62
36694,262,2.9134411196693115,2.9134411196693115,0.0,88
36739,263,1.6707778421785435,1.4307778421785433,12.0,45
36878,264,2.05843139535699,2.05843139535699,0.0,139
36959,265,2.3872468465856844,2.1272468465856846,13.0,81
36993,266,1.5209028217304423,1.5209028217304423,0.0,34
37150,267,2.3163438805815106,2.3163438805815106,0.0,157
37219,268,2.316832768824198,2.036832768824197,14.0,69
37380,269,3.0447411665424258,2.8647411665424256,9.0,161
37472,270,2.3942199464387355,2.3542199464387354,2.0,92
37612,271,2.030870485668536,1.970870485668536,3.0,140
37707,272,2.717871325736119,2.617871325736119,5.0,95
37886,273,1.4550439051891204,1.4550439051891204,0.0,179
37951,274,2.0061906591286034,1.7661906591286038,12.0,65
38075,275,2.007984333561656,2.007984333561656,0.0,124
38275,276,3.0170600622684063,2.6570600622684064,18.0,200
38370,277,3.2892693427056803,3.1892693427056806,5.0,95
38499,278,2.791215603790324,2.731215603790324,3.0,129
38557,279,1.835634612359926,1.835634612359926,0.0,58
38640,280,1.9301329017641757,1.8901329017641757,2.0,83
38806,281,3.3419219213623497,3.1619219213623495,9.0,166
39012,282,3.068967504230569,1.5489675042305684,76.0,206
39246,283,3.1769537737146694,2.87695377371467,15.0,234
39356,284,2.8831837104600275,2.683183710460028,10.0,110
39480,285,1.9808029601432098,1.4808029601432093,25.0,124
39571,286,3.178002842686349,2.9380028426863483,12.0,91
40071,287,0.04600340841658701,0.04600340841658701,0.0,500
40096,288,1.2785879672663274,1.2785879672663274,0.0,25
40596,289,1.0647653301415285,-1.4352346698584713,125.0,500
40634,290,1.6829311648306626,1.6829311648306626,0.0,38
40760,291,2.332276676228304,2.232276676228304,5.0,126
40832,292,2.637046708292042,2.637046708292042,0.0,72
41004,293,3.0284422999682548,2.7684422999682554,13.0,172
41089,294,1.7760614379516704,1.6960614379516703,4.0,85
41221,295,1.3992670855547118,1.3992670855547118,0.0,132
41421,296,2.442716353314446,2.442716353314446,0.0,200
41480,297,1.7705839450779672,1.7705839450779672,0.0,59
41609,298,2.1203403585236846,2.0403403585236846,4.0,129
41702,299,1.3653924099177206,1.3653924099177206,0.0,93
41826,300,1.758388196140964,1.758388196140964,0.0,124
41966,301,2.6178564280376566,2.2578564280376563,18.0,140
42281,302,3.2827458375422283,2.582745837542227,35.0,315
42429,303,2.608178954527543,2.608178954527543,0.0,148
42929,304,0.045157887055466084,0.045157887055466084,0.0,500
43029,305,3.412903597611289,3.372903597611288,2.0,100
43083,306,2.1185720629340916,2.0785720629340916,2.0,54
43583,307,0.43207505016632486,-2.9079249498336712,167.0,500
44083,308,0.3688993702860932,-0.2711006297139069,32.0,500
44255,309,2.398842241192269,2.398842241192269,0.0,172
44297,310,1.8272194692891695,1.8272194692891695,0.0,42
44383,311,2.1887633341545962,2.1687633341545967,1.0,86
44461,312,2.1086698587715142,2.1086698587715142,0.0,78
44604,313,2.9229031193639505,2.242903119363951,34.0,143
44703,314,2.9236586783163694,2.7836586783163693,7.0,99
44809,315,3.4992465421879793,3.1592465421879794,17.0,106
44871,316,2.5055576821669323,2.5055576821669323,0.0,62
45371,317,1.5436604251280384,-3.4563395748719596,250.0,500
45427,318,2.0527226307298037,1.9327226307298035,6.0,56
45471,319,1.7600129579999884,1.7600129579999884,0.0,44
45556,320,2.7193095657786244,2.7193095657786244,0.0,85
45614,321,1.78177993023354,1.78177993023354,0.0,58
45643,322,1.3972178327045026,1.3972178327045026,0.0,29
45708,323,1.8035939204133224,1.8035939204133224,0.0,65
45790,324,1.2971931083628818,1.0571931083628818,12.0,82
45857,325,1.8164710908482546,1.7764710908482546,2.0,67
46021,326,2.3298081059102405,2.00980810591024,16.0,164
46155,327,1.9361546360378195,1.7561546360378193,9.0,134
46235,328,2.907189113150549,2.847189113150549,3.0,80
46546,329,2.9021420337821624,2.4021420337821624,25.0,311
46592,330,1.7975972020974555,1.6775972020974554,6.0,46
46772,331,3.097170476543382,2.8171704765433816,14.0,180
46908,332,2.745013927071494,2.4050139270714936,17.0,136
47019,333,2.9349916520316235,2.8549916520316234,4.0,111
47104,334,3.0692784632521706,3.0692784632521706,0.0,85
47185,335,2.9330171683000663,2.5930171683000665,17.0,81
47292,336,3.5466600221206868,3.4666600221206862,4.0,107
47490,337,3.5638642325107277,2.6838642325107265,44.0,198
47541,338,2.134774663626197,1.914774663626197,11.0,51
47592,339,1.8399337010959602,1.8399337010959602,0.0,51
47696,340,1.3899991599066426,1.3699991599066426,1.0,104
47791,341,1.4056054895155135,1.3856054895155134,1.0,95
47926,342,2.5365942531803904,2.2765942531803898,13.0,135
48426,343,0.7670557368357903,-3.5529442631642114,216.0,500
48555,344,2.793248235287207,2.5132482352872065,14.0,129
48690,345,3.69223798810165,3.13223798810165,28.0,135
48929,346,3.138893102010657,2.5788931020106576,28.0,239
49115,347,3.2207327001668395,2.1207327001668386,55.0,186
49615,348,-0.1630131189370534,-5.603013118937039,272.0,500
49731,349,1.7609874378237274,1.5409874378237274,11.0,116
49827,350,1.5312129979305034,0.751212997930503,39.0,96
49933,351,3.76023902120403,3.72023902120403,2.0,106
49976,352,1.833913255968119,1.5339132559681192,15.0,43
50059,353,2.6019885368976783,2.2619885368976775,17.0,83
50204,354,2.4439845491317866,2.0439845491317863,20.0,145
50330,355,2.0415339947346594,2.0415339947346594,0.0,126
50390,356,2.4019203033727923,2.4019203033727923,0.0,60
50426,357,1.36788517721866,1.36788517721866,0.0,36
50466,358,1.797379779246067,1.797379779246067,0.0,40
50610,359,2.2958245929932226,1.035824592993223,63.0,144
50755,360,3.5205876783730767,3.3205876783730766,10.0,145
50851,361,3.3187231965098913,3.3187231965098913,0.0,96
51105,362,2.7766376630008165,2.6566376630008164,6.0,254
51190,363,3.175281434004127,3.175281434004127,0.0,85
51341,364,2.751309589910438,2.6513095899104377,5.0,151
51540,365,3.419685009567973,3.1596850095679723,13.0,199
52040,366,1.3671390209048189,-5.572860979095173,347.0,500
52087,367,1.7123205447415608,1.7123205447415608,0.0,47
52155,368,2.031982172479306,2.031982172479306,0.0,68
52228,369,2.0152580966255194,2.0152580966255194,0.0,73
52454,370,3.428272559281625,3.4082725592816248,1.0,226
52524,371,2.1537084513250817,2.1537084513250817,0.0,70
52575,372,2.0613835299189436,2.001383529918944,3.0,51
52610,373,1.573505207033267,1.573505207033267,0.0,35
52646,374,1.6417916043592258,1.6417916043592258,0.0,36
52748,375,3.4458719408232303,3.4458719408232303,0.0,102
52773,376,1.3641957057685499,1.3641957057685499,0.0,25
52866,377,1.570989874720786,1.570989874720786,0.0,93
52987,378,3.0460853754069,2.8060853754069,12.0,121
53102,379,2.093221781292055,2.0132217812920548,4.0,115
53255,380,1.7109466844156738,1.7109466844156738,0.0,153
53332,381,2.66228098396407,2.40228098396407,13.0,77
53459,382,2.385301932731144,1.225301932731144,58.0,127
53634,383,2.677617884203843,1.237617884203843,72.0,175
53808,384,2.3162191198464974,2.2362191198464965,4.0,174
54013,385,1.5042618476544365,0.46426184765443623,52.0,205
54066,386,2.020219620668799,2.020219620668799,0.0,53
54250,387,3.5842323354681334,3.344232335468133,12.0,184
54750,388,0.928761109412996,-3.7112388905870026,232.0,500
54820,389,2.520088140556782,2.3000881405567823,11.0,70
54884,390,2.5201741529077393,2.2601741529077386,13.0,64
55088,391,3.5408242301099917,2.9608242301099907,29.0,204
55588,392,0.1182840804130092,0.1182840804130092,0.0,500
55674,393,1.6817118449845812,1.6817118449845812,0.0,86
55869,394,2.7925425022334975,1.8925425022334978,45.0,195
56083,395,1.994647790170151,1.954647790170151,2.0,214
56210,396,2.0757716321721595,1.515771632172159,28.0,127
56492,397,3.3970357675757805,2.8770357675757805,26.0,282
56539,398,1.955030573560623,1.955030573560623,0.0,47
56635,399,2.6667918354655713,2.6667918354655713,0.0,96
56825,400,3.9195383727620614,3.459538372762062,23.0,190
56903,401,2.348903446009027,2.1689034460090273,9.0,78
56988,402,1.8803936341668543,1.8803936341668543,0.0,85
57061,403,2.6882114184886294,2.6082114184886294,4.0,73
57185,404,3.620644354511347,3.580644354511347,2.0,124
57234,405,1.7981265731752023,1.578126573175202,11.0,49
57367,406,2.1934662728826817,1.873466272882683,16.0,133
57502,407,2.203007970556926,2.203007970556926,0.0,135
57599,408,1.508671704966863,1.508671704966863,0.0,97
57654,409,2.1516735881400866,2.1516735881400866,0.0,55
57698,410,1.6854795644771132,1.6854795644771132,0.0,44
57763,411,2.5405875014660837,2.340587501466083,10.0,65
57931,412,2.3916577648261583,1.7916577648261578,30.0,168
57988,413,2.221785806885228,2.221785806885228,0.0,57
58230,414,2.5590712614696,0.5990712614695985,98.0,242
58730,415,0.025735506651656692,0.025735506651656692,0.0,500
58891,416,3.1122893609861864,3.012289360986186,5.0,161
59391,417,0.6575549550070183,-2.082445044992983,137.0,500
59891,418,0.6524007888435264,-2.2675992111564724,146.0,500
59978,419,1.6913274748837268,1.2713274748837264,21.0,87
60222,420,1.8811758053234986,1.6611758053234986,11.0,244
60259,421,1.3514480806793567,1.3514480806793567,0.0,37
60408,422,2.192175921844681,2.132175921844681,3.0,149
60462,423,1.844138468521813,1.844138468521813,0.0,54
60599,424,2.0342005353938726,2.0342005353938726,0.0,137
60676,425,2.542182904071951,2.502182904071951,2.0,77
60850,426,3.2476836020487916,2.647683602048791,30.0,174
61008,427,2.9571414974535637,2.657141497453564,15.0,158
61042,428,1.5600282970565862,1.5600282970565862,0.0,34
61069,429,1.3070001476582571,1.3070001476582571,0.0,27
61285,430,2.9954128037972447,2.535412803797244,23.0,216
61332,431,1.7570115260316352,1.7570115260316352,0.0,47
61671,432,4.362702520652748,4.1827025206527475,9.0,339
61795,433,2.6574992757628495,2.1974992757628504,23.0,124
61837,434,1.3782286954523926,1.3782286954523926,0.0,42
61955,435,1.748569424342107,1.748569424342107,0.0,118
61999,436,1.872903368690423,1.872903368690423,0.0,44
62094,437,1.8433270289825043,1.523327028982504,16.0,95
62292,438,3.325890417456531,3.0458904174565316,14.0,198
62361,439,2.1163422661245246,2.1163422661245246,0.0,69
62524,440,2.4928055549096673,1.3328055549096658,58.0,163
62693,441,2.998127330794899,2.298127330794898,35.0,169
62790,442,1.6617131065714101,1.6617131065714101,0.0,97
63184,443,3.160272898114216,3.160272898114216,0.0,394
63658,444,3.5788500311689906,3.318850031168991,13.0,474
63829,445,2.4662846590244536,2.246284659024453,11.0,171
64166,446,3.339100792308537,2.119100792308536,61.0,337
64277,447,2.592528648213469,2.5125286482134688,4.0,111
64404,448,2.4662030899594534,2.4662030899594534,0.0,127
64443,449,1.7118238867811704,1.6318238867811703,4.0,39
64596,450,3.679588698090124,3.679588698090124,0.0,153
64719,451,2.3458403452661574,2.285840345266157,3.0,123
64833,452,3.4462547065622715,2.9462547065622715,25.0,114
64909,453,2.6654180377340913,2.425418037734091,12.0,76
65067,454,3.369244192157513,2.6092441921575142,38.0,158
65136,455,2.6429303104214616,2.5229303104214615,6.0,69
65209,456,2.808117952511543,2.6281179525115435,9.0,73
65296,457,3.043041943506842,2.803041943506842,12.0,87
65352,458,2.2693844902563107,2.209384490256311,3.0,56
65430,459,2.5985324351061108,2.5585324351061107,2.0,78
65798,460,3.0901685931158305,2.57016859311583,26.0,368
66001,461,3.195334558579428,2.855334558579427,17.0,203
66501,462,-0.16828446336752068,-0.16828446336752068,0.0,500
66614,463,2.226196197157411,2.226196197157411,0.0,113
66800,464,3.0920157392495033,2.8920157392495036,10.0,186
66864,465,1.6776453965090181,1.6776453965090181,0.0,64
66956,466,1.4072590344537028,1.4072590344537028,0.0,92
67003,467,1.976186241159184,1.8161862411591838,8.0,47
67050,468,1.5539688855911231,1.5539688855911231,0.0,47
67101,469,1.851263755236672,1.851263755236672,0.0,51
67158,470,1.7128901459575316,1.7128901459575316,0.0,57
67219,471,2.0323994032328296,2.0123994032328296,1.0,61
67301,472,3.0246009121512394,2.5646009121512394,23.0,82
67497,473,2.2205612796463368,1.7605612796463368,23.0,196
67613,474,2.2263873310425346,2.086387331042534,7.0,116
67701,475,3.1342168567789894,3.1342168567789894,0.0,88
67834,476,1.9678350131400744,1.9678350131400744,0.0,133
67888,477,1.9116632391729518,1.9116632391729518,0.0,54
68194,478,2.3133030024330603,2.2333030024330602,4.0,306
68224,479,1.4334967326663521,1.4334967326663521,0.0,30
68724,480,-2.570575112820587,-2.590575112820587,1.0,500
68750,481,1.3068497322963366,1.3068497322963366,0.0,26
69051,482,3.1879086700905166,2.9479086700905164,12.0,301
69136,483,2.93509421157845,2.93509421157845,0.0,85
69234,484,3.390596485647069,2.9905964856470693,20.0,98
69304,485,2.260351084459855,2.2003510844598546,3.0,70
69410,486,2.91389137272197,2.83389137272197,4.0,106
69533,487,3.941164676125881,3.661164676125882,14.0,123
69607,488,1.6961746299387703,1.37617462993877,16.0,74
69730,489,1.9716904267090425,1.9316904267090425,2.0,123
69889,490,3.3975082361717246,2.9175082361717237,24.0,159
69988,491,1.6435764269121074,0.943576426912107,35.0,99
70103,492,2.540124911687677,2.500124911687677,2.0,115
70212,493,2.7226365670417647,2.6226365670417646,5.0,109
70330,494,2.1509738801701443,2.1509738801701443,0.0,118
70461,495,2.7649570585521337,2.3449570585521338,21.0,131
70633,496,3.0295557195413827,2.8695557195413826,8.0,172
70700,497,1.780159693384397,1.760159693384397,1.0,67
70754,498,1.9525681320388524,1.8725681320388523,4.0,54
70831,499,2.591871244544949,2.591871244544949,0.0,77
70934,500,2.9015619808346504,2.62156198083465,14.0,103
71087,501,2.254769071839598,2.1347690718395977,6.0,153
71194,502,2.0055297843406765,2.0055297843406765,0.0,107
71233,503,1.663213556500124,1.663213556500124,0.0,39
71328,504,1.4818875528778124,1.4818875528778124,0.0,95
71523,505,2.7212650182020663,2.041265018202066,34.0,195
71592,506,2.42161872673152,2.42161872673152,0.0,69
71956,507,2.981652149969765,2.7016521499697648,14.0,364
72017,508,2.411625426741599,2.411625426741599,0.0,61
72122,509,1.7343855427082011,1.694385542708201,2.0,105
72172,510,2.0936528615122842,2.0936528615122842,0.0,50
72252,511,1.3256951471193665,1.2856951471193665,2.0,80
72331,512,1.2898243344016627,1.2898243344016627,0.0,79
72368,513,1.673985372148746,1.673985372148746,0.0,37
72431,514,2.2673500384919567,2.2673500384919567,0.0,63
72529,515,3.0482618727852793,2.828261872785279,11.0,98
72594,516,2.4326375430050655,2.1926375430050653,12.0,65
72707,517,2.020169816849713,1.7201698168497128,15.0,113
72774,518,2.5847788485769114,2.104778848576912,24.0,67
72933,519,3.4831033505148135,2.963103350514813,26.0,159
72979,520,1.9334764312336783,1.8334764312336782,5.0,46
73099,521,1.5768099021025346,1.5768099021025346,0.0,120
73225,522,2.660649355506662,2.2006493555066617,23.0,126
73310,523,2.6035540237980745,2.5435540237980745,3.0,85
73364,524,2.2069460873452176,1.9869460873452174,11.0,54
73415,525,1.6195192457809993,1.4195192457809989,10.0,51
73571,526,1.9667203552872379,1.9667203552872379,0.0,156
73632,527,2.2806536406879445,2.2606536406879445,1.0,61
73671,528,1.7190126911283587,1.7190126911283587,0.0,39
73740,529,2.525286439732052,2.485286439732052,2.0,69
73773,530,1.5348469258963222,1.5348469258963222,0.0,33
73814,531,1.7392843964474995,1.7392843964474995,0.0,41
73851,532,1.3956887748761782,1.3956887748761782,0.0,37
73928,533,2.9312077765959366,2.9312077765959366,0.0,77
73960,534,1.4917770547974079,1.4917770547974079,0.0,32
74170,535,3.0406217778809466,1.880621777880946,58.0,210
74670,536,1.8990205267824332,1.719020526782433,9.0,500
74804,537,2.709408147138729,1.9294081471387288,39.0,134
74848,538,1.8841360964065659,1.8841360964065659,0.0,44
74939,539,1.269139714207486,1.269139714207486,0.0,91
75021,540,3.1248116450114907,3.1248116450114907,0.0,82
75521,541,0.022069370347560624,0.022069370347560624,0.0,500
75627,542,2.160356508271059,2.040356508271059,6.0,106
75656,543,1.4014617560978233,1.4014617560978233,0.0,29
76156,544,0.5909665355391766,-4.909033464460814,275.0,500
76280,545,3.428932046349404,3.3689320463494044,3.0,124
76509,546,3.443964126055337,2.863964126055337,29.0,229
76570,547,2.0223032428316774,1.8823032428316773,7.0,61
76673,548,1.322838875638872,1.322838875638872,0.0,103
76775,549,1.7365675068820257,1.5565675068820257,9.0,102
76881,550,1.5797754787806497,1.5797754787806497,0.0,106
77009,551,2.4665079055676578,2.2265079055676575,12.0,128
77122,552,1.7500488009182773,1.7500488009182773,0.0,113
77178,553,2.2613461947956157,2.2613461947956157,0.0,56
77225,554,1.8449392488129597,1.7649392488129596,4.0,47
77312,555,2.435004404087991,2.3150044040879907,6.0,87
77342,556,1.434052676308319,1.434052676308319,0.0,30
77414,557,2.5316262346853,2.2916262346852996,12.0,72
77547,558,2.1297851481319485,2.1297851481319485,0.0,133
77642,559,2.750647762598175,2.4706477625981744,14.0,95
77744,560,2.6314673519140097,2.2314673519140094,20.0,102
77951,561,2.9143534386544836,2.7143534386544834,10.0,207
78099,562,1.522248102894887,1.342248102894887,9.0,148
78599,563,0.540323270943738,-0.05967672905626237,30.0,500
78683,564,2.2720735055821923,2.072073505582192,10.0,84
78777,565,3.157425772085551,2.897425772085551,13.0,94
78865,566,2.8519060386515704,2.83190603865157,1.0,88
78989,567,2.24459191274111,2.08459191274111,8.0,124
79091,568,1.6090008881674953,1.6090008881674953,0.0,102
79168,569,2.8610761800910027,2.8410761800910027,1.0,77
79270,570,2.0837468135775867,1.9037468135775866,9.0,102
79381,571,1.8475504765415174,1.8475504765415174,0.0,111
79420,572,1.6329182674977822,1.6329182674977822,0.0,39
79463,573,1.3530418442292094,1.3530418442292094,0.0,43
79597,574,2.3996545877437327,2.1996545877437326,10.0,134
79861,575,2.6355451233985088,2.41554512339851,11.0,264
79951,576,3.1350665794745254,3.1350665794745254,0.0,90
80039,577,1.2787587728229164,1.1787587728229163,5.0,88
80125,578,3.0632663202913637,3.0632663202913637,0.0,86
80219,579,1.40829857602995,1.0282985760299501,19.0,94
80719,580,1.1037828925291673,-4.036217107470831,257.0,500
80910,581,3.250806985915872,2.810806985915873,22.0,191
80967,582,1.921982902900783,1.6819829029007831,12.0,57
81134,583,2.38584645558935,2.3658464555893506,1.0,167
81227,584,3.0500068500375987,2.6900068500375993,18.0,93
81727,585,0.11960111399190065,0.11960111399190065,0.0,500
81820,586,1.7237713896794706,1.7237713896794706,0.0,93
81970,587,2.3528678715222346,2.332867871522234,1.0,150
82018,588,1.8140100167623596,1.8140100167623596,0.0,48
82518,589,-1.0104817886936326,-2.1304817886936327,56.0,500
82772,590,3.3546382957358727,3.0546382957358733,15.0,254
82995,591,3.1831949181521018,2.503194918152101,34.0,223
83050,592,2.120897410634103,1.960897410634103,8.0,55
83131,593,2.6389404379620816,2.4989404379620814,7.0,81
83198,594,1.8900385539218079,1.8900385539218079,0.0,67
83301,595,2.9382740965069516,2.6182740965069513,16.0,103
83417,596,2.7015101368445626,2.6815101368445626,1.0,116
83457,597,1.7056754926857474,1.7056754926857474,0.0,40
83599,598,3.3753467605867065,3.075346760586706,15.0,142
83967,599,2.722418943865084,2.402418943865084,16.0,368
84038,600,2.1673390688386283,1.927339068838628,12.0,71
84180,601,2.343012262464329,2.2430122624643287,5.0,142
84289,602,1.6412109631348797,1.6412109631348797,0.0,109
84459,603,2.9832985463835913,2.903298546383591,4.0,170
84515,604,2.0557309927862275,2.0557309927862275,0.0,56
84609,605,3.1455600274798776,2.725560027479877,21.0,94
85109,606,0.08967807395337579,-0.23032192604662421,16.0,500
85238,607,2.2102870956056617,2.1102870956056616,5.0,129
85285,608,1.8760171130105392,1.636017113010539,12.0,47
85327,609,1.6780269865077575,1.4580269865077575,11.0,42
85469,610,2.4561109522907723,2.4361109522907722,1.0,142
85495,611,1.323383930045673,1.323383930045673,0.0,26
85571,612,2.6867085254860728,2.666708525486073,1.0,76
85779,613,1.4974330004711054,1.4974330004711054,0.0,208
86006,614,2.6966216838589236,2.5366216838589235,8.0,227
86076,615,2.484936056079664,2.484936056079664,0.0,70
86576,616,-0.6247029966333142,-1.3647029966333148,37.0,500
86625,617,1.9538540781693476,1.8338540781693478,6.0,49
86775,618,1.6221374075987764,1.6221374075987764,0.0,150
86953,619,2.63775837258203,2.43775837258203,10.0,178
87121,620,1.928502007255809,1.6285020072558087,15.0,168
87232,621,2.1211976236740133,1.6011976236740129,26.0,111
87399,622,2.6281215677935146,2.3281215677935148,15.0,167
87523,623,3.8837656592599243,3.6837656592599233,10.0,124
87620,624,1.495093674719678,1.495093674719678,0.0,97
87718,625,1.6357541684671486,1.6357541684671486,0.0,98
87824,626,2.4155730766367434,1.7155730766367432,35.0,106
87968,627,2.1283395075464098,2.1283395075464098,0.0,144
88468,628,0.41777180615775,-6.162228193842235,329.0,500
88670,629,2.0557408913959256,1.7357408913959254,16.0,202
88736,630,2.518135661831103,2.4981356618311024,1.0,66
88799,631,2.4091431592784573,2.4091431592784573,0.0,63
88954,632,2.620471534600457,1.5404715346004552,54.0,155
89149,633,2.9782673060532234,2.698267306053223,14.0,195
89242,634,2.1182794246632106,2.1182794246632106,0.0,93
89308,635,2.494567244302364,2.494567244302364,0.0,66
89461,636,1.8174209315778158,1.8174209315778158,0.0,153
89594,637,2.2717215093038288,2.2717215093038288,0.0,133
89694,638,1.5118838923185929,0.6718838923185924,42.0,100
89855,639,2.2312299767602823,2.2312299767602823,0.0,161
89957,640,2.207518210504885,2.207518210504885,0.0,102
90113,641,2.8401196410127834,2.540119641012783,15.0,156
90226,642,2.7812656151245156,2.7412656151245156,2.0,113
90374,643,3.3956333292602108,3.3756333292602103,1.0,148
90476,644,3.6028376862742184,3.542837686274219,3.0,102
90976,645,-0.019623932684612377,-3.5796239326846138,178.0,500
91048,646,2.636919506431131,2.636919506431131,0.0,72
91398,647,2.634547217594334,0.2345472175943326,120.0,350
91898,648,1.6637134405783056,-2.636286559421692,215.0,500
92046,649,1.886417030304336,1.7264170303043358,8.0,148
92221,650,1.697137793904103,1.2171377939041033,24.0,175
92258,651,1.650745112870057,1.650745112870057,0.0,37
92315,652,2.2641634004562663,2.2641634004562663,0.0,57
92392,653,2.418329503736451,2.198329503736451,11.0,77
92597,654,2.328696849450654,1.8486968494506542,24.0,205
92703,655,1.9544292841164264,1.9544292841164264,0.0,106
92763,656,2.1455154260814173,2.005515426081417,7.0,60
92839,657,2.5841037184364017,2.5041037184364026,4.0,76
92986,658,2.1460368825733815,1.8660368825733817,14.0,147
93182,659,2.44950116000393,1.7495011600039292,35.0,196
93214,660,1.487846920952579,1.487846920952579,0.0,32
93354,661,1.680780380995494,1.660780380995494,1.0,140
93484,662,1.8525378230446117,1.8325378230446117,1.0,130
93582,663,1.4743241933008004,0.5543241933008001,46.0,98
93802,664,3.7956614091655028,3.5156614091655034,14.0,220
93892,665,2.434911080408621,2.434911080408621,0.0,90
93927,666,1.6166588770174255,1.6166588770174255,0.0,35
93964,667,1.5414400381590867,1.5414400381590867,0.0,37
94043,668,1.8666243000499925,1.8466243000499925,1.0,79
94076,669,1.5056573051105162,1.5056573051105162,0.0,33
94207,670,2.108959892133196,2.0489598921331957,3.0,131
94239,671,1.3880454452656226,1.3880454452656226,0.0,32
94607,672,2.954250566345136,1.5942505663451356,68.0,368
95040,673,3.3992797469066502,2.73927974690665,33.0,433
95173,674,1.8139343867775803,1.6339343867775804,9.0,133
95237,675,2.318079277401924,2.318079277401924,0.0,64
95388,676,2.594112151976854,2.434112151976854,8.0,151
95492,677,2.5470187527839006,2.5470187527839006,0.0,104
95992,678,-0.3370781972623189,-1.63707819726232,65.0,500
96422,679,3.224967558762651,2.9649675587626523,13.0,430
96566,680,2.1434694382101718,2.1434694382101718,0.0,144
96598,681,1.4316103497698927,1.4316103497698927,0.0,32
97098,682,0.4248399155234033,-4.735160084476592,258.0,500
97209,683,1.8439506551386593,1.5639506551386595,14.0,111
97579,684,3.3142936636672755,2.914293663667276,20.0,370
97647,685,1.6702409233233158,1.6702409233233158,0.0,68
97722,686,2.3494643935769206,2.1894643935769205,8.0,75
97882,687,3.5966175906918805,3.49661759069188,5.0,160
97955,688,1.6602476765820575,1.3202476765820574,17.0,73
98027,689,2.726119328578333,2.726119328578333,0.0,72
98109,690,2.6718375297172523,2.6718375297172523,0.0,82
98609,691,0.10337910051214383,-5.296620899487838,270.0,500
98701,692,2.9157378929415483,2.8157378929415486,5.0,92
99201,693,-0.10900805459388341,-1.0290080545938842,46.0,500
99261,694,2.2297476913006946,2.029747691300694,10.0,60
99386,695,2.7019113544562305,2.3819113544562303,16.0,125
99468,696,2.2965838930776084,2.2565838930776083,2.0,82
99631,697,2.113000233910432,1.4930002339104322,31.0,163
99724,698,1.4921628436344645,1.2521628436344647,12.0,93
99879,699,2.134774321920232,1.2147743219202327,46.0,155
99965,700,2.5254018801987597,2.385401880198759,7.0,86
100085,701,3.1545169174064402,2.774516917406441,19.0,120
100122,702,1.705680678107779,1.705680678107779,0.0,37
100282,703,2.475759782055962,2.1957597820559625,14.0,160
100333,704,1.9644374730672307,1.7644374730672305,10.0,51
100604,705,2.2789825799325323,0.43898257993253176,92.0,271
100812,706,2.735958000232534,1.9959580002325346,37.0,208
100970,707,2.2935321550528887,1.0935321550528865,60.0,158
101023,708,2.0483517799694897,1.8883517799694898,8.0,53
101118,709,3.544572807489274,3.4045728074892745,7.0,95
101233,710,1.993089437864869,1.993089437864869,0.0,115
101276,711,1.784295414779657,1.784295414779657,0.0,43
101332,712,2.144523312758497,2.144523312758497,0.0,56
101368,713,1.5014642749411051,1.5014642749411051,0.0,36
101868,714,0.3579610756749978,0.3579610756749978,0.0,500
101980,715,3.42960804763521,3.12960804763521,15.0,112
102101,716,2.5732373228855323,2.453237322885532,6.0,121
102601,717,0.6744722169989605,-5.125527783001028,290.0,500
102708,718,1.5309682776832498,0.5709682776832492,48.0,107
102822,719,3.0471300757184263,2.647130075718427,20.0,114
103182,720,2.8364739020593053,2.4364739020593067,20.0,360
103256,721,2.7562411216333675,2.576241121633368,9.0,74
103385,722,2.0298780301043045,2.0298780301043045,0.0,129
103472,723,2.438903558590124,2.2189035585901244,11.0,87
103504,724,1.489171077311758,1.489171077311758,0.0,32
103621,725,2.072468873974885,1.9124688739748852,8.0,117
103748,726,2.020851206606365,2.020851206606365,0.0,127
103788,727,1.5164788640226112,1.5164788640226112,0.0,40
103995,728,3.3468030700733205,3.10680307007332,12.0,207
104085,729,1.4087886044538238,1.3887886044538238,1.0,90
104159,730,2.6887484240715844,2.6887484240715844,0.0,74
104214,731,1.401606794592031,1.401606794592031,0.0,55
104714,732,1.2080725596002249,-0.15192744039977613,68.0,500
104847,733,3.4199882058878806,3.2599882058878804,8.0,133
104886,734,1.6963425632076068,1.5163425632076066,9.0,39
104933,735,1.8629849099524005,1.8629849099524005,0.0,47
105024,736,3.1887502138937336,3.1087502138937335,4.0,91
105132,737,1.581143023600044,1.581143023600044,0.0,108
105236,738,3.586961937313233,3.1869619373132325,20.0,104
105354,739,1.9933978950443345,1.6933978950443347,15.0,118
105854,740,0.4597979729308401,-5.540202027069142,300.0,500
105938,741,3.1521024105615014,3.1521024105615014,0.0,84
106082,742,1.889598771575855,1.889598771575855,0.0,144
106215,743,2.9876584526945122,2.847658452694512,7.0,133
106570,744,1.511117314025459,1.151117314025459,18.0,355
106626,745,2.1367801011474787,2.0967801011474787,2.0,56
106743,746,2.0440486837280205,1.34404868372802,35.0,117
106904,747,1.918381441380773,1.4783814413807728,22.0,161
106952,748,1.9796930823501082,1.9796930823501082,0.0,48
107152,749,2.5640035592362502,2.3240035592362505,12.0,200
107206,750,1.9257343054290001,1.8657343054290003,3.0,54
107337,751,3.217994273698904,3.137994273698904,4.0,131
107466,752,3.400489030295263,3.360489030295263,2.0,129
107531,753,2.260358302142353,2.040358302142353,11.0,65
107650,754,1.6295071472510476,1.2295071472510477,20.0,119
107697,755,1.8860849849952939,1.8860849849952939,0.0,47
107822,756,3.7780344172861287,3.7380344172861277,2.0,125
108050,757,3.553318797196332,3.2933187971963322,13.0,228
108104,758,2.1165289587619354,2.0765289587619353,2.0,54
108222,759,3.0790127682873187,2.979012768287319,5.0,118
108360,760,2.016867288185594,2.016867288185594,0.0,138
108452,761,2.7190464755416492,2.479046475541649,12.0,92
108547,762,2.794653718285124,2.7746537182851245,1.0,95
108711,763,1.5994927116173994,1.5994927116173994,0.0,164
108904,764,2.374390471016066,2.254390471016066,6.0,193
109007,765,1.5419937194509945,1.5419937194509945,0.0,103
109077,766,2.222365460365429,2.222365460365429,0.0,70
109192,767,1.5071164567225603,0.7671164567225599,37.0,115
109282,768,3.1300424269536595,3.05004242695366,4.0,90
109409,769,2.034397982835406,1.1943979828354063,42.0,127
109454,770,1.9125626996832814,1.9125626996832814,0.0,45
109518,771,2.571936486191478,2.351936486191478,11.0,64
109612,772,1.5684345410995235,1.5684345410995235,0.0,94
109640,773,1.3808023232213658,1.3808023232213658,0.0,28
109768,774,3.8580506814535123,3.37805068145351,24.0,128
109876,775,1.4113145367016826,1.4113145367016826,0.0,108
110010,776,2.101714438310796,1.6417144383107953,23.0,134
110125,777,3.714289410763823,3.4342894107638227,14.0,115
110249,778,1.4411589390173996,1.4411589390173996,0.0,124
110439,779,1.9333628687699005,1.2133628687699003,36.0,190
110560,780,1.8310767356211142,1.8310767356211142,0.0,121
110773,781,2.456237595066739,2.336237595066739,6.0,213
110841,782,2.5010351984751633,2.4410351984751633,3.0,68
110884,783,1.3722739763956537,1.3722739763956537,0.0,43
110993,784,2.3954232295443165,2.3554232295443165,2.0,109
111054,785,2.050943417058548,2.050943417058548,0.0,61
111168,786,1.8570627178043575,1.3970627178043578,23.0,114
111270,787,1.4860162399855588,1.4060162399855587,4.0,102
111445,788,3.6352349566215887,3.115234956621589,26.0,175
111533,789,1.4077957582919913,1.4077957582919913,0.0,88
112033,790,0.6698711113013598,-3.870128888698632,227.0,500
112109,791,2.3188469136543626,2.218846913654362,5.0,76
112218,792,1.9139757093107548,1.7539757093107546,8.0,109
112428,793,3.494074800551188,2.7540748005511886,37.0,210
112814,794,2.579363220747757,-1.9606367792522388,227.0,386
112863,795,2.0230366327405784,1.803036632740578,11.0,49
112957,796,1.4890204506926885,1.4890204506926885,0.0,94
113003,797,1.944354370748071,1.824354370748071,6.0,46
113503,798,-0.32715579704053166,-0.7471557970405316,21.0,500
113767,799,2.9312505164614686,2.7512505164614685,9.0,264
113825,800,1.9222518840179055,1.9222518840179055,0.0,58
113912,801,3.1536919524721694,3.13369195247217,1.0,87
114101,802,3.101355620313555,2.7813556203135557,16.0,189
114244,803,2.390238795080575,1.9502387950805748,22.0,143
114313,804,2.1827793212960263,2.0827793212960266,5.0,69
114361,805,1.6947388417101679,1.6947388417101679,0.0,48
114418,806,2.3138259649850816,2.3138259649850816,0.0,57
114542,807,2.0463642744435564,1.5863642744435567,23.0,124
114662,808,2.3385638237614432,2.3385638237614432,0.0,120
114796,809,1.9956693757109445,1.5356693757109445,23.0,134
114917,810,1.5299128381080287,1.5299128381080287,0.0,121
115039,811,2.3537991857665266,2.3337991857665266,1.0,122
115097,812,2.2664775032551647,2.086477503255165,9.0,58
115197,813,2.778154266365429,2.458154266365429,16.0,100
115312,814,1.6586745700824985,1.4986745700824982,8.0,115
115434,815,2.054752041688725,2.054752041688725,0.0,122
115539,816,1.6495735794756916,1.3695735794756916,14.0,105
115673,817,2.5442816407065436,2.3042816407065443,12.0,134
116151,818,2.799169792027503,2.799169792027503,0.0,478
116200,819,2.0065246202330327,2.0065246202330327,0.0,49
116265,820,2.2253928530220763,2.2253928530220763,0.0,65
116343,821,1.6409611594602476,1.6409611594602476,0.0,78
116487,822,2.7196791333380457,2.159679133338045,28.0,144
116546,823,2.246880265687907,2.186880265687907,3.0,59
116636,824,2.6193134986729714,2.6193134986729714,0.0,90
116696,825,2.341339937111288,2.341339937111288,0.0,60
116829,826,2.280433196541221,2.0204331965412203,13.0,133
117026,827,3.0151528802600183,2.4751528802600182,27.0,197
117120,828,2.8736375499225275,2.6736375499225273,10.0,94
117153,829,1.5013481452091981,1.5013481452091981,0.0,33
117597,830,4.0093668083558605,2.189366808355858,91.0,444
117817,831,3.3272629623936485,2.967262962393648,18.0,220
117895,832,2.9638178876282764,2.9638178876282764,0.0,78
117997,833,3.6417453759975134,3.3817453759975127,13.0,102
118103,834,2.3351120563850167,2.3351120563850167,0.0,106
118226,835,1.5778711467525088,1.5378711467525088,2.0,123
118253,836,1.3626232357454755,1.3626232357454755,0.0,27
118414,837,2.498650068865278,2.0986500688652776,20.0,161
118544,838,3.411316617900537,2.9113166179005376,25.0,130
118659,839,2.542927733501375,2.3029277335013747,12.0,115
118840,840,1.609764015672607,1.409764015672607,10.0,181
118937,841,3.0079357801900137,2.967935780190014,2.0,97
119028,842,2.8840164665663273,2.644016466566327,12.0,91
119528,843,0.8640538151313915,-6.055946184868601,346.0,500
119566,844,1.594480631753831,1.594480631753831,0.0,38
119707,845,2.673484643020757,2.0734846430207554,30.0,141
120036,846,2.4049804852040437,1.5449804852040432,43.0,329
120072,847,1.6405144515527916,1.6405144515527916,0.0,36
120171,848,1.9924043442751829,1.9924043442751829,0.0,99
120671,849,0.6830612864184324,-4.656938713581557,267.0,500
120780,850,1.3132084480248856,1.0332084480248855,14.0,109
120834,851,2.1767059589256315,2.1767059589256315,0.0,54
120954,852,1.9968342407548327,1.5168342407548325,24.0,120
121047,853,3.2557895033442312,3.2557895033442312,0.0,93
121098,854,2.10101651943747,1.9010165194374697,10.0,51
121153,855,2.2532450452886783,2.2532450452886783,0.0,55
121192,856,1.7577299932516666,1.7577299932516666,0.0,39
121226,857,1.4783343452835047,1.4783343452835047,0.0,34
121347,858,3.5192025851464583,3.3992025851464582,6.0,121
121562,859,2.9454231046868946,2.8654231046868945,4.0,215
122062,860,1.577389693594122,-3.142610306405876,236.0,500
122194,861,2.4987235120564923,2.178723512056491,16.0,132
122694,862,0.5164382617078438,0.11643826170784399,20.0,500
122778,863,3.1833582865335126,3.003358286533513,9.0,84
122989,864,3.097092267397736,2.577092267397736,26.0,211
123033,865,1.6856097325458808,1.6856097325458808,0.0,44
123085,866,2.0854373441445957,2.0654373441445957,1.0,52
123348,867,2.1549292459281353,1.4949292459281354,33.0,263
123461,868,1.3769599476352319,1.3769599476352319,0.0,113
123539,869,1.3032251662577279,1.3032251662577279,0.0,78
123834,870,3.3650539819498344,2.725053981949835,32.0,295
124016,871,2.81415951917587,2.75415951917587,3.0,182
124065,872,1.308466031716255,1.308466031716255,0.0,49
124134,873,2.422130168455884,2.422130168455884,0.0,69
124240,874,3.003168125568497,3.003168125568497,0.0,106
124334,875,3.293418653819634,3.293418653819634,0.0,94
124406,876,2.2407048038792556,2.180704803879256,3.0,72
124536,877,1.576192935837331,1.576192935837331,0.0,130
124642,878,2.5924774887358235,2.3724774887358233,11.0,106
124738,879,3.222635160427087,3.022635160427087,10.0,96
125238,880,0.3511924680475559,-2.1088075319524457,123.0,500
125273,881,1.5287668402226298,1.5287668402226298,0.0,35
125462,882,3.8023917420309403,3.6223917420309397,9.0,189
125515,883,2.2005918273409124,2.0805918273409123,6.0,53
125598,884,1.8399511153587425,1.8399511153587425,0.0,83
125705,885,3.620764654284871,3.16076465428487,23.0,107
125757,886,2.095198083331674,2.095198083331674,0.0,52
125810,887,2.1954071244036824,2.1954071244036824,0.0,53
125857,888,1.9522478076989196,1.9522478076989196,0.0,47
125930,889,2.117242393047504,2.117242393047504,0.0,73
126050,890,1.9038734043147596,1.9038734043147596,0.0,120
126313,891,2.9276953480087355,2.787695348008735,7.0,263
126493,892,3.5624250814699145,3.342425081469915,11.0,180
126624,893,1.959914560892337,1.959914560892337,0.0,131
127124,894,1.0063218269524428,-3.6336781730475525,232.0,500
127193,895,2.509449195466071,2.509449195466071,0.0,69
127387,896,2.88024723919555,1.1202472391955505,88.0,194
127424,897,1.5964682385362994,1.5964682385362994,0.0,37
127464,898,1.632523697536074,1.632523697536074,0.0,40
127516,899,2.0104040134969363,2.0104040134969363,0.0,52
127674,900,1.9740085290998857,1.9140085290998856,3.0,158
127724,901,2.040738094110071,2.040738094110071,0.0,50
127822,902,2.8730895112990127,2.7730895112990126,5.0,98
127897,903,2.9036976859620336,2.8436976859620335,3.0,75
128255,904,4.0474365199186835,3.7674365199186837,14.0,358
128389,905,2.0897506555375807,1.929750655537581,8.0,134
128482,906,1.7439213570787853,1.6239213570787854,6.0,93
128570,907,1.2968592967808639,0.8968592967808637,20.0,88
128740,908,2.628822021518162,2.0488220215181627,29.0,170
128826,909,2.979712887195741,2.6997128871957417,14.0,86
128973,910,2.077104936636576,2.077104936636576,0.0,147
129144,911,2.499179784014333,1.7791797840143326,36.0,171
129178,912,1.522446952897873,1.522446952897873,0.0,34
129220,913,1.8474416228560933,1.7674416228560932,4.0,42
129298,914,1.8710735797710014,1.7110735797710013,8.0,78
129798,915,1.3017176296207036,-2.6782823703792937,199.0,500
129912,916,2.3329242546148428,2.0729242546148425,13.0,114
130012,917,3.5991858523601947,3.3191858523601936,14.0,100
130045,918,1.4014173037326931,1.4014173037326931,0.0,33
130223,919,2.3889908459938205,2.2689908459938204,6.0,178
130333,920,1.8532959833403349,1.653295983340335,10.0,110
130833,921,0.7633112076867006,0.5833112076867004,9.0,500
131231,922,2.347596100028376,1.6675961000283768,34.0,398
131285,923,2.1471649998341933,1.9871649998341927,8.0,54
131439,924,2.9250393828038583,2.9050393828038583,1.0,154
131497,925,2.009591705015475,1.7695917050154748,12.0,58
131550,926,1.7114692818214836,1.7114692818214836,0.0,53
131652,927,2.0835157539543223,2.063515753954322,1.0,102
131840,928,2.695540632120705,2.3355406321207055,18.0,188
131964,929,2.0158440802446678,1.8558440802446676,8.0,124
132040,930,2.864336140786981,2.804336140786981,3.0,76
132107,931,2.4004997809937683,2.3404997809937687,3.0,67
132192,932,2.7261905957139954,2.666190595713995,3.0,85
132326,933,2.48134367160137,2.4213436716013703,3.0,134
132389,934,1.7594818304328435,1.7594818304328435,0.0,63
132841,935,3.4136455926625233,2.993645592662523,21.0,452
132944,936,3.158092489652188,3.158092489652188,0.0,103
133091,937,3.305792086691694,2.8257920866916937,24.0,147
133127,938,1.5965241926155738,1.5965241926155738,0.0,36
133627,939,0.49594578267237877,0.35594578267237864,7.0,500
133711,940,1.4029961001292908,1.4029961001292908,0.0,84
133862,941,2.853657552044001,2.553657552044001,15.0,151
133938,942,2.9201356899823017,2.660135689982302,13.0,76
134067,943,3.4067329570058753,3.106732957005876,15.0,129
134106,944,1.6863892334932895,1.5463892334932896,7.0,39
134225,945,3.8816063278355464,3.561606327835546,16.0,119
134327,946,2.902011771089109,2.6620117710891087,12.0,102
134373,947,1.8608908861799005,1.8608908861799005,0.0,46
134444,948,2.1469651803008514,2.0869651803008513,3.0,71
134616,949,2.4370138498646834,2.4370138498646834,0.0,172
134713,950,1.2681273677577203,1.2681273677577203,0.0,97
134785,951,2.4441355381513308,2.3841355381513307,3.0,72
134904,952,2.4407273504232148,2.3207273504232147,6.0,119
135158,953,4.141242249817115,3.921242249817115,11.0,254
135228,954,2.5320193099216963,2.2720193099216965,13.0,70
135356,955,2.5335710119352495,2.5335710119352495,0.0,128
135856,956,0.7594834627338394,-6.220516537266151,349.0,500
136084,957,3.216402683323033,3.216402683323033,0.0,228
136216,958,2.3075658047234207,2.0475658047234204,13.0,132
136458,959,3.300697760052806,2.0806977600528036,61.0,242
136618,960,2.586057320859316,2.486057320859316,5.0,160
136660,961,1.5725450756152846,1.5725450756152846,0.0,42
137137,962,3.496193230270882,2.776193230270882,36.0,477
137240,963,3.1456715090191523,3.125671509019152,1.0,103
137353,964,1.597040640437116,1.577040640437116,1.0,113
137438,965,2.8553130137014655,2.835313013701465,1.0,85
137938,966,-0.04219017411280168,-0.04219017411280168,0.0,500
138010,967,2.266100291705701,2.266100291705701,0.0,72
138229,968,2.493656164979008,2.353656164979008,7.0,219
138322,969,1.4363411571182185,0.616341157118218,41.0,93
138454,970,2.2182393906448765,2.1382393906448764,4.0,132
138498,971,1.867766840769189,1.867766840769189,0.0,44
138582,972,1.3044363809372213,1.3044363809372213,0.0,84
139082,973,1.0207429849118324,-0.5592570150881685,79.0,500
139155,974,2.718438671230547,2.4584386712305473,13.0,73
139225,975,1.9149169474803638,1.8149169474803637,5.0,70
139356,976,1.7261757183612794,1.7261757183612794,0.0,131
139414,977,2.211258305552982,2.171258305552982,2.0,58
139914,978,-3.8008749625273355,-4.120874962527336,16.0,500
140104,979,3.2491221981154017,2.389122198115403,43.0,190
140604,980,2.1406987811842786,-2.0793012188157185,211.0,500
140714,981,2.8039403761659836,2.703940376165984,5.0,110
140809,982,1.4363318019696938,0.5363318019696937,45.0,95
140875,983,2.602170562216503,2.442170562216503,8.0,66
140990,984,2.703431086199865,2.543431086199865,8.0,115
141139,985,2.3013539861301364,2.2013539861301363,5.0,149
141639,986,-0.03987341765575225,-0.03987341765575225,0.0,500
141720,987,2.3164913663186812,2.036491366318681,14.0,81
142148,988,3.7643579392151976,3.284357939215198,24.0,428
142250,989,3.4257435584959275,2.7057435584959286,36.0,102
142332,990,2.6444787927031923,2.2844787927031924,18.0,82
142615,991,2.1166329230362115,0.2166329230362104,95.0,283
142703,992,2.484295939751996,2.344295939751996,7.0,88
142849,993,2.0317193461361738,1.6517193461361737,19.0,146
142943,994,3.2858117579093555,2.985811757909355,15.0,94
142994,995,1.299036957127044,1.299036957127044,0.0,51
143494,996,-0.11565801640979467,-0.11565801640979467,0.0,500
143994,997,-1.5340777123580174,-1.7140777123580175,9.0,500
144145,998,2.4432791673570478,2.223279167357048,11.0,151
144184,999,1.7150984898283654,1.7150984898283654,0.0,39
144239,1000,1.9893531810378184,1.9893531810378184,0.0,55
144526,1001,2.1760552778071522,0.596055277807152,79.0,287
144654,1002,1.9058257079782936,1.5658257079782938,17.0,128
145154,1003,0.5825870047008982,-4.7174129952990915,265.0,500
145179,1004,1.2853361347426768,1.2853361347426768,0.0,25
145468,1005,3.296206200534267,2.8762062005342672,21.0,289
145541,1006,2.6010546899604408,2.5410546899604407,3.0,73
145605,1007,2.4256869660083233,2.4256869660083233,0.0,64
145632,1008,1.312348565979626,1.312348565979626,0.0,27
145670,1009,1.680905111765739,1.680905111765739,0.0,38
145869,1010,2.4349671891472746,1.7149671891472742,36.0,199
145974,1011,1.3699879152185979,1.3699879152185979,0.0,105
146159,1012,3.2481071246190547,1.7481071246190547,75.0,185
146312,1013,3.1009902780553027,3.1009902780553027,0.0,153
146552,1014,2.2404661108743387,1.2604661108743385,49.0,240
146732,1015,2.3150946223139166,1.3950946223139165,46.0,180
146829,1016,3.078759726031652,2.8587597260316513,11.0,97
146857,1017,1.3664286083795287,1.3664286083795287,0.0,28
146979,1018,1.686821851460736,1.686821851460736,0.0,122
147151,1019,2.3106873433132957,1.3106873433132953,50.0,172
147198,1020,1.3870186528164987,1.3870186528164987,0.0,47
147459,1021,3.1004329298602324,2.440432929860232,33.0,261
147553,1022,3.1770204564606708,2.7770204564606713,20.0,94
147587,1023,1.5883829844757849,1.5883829844757849,0.0,34
147620,1024,1.5450470832113823,1.5450470832113823,0.0,33
147666,1025,1.9797860961567284,1.9797860961567284,0.0,46
147848,1026,2.6597526433598326,2.159752643359834,25.0,182
147949,1027,1.6786020077230406,1.6786020077230406,0.0,101
148079,1028,1.996966726253796,1.4369667262537957,28.0,130
148156,1029,2.8258665716942843,2.8258665716942843,0.0,77
148236,1030,2.728706100051429,2.728706100051429,0.0,80
148336,1031,2.7362208044947423,2.156220804494742,29.0,100
148377,1032,1.7881618555309635,1.7881618555309635,0.0,41
148431,1033,2.2197711617970843,2.2197711617970843,0.0,54
148499,1034,2.5068665731344897,2.24686657313449,13.0,68
148604,1035,1.9299107765371581,1.9299107765371581,0.0,105
148695,1036,2.6704148788202504,2.3704148788202506,15.0,91
148751,1037,1.6698892771340732,1.6698892771340732,0.0,56
148804,1038,1.8586452966419025,1.7586452966419024,5.0,53
148833,1039,1.4159060471339826,1.4159060471339826,0.0,29
148875,1040,1.8179856925321292,1.8179856925321292,0.0,42
149024,1041,2.103521486476459,2.0035214864764583,5.0,149
149251,1042,2.99673976621717,2.43673976621717,28.0,227
149583,1043,3.1064635642751592,3.1064635642751592,0.0,332
149652,1044,2.5932054132297666,2.5932054132297666,0.0,69
149675,1045,1.247698436479841,1.247698436479841,0.0,23
150175,1046,-0.6212825483778492,-1.2412825483778498,31.0,500
150306,1047,1.4446844615728005,1.4446844615728005,0.0,131
150429,1048,2.2475144658421464,1.7875144658421465,23.0,123
150460,1049,1.4448288705906742,1.4448288705906742,0.0,31
150606,1050,2.3728631447691146,2.3728631447691146,0.0,146
150722,1051,2.1586949104783963,2.058694910478396,5.0,116
150794,1052,1.8193014895533008,1.8193014895533008,0.0,72
150831,1053,1.659289591490503,1.659289591490503,0.0,37
150915,1054,1.314122529958698,1.314122529958698,0.0,84
151091,1055,2.453510764438684,2.453510764438684,0.0,176
151149,1056,2.2501731009072135,2.230173100907213,1.0,58
151210,1057,2.4584776890788707,2.3384776890788705,6.0,61
151710,1058,0.546273211519837,-4.613726788480159,258.0,500
151762,1059,2.1760337826559786,2.1760337826559786,0.0,52
151933,1060,2.1419770224773598,1.5819770224773593,28.0,171
151993,1061,2.069053795826057,2.069053795826057,0.0,60
152055,1062,2.4058558463806445,2.2458558463806444,8.0,62
152407,1063,3.0244029556494847,3.0044029556494847,1.0,352
152482,1064,2.8430811285817184,2.5830811285817195,13.0,75
152529,1065,1.501225741195549,1.501225741195549,0.0,47
152621,1066,1.3192967734936305,1.3192967734936305,0.0,92
152695,1067,2.0402527903106176,2.020252790310617,1.0,74
152783,1068,3.009599219071695,3.009599219071695,0.0,88
152897,1069,1.7072615885880729,1.6872615885880728,1.0,114
153004,1070,1.4199260874160298,1.2399260874160298,9.0,107
153174,1071,2.9422087161803905,2.7422087161803903,10.0,170
153331,1072,3.1164271499187812,2.076427149918781,52.0,157
153387,1073,2.203666146075221,2.203666146075221,0.0,56
153441,1074,1.7606784940639346,1.7606784940639346,0.0,54
153652,1075,1.6051275172900374,1.5251275172900376,4.0,211
154152,1076,0.09478302088559909,0.09478302088559909,0.0,500
154259,1077,1.7881738899465707,1.7881738899465707,0.0,107
154287,1078,1.4109442873474014,1.4109442873474014,0.0,28
154361,1079,2.757044765720419,2.757044765720419,0.0,74
154387,1080,1.386813438307072,1.386813438307072,0.0,26
154492,1081,3.114743224948155,3.034743224948155,4.0,105
154598,1082,1.4633734497411188,1.4633734497411188,0.0,106
155098,1083,0.10541472348322634,0.08541472348322632,1.0,500
155598,1084,0.7821701016642617,-1.97782989833574,138.0,500
155658,1085,2.3814400767073702,2.3814400767073702,0.0,60
155710,1086,2.036208378448804,2.036208378448804,0.0,52
155767,1087,1.306309413808488,1.306309413808488,0.0,57
155795,1088,1.3612298469134758,1.3612298469134758,0.0,28
155851,1089,2.254444711177722,2.254444711177722,0.0,56
156351,1090,1.5081646597992873,-4.011835340200706,276.0,500
156644,1091,2.0344727834159255,2.0344727834159255,0.0,293
156727,1092,2.5283010043202743,2.4283010043202746,5.0,83
156779,1093,2.141337772097649,2.0813377720976494,3.0,52
156909,1094,1.9029311621366252,1.9029311621366252,0.0,130
156981,1095,2.447189642730728,2.447189642730728,0.0,72
157066,1096,3.022367509101798,3.022367509101798,0.0,85
157154,1097,3.150868242338381,3.0908682423383813,3.0,88
157654,1098,0.5209641909081861,-3.2590358090918095,189.0,500
157689,1099,1.5685981440717298,1.5685981440717298,0.0,35
157761,1100,2.656929314666397,2.396929314666398,13.0,72
157900,1101,2.801846474816796,2.7018464748167954,5.0,139
158021,1102,1.5391079692456262,1.5191079692456262,1.0,121
158085,1103,2.2248125321430856,2.2048125321430856,1.0,64
158154,1104,2.5103990981670083,2.5103990981670083,0.0,69
158654,1105,-0.20162828821657097,-0.20162828821657097,0.0,500
158765,1106,1.990036686449776,1.990036686449776,0.0,111
158791,1107,1.3264991553323022,1.3264991553323022,0.0,26
158922,1108,2.8099035754859916,2.289903575485991,26.0,131
158987,1109,2.357944002705553,2.357944002705553,0.0,65
159059,1110,2.6787734338901226,2.6787734338901226,0.0,72
159254,1111,2.797128138239656,2.397128138239656,20.0,195
159434,1112,3.8835739245063836,2.9435739245063814,47.0,180
159477,1113,1.8493064803632462,1.8493064803632462,0.0,43
159588,1114,1.6858515166199313,1.6858515166199313,0.0,111
159690,1115,3.398765271189345,3.198765271189345,10.0,102
159770,1116,2.974721662218658,2.7147216622186576,13.0,80
159996,1117,3.264147486504969,2.904147486504969,18.0,226
160496,1118,-1.23827546363349,-1.25827546363349,1.0,500
160554,1119,2.2941225695152863,2.2941225695152863,0.0,58
160686,1120,1.8977988092178104,1.8977988092178104,0.0,132
160738,1121,2.07764210611902,2.0176421061190197,3.0,52
160784,1122,1.438156457254609,1.438156457254609,0.0,46
160840,1123,2.107453613105739,2.0874536131057386,1.0,56
160953,1124,1.969580976958003,1.329580976958003,32.0,113
161077,1125,1.9473235819477765,1.9473235819477765,0.0,124
161144,1126,2.3639411618981554,2.3239411618981554,2.0,67
161190,1127,1.6678326366042089,1.6678326366042089,0.0,46
161272,1128,1.4798308546980963,1.4798308546980963,0.0,82
161323,1129,2.0142061024839926,2.0142061024839926,0.0,51
161397,1130,1.6771489838129694,1.6771489838129694,0.0,74
161891,1131,2.417278601337319,-4.942721398662658,368.0,494
161927,1132,1.6459076070247352,1.6459076070247352,0.0,36
162035,1133,3.703992801525522,3.703992801525522,0.0,108
162084,1134,2.0545601102966686,2.0545601102966686,0.0,49
162235,1135,1.8453682912780085,1.8453682912780085,0.0,151
162274,1136,1.691753412029124,1.691753412029124,0.0,39
162350,1137,2.260929867921641,2.220929867921641,2.0,76
162833,1138,3.3725317747749823,2.952531774774983,21.0,483
162970,1139,2.1362116397554587,2.1362116397554587,0.0,137
163031,1140,1.7053253562061645,1.7053253562061645,0.0,61
163157,1141,2.1026857342799716,2.1026857342799716,0.0,126
163238,1142,2.783826387521082,2.6238263875210817,8.0,81
163674,1143,2.7477666436458623,0.027766643645861455,136.0,436
163722,1144,2.0349406383579716,2.0349406383579716,0.0,48
163790,1145,2.494046395315407,2.2540463953154073,12.0,68
163900,1146,2.976450243642625,2.7964502436426253,9.0,110
163925,1147,1.296998039797137,1.296998039797137,0.0,25
164216,1148,2.4536689924278896,1.6136689924278902,42.0,291
164716,1149,0.3433111583757963,-5.596688841624191,297.0,500
164752,1150,1.5961167407287418,1.5961167407287418,0.0,36
164860,1151,2.794253676195684,2.6542536761956845,7.0,108
165100,1152,1.9240218910657638,1.7040218910657638,11.0,240
165176,1153,2.1409182923313406,2.1409182923313406,0.0,76
165284,1154,2.0554297696769157,1.7954297696769153,13.0,108
165427,1155,2.6028770362222837,2.6028770362222837,0.0,143
165498,1156,1.5817664828614044,1.5017664828614044,4.0,71
165584,1157,1.4466779799263203,1.4466779799263203,0.0,86
165642,1158,2.266915668085235,2.266915668085235,0.0,58
166142,1159,-0.10684678300096984,-8.706846783000923,430.0,500
166218,1160,1.711125435475524,1.711125435475524,0.0,76
166359,1161,2.54563679104764,2.4056367910476397,7.0,141
166463,1162,1.6343848028324333,1.6343848028324333,0.0,104
166524,1163,2.410230828571785,2.410230828571785,0.0,61
166678,1164,2.200987324456332,1.7809873244563317,21.0,154
166759,1165,1.453230837463751,1.453230837463751,0.0,81
166963,1166,2.050162409522669,2.050162409522669,0.0,204
167074,1167,1.9079905286630714,1.7479905286630713,8.0,111
167177,1168,2.321749213090401,2.321749213090401,0.0,103
167214,1169,1.3559377665260979,1.3559377665260979,0.0,37
167714,1170,-1.1380681344693788,-9.618068134469326,424.0,500
167761,1171,1.993128613043514,1.753128613043514,12.0,47
167817,1172,1.9511917516995099,1.9511917516995099,0.0,56
168011,1173,2.7950996867376787,2.7950996867376787,0.0,194
168160,1174,3.363334494424613,3.2233344944246127,7.0,149
168354,1175,2.0790337107097523,1.7590337107097522,16.0,194
168854,1176,0.12076770402957271,-6.659232295970404,339.0,500
168931,1177,1.3964319234581388,1.3964319234581388,0.0,77
169165,1178,2.10176924755842,1.4817692475584194,31.0,234
169239,1179,2.0016223449835433,1.7216223449835435,14.0,74
169426,1180,3.2442930258380347,2.3842930258380335,43.0,187
169516,1181,3.1003520385507644,2.340352038550764,38.0,90
169649,1182,2.271232482547791,1.4112324825477904,43.0,133
169712,1183,2.4789081964134954,2.4789081964134954,0.0,63
169900,1184,1.697133033775837,1.697133033775837,0.0,188
169931,1185,1.4170138017917904,1.1970138017917904,11.0,31
170076,1186,2.8222539481254953,2.8222539481254953,0.0,145
170145,1187,2.0568509727522652,1.716850972752265,17.0,69
170191,1188,1.9392489235069916,1.9192489235069916,1.0,46
170691,1189,1.3846594307056743,-3.37534056929432,238.0,500
170785,1190,3.3749412691558236,3.094941269155824,14.0,94
171136,1191,1.4212597447803375,1.3412597447803376,4.0,351
171224,1192,3.118952534704933,2.898952534704933,11.0,88
171296,1193,1.7158933751043564,1.7158933751043564,0.0,72
171395,1194,2.7336801727920026,2.673680172792003,3.0,99
171484,1195,3.171700163141622,3.171700163141622,0.0,89
171593,1196,3.228041453100531,3.208041453100531,1.0,109
171631,1197,1.6166810993037315,1.6166810993037315,0.0,38
171698,1198,2.530335727074643,2.530335727074643,0.0,67
172198,1199,0.4568406828285476,0.39684068282854756,3.0,500
172288,1200,1.8419522302475246,1.7619522302475246,4.0,90
172332,1201,1.864400925323948,1.7644009253239479,5.0,44
172419,1202,2.243259326339887,2.243259326339887,0.0,87
172504,1203,2.794305559914563,2.794305559914563,0.0,85
172672,1204,2.4650180430132735,1.785018043013273,34.0,168
173172,1205,0.3284796238476986,0.24847962384769853,4.0,500
173280,1206,1.4896169433886262,1.4896169433886262,0.0,108
173385,1207,1.4524937698459084,1.2324937698459084,11.0,105
173477,1208,1.4429278342084428,1.4429278342084428,0.0,92
173570,1209,2.946098234383066,2.686098234383066,13.0,93
173623,1210,1.926599948686217,1.6865999486862169,12.0,53
173799,1211,1.7021439022676568,1.2821439022676568,21.0,176
173917,1212,1.9692659008450346,1.8892659008450345,4.0,118
173969,1213,2.0566819003515087,1.9766819003515086,4.0,52
174039,1214,2.408684111035546,2.3086841110355474,5.0,70
174173,1215,2.326669835576628,2.326669835576628,0.0,134
174236,1216,2.3983223153270403,2.3983223153270403,0.0,63
174530,1217,3.211979076595317,2.9719790765953173,12.0,294
174695,1218,2.4434087834679117,2.4434087834679117,0.0,165
175195,1219,0.1833236517714918,0.1833236517714918,0.0,500
175289,1220,2.5388200679629866,2.5388200679629866,0.0,94
175333,1221,1.5762098458812817,1.5762098458812817,0.0,44
175392,1222,2.117496617979144,2.0374966179791434,4.0,59
175537,1223,2.8611697585839027,2.8611697585839027,0.0,145
175681,1224,2.9275588734678815,2.5675588734678816,18.0,144
175710,1225,1.39948942508852,1.39948942508852,0.0,29
175799,1226,3.1965956071170316,2.9765956071170314,11.0,89
175862,1227,1.8880477929933446,1.8880477929933446,0.0,63
175947,1228,1.5416452772697444,1.5016452772697444,2.0,85
176447,1229,0.6590340721277648,-5.980965927872214,332.0,500
176476,1230,1.350284004666951,1.350284004666951,0.0,29
176559,1231,2.4333097548506424,2.253309754850642,9.0,83
176821,1232,2.942478244831162,2.622478244831162,16.0,262
176889,1233,2.51142163544957,2.49142163544957,1.0,68
176968,1234,2.309901608464668,2.309901608464668,0.0,79
177152,1235,3.2814059776261004,2.8014059776261004,24.0,184
177652,1236,-0.08170302506078553,-0.2817030250607855,10.0,500
177690,1237,1.6669518492377584,1.6669518492377584,0.0,38
178062,1238,2.8415678187256432,1.3215678187256437,76.0,372
178101,1239,1.4454325291195778,1.4454325291195778,0.0,39
178149,1240,2.0354037122385336,2.0354037122385336,0.0,48
178274,1241,3.131126283713511,2.8711262837135108,13.0,125
178378,1242,2.538165139692649,2.318165139692649,11.0,104
178487,1243,1.7303971857010443,0.7703971857010439,48.0,109
178560,1244,2.5794764818345186,2.559476481834519,1.0,73
179060,1245,1.5408488840785952,0.560848884078595,49.0,500
179164,1246,3.4937786122625742,2.933778612262575,28.0,104
179456,1247,3.7480575100515257,3.0880575100515255,33.0,292
179539,1248,1.332583165990894,1.332583165990894,0.0,83
179637,1249,1.5043462858054402,1.5043462858054402,0.0,98
179673,1250,1.58621454545133,1.58621454545133,0.0,36
179801,1251,2.1300238661776243,2.010023866177624,6.0,128
179925,1252,2.9499389319560905,2.72993893195609,11.0,124
180009,1253,2.9683719902803634,2.728371990280363,12.0,84
180266,1254,2.7363013755240813,2.7363013755240813,0.0,257
180355,1255,1.8774836841464921,1.8774836841464921,0.0,89
180423,1256,2.32516833897622,2.32516833897622,0.0,68
180505,1257,2.922664894759661,2.922664894759661,0.0,82
180756,1258,3.534538777971311,2.53453877797131,50.0,251
180798,1259,1.8219289165558925,1.8219289165558925,0.0,42
181298,1260,0.0479610881056598,0.0479610881056598,0.0,500
181346,1261,1.930192543319417,1.930192543319417,0.0,48
181432,1262,2.934019420288477,2.6740194202884773,13.0,86
181932,1263,1.0612859281949925,-1.7987140718050094,143.0,500
182030,1264,1.6205366408965993,1.3205366408965995,15.0,98
182317,1265,3.4891930014874064,3.2291930014874057,13.0,287
182697,1266,2.317331765707715,0.7973317657077138,76.0,380
182915,1267,2.1865188041612846,2.1065188041612846,4.0,218
182990,1268,2.543037343874306,2.4430373438743054,5.0,75
183490,1269,0.5113066699161153,0.45130666991611523,3.0,500
183588,1270,3.365651390546545,3.365651390546545,0.0,98
183721,1271,3.0577550777802527,2.6377550777802528,21.0,133
183898,1272,3.2568140529176177,3.2168140529176177,2.0,177
183991,1273,2.675212972137312,2.615212972137312,3.0,93
184075,1274,3.179026512378317,2.8390265123783167,17.0,84
184210,1275,1.8036879955180354,1.8036879955180354,0.0,135
184483,1276,3.8503176078350707,3.3303176078350702,26.0,273
184549,1277,2.590971761512095,2.3509717615120946,12.0,66
184648,1278,3.388439147776011,3.1084391477760107,14.0,99
184752,1279,3.5302344397969696,3.2902344397969703,12.0,104
185044,1280,2.0812273100934555,2.0812273100934555,0.0,292
185098,1281,2.1358804819654273,2.0958804819654273,2.0,54
185200,1282,3.5731458505459357,3.553145850545936,1.0,102
185403,1283,2.8899336694485727,2.4299336694485727,23.0,203
185623,1284,3.1344707384800885,2.3344707384800882,40.0,220
185814,1285,2.424647382613461,1.7246473826134605,35.0,191
186205,1286,3.1079616210596477,1.8079616210596485,65.0,391
186265,1287,2.4116217525607277,2.4116217525607277,0.0,60
186765,1288,-0.7022070024062699,-0.7022070024062699,0.0,500
186910,1289,2.3451992619087454,2.145199261908745,10.0,145
186950,1290,1.7672508961527102,1.7672508961527102,0.0,40
187026,1291,2.7628719911301878,2.5428719911301885,11.0,76
187435,1292,2.7725726607222656,2.5725726607222654,10.0,409
187491,1293,2.261882777427155,2.1818827774271554,4.0,56
187590,1294,1.6460342884738643,1.6460342884738643,0.0,99
187619,1295,1.426861211797276,1.426861211797276,0.0,29
187764,1296,1.6672074032008009,1.6672074032008009,0.0,145
187828,1297,1.9305486645207166,1.9305486645207166,0.0,64
187923,1298,2.6767495263875425,2.6767495263875425,0.0,95
188062,1299,2.5759449705173267,2.4159449705173275,8.0,139
188128,1300,2.5961994583734285,2.5961994583734285,0.0,66
188242,1301,3.755965237325471,3.5359652373254704,11.0,114
188338,1302,3.3616711343776275,3.141671134377627,11.0,96
188419,1303,2.7443455552826546,2.4443455552826556,15.0,81
188445,1304,1.2963002638255798,1.2963002638255798,0.0,26
188473,1305,1.3792915805857073,1.3792915805857073,0.0,28
188679,1306,3.097939732889798,2.9979397328897974,5.0,206
188767,1307,1.3210586065304617,1.0610586065304615,13.0,88
188920,1308,3.171869270949836,2.911869270949836,13.0,153
189044,1309,2.8132666026546884,1.8932666026546876,46.0,124
189268,1310,3.332238356074561,3.1922383560745615,7.0,224
189355,1311,2.9603426808398243,2.9603426808398243,0.0,87
189564,1312,2.76297762362258,2.72297762362258,2.0,209
189658,1313,2.7385549539479968,2.7385549539479968,0.0,94
189764,1314,1.5542510801696496,1.5142510801696496,2.0,106
190264,1315,-0.1611039739738156,-8.301103973973786,407.0,500
190344,1316,2.429926356443425,2.429926356443425,0.0,80
190443,1317,1.6333681704757963,1.5933681704757963,2.0,99
190572,1318,2.5224686657262936,2.462468665726293,3.0,129
190648,1319,2.9118927845050777,2.671892784505078,12.0,76
190697,1320,1.9985951516907166,1.9985951516907166,0.0,49
190775,1321,2.2439367591521355,2.0839367591521354,8.0,78
190919,1322,2.7999623074725966,2.4399623074725962,18.0,144
191077,1323,3.003068996265365,2.9430689962653647,3.0,158
191577,1324,-2.6862317660773605,-2.6862317660773605,0.0,500
192077,1325,-0.03949220817864685,-0.03949220817864685,0.0,500
192195,1326,1.5974456314306442,1.3574456314306442,12.0,118
192695,1327,0.014584346616396626,0.014584346616396626,0.0,500
192765,1328,2.427931710541504,2.147931710541503,14.0,70
193265,1329,-1.2801441527687833,-1.2801441527687833,0.0,500
193765,1330,1.4917249959294336,-2.768275004070562,213.0,500
193853,1331,2.8243732395729193,2.7843732395729193,2.0,88
193901,1332,1.9435866107325037,1.7035866107325037,12.0,48
194065,1333,2.7424901325322364,2.6224901325322363,6.0,164
194100,1334,1.577826475845674,1.577826475845674,0.0,35
194242,1335,2.519733322315445,1.8397333223154444,34.0,142
194344,1336,3.542724335114066,3.262724335114066,14.0,102
194372,1337,1.3881304466273139,1.3881304466273139,0.0,28
194697,1338,4.3887709826485475,4.148770982648546,12.0,325
194828,1339,2.117803286281837,2.117803286281837,0.0,131
194947,1340,1.8207516358845344,1.8207516358845344,0.0,119
195407,1341,2.753157254990003,2.753157254990003,0.0,460
195454,1342,1.9606095642755565,1.6406095642755563,16.0,47
195486,1343,1.4837694104651207,1.4837694104651207,0.0,32
195570,1344,2.8881677977091296,2.5681677977091297,16.0,84
195776,1345,3.145214322748502,2.9452143227485013,10.0,206
196068,1346,2.246951977758067,2.066951977758067,9.0,292
196186,1347,1.4455208223019462,1.0255208223019463,21.0,118
196303,1348,2.2840465813288833,2.164046581328883,6.0,117
196332,1349,1.3544901925270294,1.3544901925270294,0.0,29
196832,1350,2.9430888075417148,2.7830888075417146,8.0,500
196899,1351,2.3163048393479997,2.1163048393479995,10.0,67
197017,1352,1.299806141394805,1.299806141394805,0.0,118
197517,1353,-0.0853420677353589,-0.0853420677353589,0.0,500
198017,1354,-0.05742186382620562,-5.71742186382619,283.0,500
198064,1355,1.5963075484217064,1.5163075484217066,4.0,47
198260,1356,2.484742692581727,2.3047426925817263,9.0,196
198354,1357,3.2126160297122452,3.0726160297122447,7.0,94
198854,1358,0.6020533259469103,0.46205332594691106,7.0,500
198928,1359,1.6642139842412607,1.6642139842412607,0.0,74
198983,1360,2.112725721094437,1.8127257210944365,15.0,55
199024,1361,1.5628841409252123,1.5628841409252123,0.0,41
199139,1362,3.499107431891692,3.4791074318916926,1.0,115
199196,1363,1.8706625197729545,1.8506625197729545,1.0,57
199372,1364,2.5510701402676284,2.5310701402676283,1.0,176
199463,1365,3.252530213796317,3.172530213796317,4.0,91
199537,1366,2.7659635812588372,2.7659635812588372,0.0,74
199705,1367,2.4237070669495124,2.3837070669495124,2.0,168
200205,1368,0.5483049078437692,0.10830490784376898,22.0,500
200348,1369,2.8381063615641127,2.8381063615641127,0.0,143
200502,1370,2.830392520148013,2.4903925201480126,17.0,154
200543,1371,1.8169011998598827,1.8169011998598827,0.0,41
200672,1372,1.8861528555763436,1.3261528555763435,28.0,129
200721,1373,1.8584696772192135,1.8584696772192135,0.0,49
200775,1374,1.9795421864190001,1.9795421864190001,0.0,54
200881,1375,1.8739988521232758,1.8739988521232758,0.0,106
201030,1376,2.3081922340713197,2.3081922340713197,0.0,149
201160,1377,3.448324930576412,3.2083249305764117,12.0,130
201451,1378,2.7536962873319393,1.8536962873319396,45.0,291
201608,1379,2.7332712314319982,2.2732712314319974,23.0,157
201868,1380,2.2155382794844236,2.2155382794844236,0.0,260
201952,1381,2.16788420850916,2.16788420850916,0.0,84
202452,1382,-0.02954769416205405,-0.02954769416205405,0.0,500
202582,1383,2.626000363723812,2.606000363723812,1.0,130
202680,1384,1.738803753971272,1.718803753971272,1.0,98
202792,1385,1.3209441349451332,1.3209441349451332,0.0,112
202965,1386,2.7655578535490406,2.0655578535490413,35.0,173
203006,1387,1.326625258972268,1.326625258972268,0.0,41
203139,1388,2.571390196454815,2.551390196454815,1.0,133
203405,1389,3.753440211773463,3.213440211773462,27.0,266
203504,1390,3.047826788646561,2.847826788646562,10.0,99
203612,1391,2.7511014416445785,2.4911014416445783,13.0,108
203653,1392,1.5287832608967837,1.5287832608967837,0.0,41
203805,1393,2.7991151561190666,2.7991151561190666,0.0,152
203870,1394,2.4106525617582877,2.3906525617582877,1.0,65
204100,1395,1.9711037493057992,1.5311037493057993,22.0,230
204240,1396,2.483673689441112,2.2836736894411116,10.0,140
204314,1397,2.829010948597108,2.4690109485971083,18.0,74
204531,1398,4.296384882872328,3.3363848828723275,48.0,217
204559,1399,1.3482667977250424,1.3482667977250424,0.0,28
204673,1400,1.6069291098320033,1.4269291098320032,9.0,114
204727,1401,2.1400052987870977,2.1400052987870977,0.0,54
204902,1402,2.8700701532699986,1.190070153269998,84.0,175
205178,1403,3.6079504243313276,3.547950424331328,3.0,276
205294,1404,2.046217233437861,1.8062172334378608,12.0,116
205334,1405,1.7545440077035954,1.7545440077035954,0.0,40
205424,1406,1.3957197176922902,1.3957197176922902,0.0,90
205504,1407,2.13748362617753,1.9174836261775297,11.0,80
205638,1408,2.3715508962006586,2.3115508962006586,3.0,134
205755,1409,2.401228330356142,2.261228330356142,7.0,117
205810,1410,2.2393622958190544,2.2393622958190544,0.0,55
205925,1411,3.1415553768933444,2.681555376893344,23.0,115
205953,1412,1.3455026750568766,1.3455026750568766,0.0,28
205997,1413,1.9070069467945303,1.9070069467945303,0.0,44
206027,1414,1.2850115125584667,1.2850115125584667,0.0,30
206158,1415,2.4719124289154197,2.27191242891542,10.0,131
206218,1416,1.351680907890543,1.351680907890543,0.0,60
206718,1417,0.4418668349374655,0.1218668349374652,16.0,500
206853,1418,2.5363288081041064,2.1763288081041057,18.0,135
207353,1419,-0.792298372945627,-1.3922983729456275,30.0,500
207467,1420,2.419510824895289,2.2195108248952886,10.0,114
207548,1421,2.991335382387068,2.771335382387068,11.0,81
208048,1422,1.2757471422138604,-3.224252857786133,225.0,500
208322,1423,3.68063501991744,3.0606350199174397,31.0,274
208822,1424,1.0664238203836256,0.626423820383625,22.0,500
208915,1425,3.146610457995763,2.926610457995763,11.0,93
209066,1426,2.156142074740683,1.9961420747406833,8.0,151
209172,1427,1.8208479460316618,1.8208479460316618,0.0,106
209281,1428,3.6463096002363464,3.426309600236346,11.0,109
209392,1429,1.6551286997749055,1.3951286997749053,13.0,111
209467,1430,2.719019104323892,2.4790191043238927,12.0,75
209546,1431,2.8271259625856713,2.7271259625856716,5.0,79
209612,1432,2.520551995233091,2.460551995233091,3.0,66
209706,1433,3.125144573330417,2.9251445733304164,10.0,94
209801,1434,2.7190962183868885,2.6390962183868885,4.0,95
209960,1435,1.8788742481270961,1.8788742481270961,0.0,159
210167,1436,2.625387285915874,2.205387285915874,21.0,207
210280,1437,2.6738933972716517,2.6738933972716517,0.0,113
210515,1438,2.741557682384384,2.741557682384384,0.0,235
210638,1439,2.8387765849132123,2.5187765849132133,16.0,123
210702,1440,2.519143685052584,2.4191436850525836,5.0,64
210779,1441,2.6125360923936656,2.2925360923936653,16.0,77
211100,1442,2.7917452011947583,2.6517452011947586,7.0,321
211210,1443,1.8370569084564603,1.8170569084564603,1.0,110
211332,1444,2.3710380993133686,2.271038099313369,5.0,122
211367,1445,1.6065875436537214,1.6065875436537214,0.0,35
211499,1446,2.1390651497007647,2.1390651497007647,0.0,132
211609,1447,1.6709452865775265,1.450945286577526,11.0,110
211696,1448,2.991025210884791,2.8310252108847913,8.0,87
211829,1449,3.419209797246478,2.679209797246478,37.0,133
211903,1450,2.707627055476067,2.707627055476067,0.0,74
212403,1451,1.0358753772284883,-7.604124622771486,432.0,500
212586,1452,1.8792932504938817,1.8792932504938817,0.0,183
212809,1453,3.5128959038546093,2.7328959038546095,39.0,223
212843,1454,1.5466325149445188,1.5466325149445188,0.0,34
212989,1455,3.1854339021253,3.0854339021253003,5.0,146
213372,1456,3.1949927875509845,2.3949927875509847,40.0,383
213458,1457,2.73187643005566,2.73187643005566,0.0,86
213527,1458,2.54289368181721,2.34289368181721,10.0,69
213792,1459,3.112709280977496,3.112709280977496,0.0,265
213841,1460,1.9379413883965562,1.857941388396556,4.0,49
213898,1461,2.208526483490098,2.148526483490098,3.0,57
214031,1462,3.0021977501932766,2.9821977501932766,1.0,133
214306,1463,2.9270022178878827,2.6470022178878825,14.0,275
214806,1464,-1.3149931281018192,-2.07499312810182,38.0,500
214876,1465,2.086901443278127,2.086901443278127,0.0,70
214956,1466,2.6550001868300255,2.6150001868300254,2.0,80
215042,1467,1.8698778629204216,1.8098778629204215,3.0,86
215303,1468,2.7521049041246286,2.7521049041246286,0.0,261
215420,1469,2.2435883290839937,2.2435883290839937,0.0,117
215488,1470,2.0419190453108156,1.9019190453108157,7.0,68
215577,1471,1.943148439578466,1.943148439578466,0.0,89
215855,1472,2.5301313550411653,2.0701313550411653,23.0,278
215904,1473,1.981874276826959,1.981874276826959,0.0,49
216305,1474,2.0778186905821294,2.0778186905821294,0.0,401
216365,1475,2.2961457381696113,2.2961457381696113,0.0,60
216480,1476,1.837515549813942,1.837515549813942,0.0,115
216597,1477,2.1043166619292415,1.8243166619292408,14.0,117
216826,1478,2.75778030690985,1.4177803069098491,67.0,229
216952,1479,1.947359953214017,1.3073599532140168,32.0,126
217224,1480,2.078494148220055,0.7984941482200543,64.0,272
217325,1481,2.532872076179985,2.292872076179985,12.0,101
217825,1482,0.36138304087863027,-5.218616959121357,279.0,500
217853,1483,1.382176279265045,1.382176279265045,0.0,28
218069,1484,2.0837386577858106,-0.016261342214189733,105.0,216
218151,1485,2.23110070763113,2.23110070763113,0.0,82
218256,1486,2.8892382855506744,2.8892382855506744,0.0,105
218310,1487,2.2222262878267234,1.9822262878267234,12.0,54
218437,1488,1.651387851690917,1.651387851690917,0.0,127
218592,1489,2.302740773926753,2.302740773926753,0.0,155
218677,1490,1.4316953782775694,1.4316953782775694,0.0,85
218721,1491,1.8161735417781064,1.8161735417781064,0.0,44
218864,1492,1.6996379132918036,1.6796379132918036,1.0,143
219115,1493,3.4783135596152577,3.2983135596152575,9.0,251
219152,1494,1.6215916844326408,1.6215916844326408,0.0,37
219262,1495,1.7310543399527294,1.5910543399527293,7.0,110
219415,1496,2.7206029757946366,2.7206029757946366,0.0,153
219915,1497,0.5372216398433836,0.39722163984338343,7.0,500
220058,1498,1.9920363423830207,1.9920363423830207,0.0,143
220135,1499,2.708745426985815,2.468745426985815,12.0,77
220199,1500,1.7259773702751777,1.7259773702751777,0.0,64
220415,1501,2.1611747805460335,1.841174780546034,16.0,216
220454,1502,1.566022566129197,1.566022566129197,0.0,39
220573,1503,2.19252765787781,2.1725276578778097,1.0,119
220658,1504,2.5451433901764755,2.105143390176475,22.0,85
220824,1505,2.4277494745666814,2.0877494745666807,17.0,166
221087,1506,2.7515588555384327,2.2915588555384323,23.0,263
221181,1507,2.724429117867189,2.504429117867189,11.0,94
221338,1508,2.124062000533428,1.9240620005334277,10.0,157
221838,1509,0.3766372369564527,0.3766372369564527,0.0,500
221874,1510,1.6400126817693916,1.6400126817693916,0.0,36
221959,1511,1.870734539064785,1.870734539064785,0.0,85
221988,1512,1.403071403683959,1.403071403683959,0.0,29
222035,1513,1.693473961698385,1.693473961698385,0.0,47
222535,1514,0.34638306298653987,-3.0136169370134627,168.0,500
222698,1515,2.2056400683009505,1.6656400683009496,27.0,163
222889,1516,3.510310013137555,3.410310013137555,5.0,191
222943,1517,2.106836114379834,1.9268361143798336,9.0,54
223008,1518,2.427532033779073,2.427532033779073,0.0,65
223088,1519,3.029891887260021,3.009891887260021,1.0,80
223141,1520,1.5080861353265234,1.5080861353265234,0.0,53
223295,1521,3.086455781044604,2.606455781044604,24.0,154
223434,1522,1.8152182367729979,1.5552182367729976,13.0,139
223522,1523,3.2716600381165173,2.751660038116516,26.0,88
224007,1524,2.1447018550382206,0.6847018550382203,73.0,485
224172,1525,2.1318897971778052,2.1318897971778052,0.0,165
224672,1526,0.7046460553213172,-4.715353944678676,271.0,500
225172,1527,-0.8389520354262427,-0.8389520354262427,0.0,500
225462,1528,3.5182075839827274,1.2782075839827263,112.0,290
225610,1529,2.214273130173229,2.214273130173229,0.0,148
226073,1530,1.7016032471725924,-2.978396752827403,234.0,463
226215,1531,2.284723771284951,2.284723771284951,0.0,142
226299,1532,2.6965747707646326,2.6965747707646326,0.0,84
226414,1533,1.991120273616942,1.911120273616942,4.0,115
226489,1534,1.3887186453074625,1.1287186453074625,13.0,75
226989,1535,-0.25443915128810524,-0.25443915128810524,0.0,500
227105,1536,2.0857034873592717,1.8057034873592712,14.0,116
227180,1537,2.7480505147630634,2.6480505147630633,5.0,75
227680,1538,-0.9171185946936413,-0.9171185946936413,0.0,500
227849,1539,2.566483352085532,2.566483352085532,0.0,169
227941,1540,3.233311040976799,3.1333110409767992,5.0,92
228001,1541,2.3958465441274477,2.3958465441274477,0.0,60
228285,1542,3.278710492723948,2.4187104927239473,43.0,284
228466,1543,4.046056556019746,3.4860565560197445,28.0,181
228598,1544,2.3108438598802614,2.130843859880261,9.0,132
228676,1545,2.7665829558767294,2.486582955876731,14.0,78
229018,1546,3.6917611943824706,2.7917611943824703,45.0,342
229061,1547,1.8235883830888224,1.6635883830888223,8.0,43
229285,1548,3.025785336677459,2.9657853366774596,3.0,224
229410,1549,1.9610285255477462,1.9610285255477462,0.0,125
229657,1550,1.895479917490757,1.895479917490757,0.0,247
229692,1551,1.3687311543886735,1.3687311543886735,0.0,35
229741,1552,1.8566836077372733,1.8566836077372733,0.0,49
230042,1553,1.4011647049452964,0.6811647049452958,36.0,301
230113,1554,2.6349853060010346,2.3749853060010344,13.0,71
230443,1555,1.852333316722998,1.852333316722998,0.0,330
230756,1556,2.846763506785713,2.726763506785713,6.0,313
230827,1557,2.802598281516321,2.6825982815163214,6.0,71
230987,1558,2.188596848515381,1.6685968485153808,26.0,160
231098,1559,2.504582200084843,2.4445822000848434,3.0,111
231134,1560,1.6271571166199927,1.6271571166199927,0.0,36
231422,1561,1.8952184308123248,0.5952184308123243,65.0,288
231483,1562,2.2968585108415898,2.2968585108415898,0.0,61
231775,1563,1.9587117259794093,1.7787117259794094,9.0,292
231827,1564,2.0804168759896036,2.0804168759896036,0.0,52
231930,1565,2.487032375626843,2.367032375626843,6.0,103
232029,1566,1.4024137056403778,1.4024137056403778,0.0,99
232064,1567,1.5701914493501128,1.5701914493501128,0.0,35
232180,1568,2.664513711320571,2.664513711320571,0.0,116
232286,1569,1.2892351572811074,1.2892351572811074,0.0,106
232351,1570,2.5269969265942516,2.5269969265942516,0.0,65
232409,1571,2.2585750153313624,2.1585750153313623,5.0,58
232909,1572,0.8785790542907239,0.13857905429072342,37.0,500
233179,1573,2.867173802346933,2.7271738023469334,7.0,270
233679,1574,0.33904385346133425,0.33904385346133425,0.0,500
233733,1575,1.4675001660405926,1.4675001660405926,0.0,54
233821,1576,2.9749307917783465,2.674930791778346,15.0,88
233909,1577,2.092045899760433,1.9720458997604324,6.0,88
234063,1578,2.5216501307150154,2.501650130715015,1.0,154
234297,1579,2.6335884574032318,1.6735884574032318,48.0,234
234406,1580,2.550029662677692,2.550029662677692,0.0,109
234459,1581,2.0664361643522975,1.8264361643522975,12.0,53
234522,1582,2.5221085596441,2.3021085596441,11.0,63
234646,1583,3.5429852020472863,3.162985202047287,19.0,124
234729,1584,1.3570847306314484,1.3570847306314484,0.0,83
234771,1585,1.7522883825382547,1.7522883825382547,0.0,42
234927,1586,2.2546276883138052,1.034627688313805,61.0,156
235071,1587,2.263990915652275,1.8239909156522751,22.0,144
235115,1588,1.8540602258963539,1.8540602258963539,0.0,44
235139,1589,1.304771388313275,1.304771388313275,0.0,24
235394,1590,3.837396412871896,2.4173964128718977,71.0,255
235505,1591,3.5673515687775788,3.4073515687775804,8.0,111
235677,1592,1.9461679970339594,1.4661679970339592,24.0,172
235826,1593,2.8457517212158363,2.025751721215836,41.0,149
235957,1594,4.104092827268309,3.76409282726831,17.0,131
236046,1595,2.962625189302455,2.7426251893024554,11.0,89
236148,1596,3.065852482002111,3.065852482002111,0.0,102
236396,1597,2.755821087072525,2.6358210870725247,6.0,248
236509,1598,2.916806886318663,2.7768068863186635,7.0,113
236611,1599,3.036507465769814,2.7965074657698143,12.0,102
236707,1600,1.596636238185838,1.136636238185838,23.0,96
236752,1601,1.57137271013444,1.3513727101344397,11.0,45
236834,1602,1.4139087105514956,1.4139087105514956,0.0,82
236991,1603,1.8350676771531864,1.8150676771531868,1.0,157
237110,1604,3.455919661344285,2.995919661344284,23.0,119
237169,1605,2.0963234702706766,1.996323470270677,5.0,59
237213,1606,1.733305418736646,1.733305418736646,0.0,44
237295,1607,1.2764765689278486,1.2764765689278486,0.0,82
237424,1608,2.822248027864614,2.3022480278646134,26.0,129
237662,1609,3.5312774936179028,3.4912774936179027,2.0,238
237751,1610,3.1401650723995944,2.9001650723995946,12.0,89
237964,1611,2.709000295021165,1.9290002950211647,39.0,213
238093,1612,1.5411062817985695,0.9611062817985693,29.0,129
238183,1613,3.347938720252222,3.347938720252222,0.0,90
238330,1614,2.374567449252365,2.3545674492523645,1.0,147
238411,1615,2.806906339832178,2.5269063398321787,14.0,81
238495,1616,2.8932773080342518,2.633277308034252,13.0,84
238580,1617,3.0600330516105934,2.8600330516105936,10.0,85
238694,1618,1.58381893864048,1.58381893864048,0.0,114
238772,1619,2.243608778746222,2.203608778746222,2.0,78
239061,1620,3.012147139151189,1.672147139151189,67.0,289
239148,1621,2.798487292168815,2.4984872921688153,15.0,87
239208,1622,1.8841090283960569,1.8841090283960569,0.0,60
239256,1623,1.8949817885012286,1.7149817885012286,9.0,48
239317,1624,2.344386306852286,2.344386306852286,0.0,61
239817,1625,0.9085308214219889,0.3885308214219888,26.0,500
239928,1626,2.742425405397542,2.4424254053975423,15.0,111
240125,1627,2.2717715669259144,2.091771566925915,9.0,197
240235,1628,3.6841528720776044,3.3841528720776055,15.0,110
240296,1629,1.9707293348255706,1.8307293348255707,7.0,61
240429,1630,2.2356449315743054,2.175644931574306,3.0,133
240544,1631,1.6084584307405865,1.1084584307405865,25.0,115
240883,1632,2.793898395473745,2.3338983954737453,23.0,339
240952,1633,2.6599722190954966,2.6599722190954966,0.0,69
241271,1634,3.896296126475643,3.016296126475642,44.0,319
241381,1635,2.3142993780154146,2.3142993780154146,0.0,110
241491,1636,2.7941383147943255,2.4141383147943256,19.0,110
241676,1637,2.8143236750263725,2.6543236750263723,8.0,185
241777,1638,3.2556103189422476,3.1756103189422475,4.0,101
242106,1639,3.25973862142697,2.879738621426969,19.0,329
242207,1640,3.245138389261653,3.085138389261653,8.0,101
242315,1641,1.813180125999683,1.813180125999683,0.0,108
242815,1642,-0.1153706973980948,-0.315370697398095,10.0,500
242900,1643,3.0966762386119453,2.3566762386119455,37.0,85
242997,1644,3.5137579173946696,3.5137579173946696,0.0,97
243186,1645,2.0917441570804396,1.8317441570804391,13.0,189
243235,1646,2.04331174705801,2.04331174705801,0.0,49
243369,1647,2.4487917245284354,2.2087917245284356,12.0,134
243455,1648,1.3242944709037487,1.3242944709037487,0.0,86
243509,1649,2.097136101668064,2.097136101668064,0.0,54
243702,1650,2.7380878781162536,2.6780878781162536,3.0,193
243850,1651,2.5047197921903335,2.364719792190334,7.0,148
243919,1652,2.671333093039504,2.671333093039504,0.0,69
244005,1653,3.092896795108301,3.0728967951083006,1.0,86
244089,1654,1.339640695499618,1.339640695499618,0.0,84
244186,1655,2.5646655240468643,2.124665524046864,22.0,97
244276,1656,1.4746154045202922,1.2146154045202922,13.0,90
244391,1657,3.384320569751588,3.304320569751588,4.0,115
244682,1658,2.72963343484955,2.68963343484955,2.0,291
244775,1659,1.560659714200392,1.560659714200392,0.0,93
244808,1660,1.5581393413688815,1.5581393413688815,0.0,33
244883,1661,2.847923286630892,2.5679232866308923,14.0,75
244949,1662,2.6275399548869247,2.6275399548869247,0.0,66
245035,1663,3.1884259726698554,3.1684259726698554,1.0,86
245111,1664,2.8413411166122984,2.8413411166122984,0.0,76
245152,1665,1.8042186762138708,1.5442186762138708,13.0,41
245217,1666,1.9730189233710973,1.8730189233710972,5.0,65
245352,1667,2.3639749475930643,2.3639749475930643,0.0,135
245476,1668,2.082903070788668,2.082903070788668,0.0,124
245530,1669,2.1457720597815046,1.9057720597815044,12.0,54
245644,1670,2.8295228729326136,2.8295228729326136,0.0,114
245755,1671,1.4813116231658283,1.4813116231658283,0.0,111
245832,1672,1.973812642722471,1.973812642722471,0.0,77
245898,1673,2.5070685397917023,2.5070685397917023,0.0,66
246189,1674,3.5496039732594213,3.1496039732594214,20.0,291
246216,1675,1.3424237107055084,1.3424237107055084,0.0,27
246251,1676,1.5557683005057519,1.5557683005057519,0.0,35
246415,1677,2.352428919161303,2.332428919161303,1.0,164
246686,1678,1.7917972513412292,1.7917972513412292,0.0,271
246868,1679,2.8125836533236717,2.792583653323671,1.0,182
247368,1680,0.7241747921102384,-1.1758252078897626,95.0,500
247586,1681,3.4788403322905435,3.198840332290544,14.0,218
247757,1682,2.182571449537063,1.062571449537063,56.0,171
247834,1683,2.9160616876578684,2.596061687657868,16.0,77
247906,1684,2.8343628424912133,2.7543628424912137,4.0,72
247999,1685,1.3072585983484089,1.3072585983484089,0.0,93
248079,1686,3.0038146010356255,2.783814601035626,11.0,80
248142,1687,2.4268548780782844,2.2868548780782847,7.0,63
248231,1688,3.364880129396904,3.124880129396905,12.0,89
248384,1689,2.6854420100492176,2.625442010049218,3.0,153
248413,1690,1.3754507575732051,1.3754507575732051,0.0,29
248485,1691,2.6089399737475825,2.6089399737475825,0.0,72
248562,1692,1.4146327511209287,1.3746327511209286,2.0,77
248712,1693,2.3459801835941896,2.045980183594189,15.0,150
248860,1694,1.5597434822992424,1.5597434822992424,0.0,148
248917,1695,2.292502813549583,2.292502813549583,0.0,57
248988,1696,1.7853694732571632,1.7853694732571632,0.0,71
249116,1697,1.7701376009223186,1.7701376009223186,0.0,128
249312,1698,1.3486126627389743,1.0286126627389742,16.0,196
249384,1699,1.377217329858622,1.377217329858622,0.0,72
249421,1700,1.5223771818285898,1.5223771818285898,0.0,37
249628,1701,1.9980595038936326,1.8380595038936325,8.0,207
249700,1702,2.153888618617792,2.0938886186177914,3.0,72
250002,1703,1.618271977634764,-2.0017280223652323,181.0,302
250121,1704,1.7344251356282774,1.7344251356282774,0.0,119
250212,1705,1.4680616431375086,1.4680616431375086,0.0,91
250712,1706,0.7842268897466701,0.62422688974667,8.0,500
250806,1707,3.1609580644269206,2.9009580644269217,13.0,94
250888,1708,2.505585297494169,2.4455852974941683,3.0,82
251005,1709,1.9924828564627863,1.7724828564627861,11.0,117
251120,1710,1.601831979306891,1.5618319793068909,2.0,115
251184,1711,2.131374902654202,1.9313749026542022,10.0,64
251285,1712,2.8769900524194245,2.7169900524194244,8.0,101
251479,1713,2.2194886158358673,1.6394886158358675,29.0,194
251660,1714,2.5960466772286335,2.4160466772286333,9.0,181
251739,1715,2.72017563992181,2.46017563992181,13.0,79
251893,1716,2.948310082838068,2.1683100828380684,39.0,154
252075,1717,3.420149121165256,3.380149121165256,2.0,182
252257,1718,2.409085369642532,2.1290853696425316,14.0,182
252300,1719,1.8354387389500828,1.8354387389500828,0.0,43
252492,1720,2.2069220781111913,1.7469220781111914,23.0,192
252531,1721,1.660011046237668,1.380011046237668,14.0,39
252936,1722,1.9281809057505501,1.7081809057505501,11.0,405
253353,1723,3.345124197198003,3.1251241971980024,11.0,417
253489,1724,2.96882893758542,2.64882893758542,16.0,136
253603,1725,2.5857080780121318,2.305708078012131,14.0,114
253715,1726,3.0452937607161754,2.705293760716175,17.0,112
253755,1727,1.5270707867942193,1.5270707867942193,0.0,40
253828,1728,2.0970887462518304,2.077088746251831,1.0,73
254018,1729,2.890004199704479,2.7300041997044793,8.0,190
254518,1730,0.044508678217870745,0.044508678217870745,0.0,500
254579,1731,2.1672622257764527,1.8272622257764528,17.0,61
255079,1732,-0.07285476686052106,-0.07285476686052106,0.0,500
255180,1733,3.372833281469102,2.932833281469102,22.0,101
255220,1734,1.638417414395075,1.638417414395075,0.0,40
255310,1735,1.4492490803909197,1.4492490803909197,0.0,90
255351,1736,1.759814617463123,1.759814617463123,0.0,41
255501,1737,2.4247424685191605,2.4247424685191605,0.0,150
255666,1738,2.3822829745798186,2.242282974579819,7.0,165
255750,1739,3.0633051920822485,2.8633051920822483,10.0,84
255857,1740,2.7368099071177427,2.6568099071177427,4.0,107
255938,1741,3.0628618777758208,2.602861877775821,23.0,81
256403,1742,2.174675285074705,2.174675285074705,0.0,465
256445,1743,1.5299550418207561,1.5299550418207561,0.0,42
256675,1744,3.057585313287216,2.857585313287216,10.0,230
256719,1745,1.6584936418646703,1.6584936418646703,0.0,44
256781,1746,2.0952703527012067,1.9952703527012066,5.0,62
256893,1747,1.4092947560921303,1.4092947560921303,0.0,112
257240,1748,3.2678379547107625,3.2678379547107625,0.0,347
257314,1749,2.7987643867093484,2.7987643867093484,0.0,74
257381,1750,2.580311105249738,2.580311105249738,0.0,67
257545,1751,1.9697724359696744,1.9697724359696744,0.0,164
257692,1752,4.390805008539236,3.810805008539236,29.0,147
257864,1753,3.2494543537745844,2.209454353774583,52.0,172
258364,1754,-0.06376017186919247,-0.06376017186919247,0.0,500
258565,1755,2.5672515125407083,1.9672515125407077,30.0,201
258682,1756,1.5427241025570944,0.34272410255709407,60.0,117
258812,1757,3.547431436672002,3.547431436672002,0.0,130
258986,1758,2.254375339642331,2.254375339642331,0.0,174
259075,1759,3.0961801922081236,3.0961801922081236,0.0,89
259466,1760,2.751979402654129,2.5319794026541285,11.0,391
259557,1761,2.3221477667957693,2.0421477667957695,14.0,91
259606,1762,1.9605269294341294,1.9605269294341294,0.0,49
259678,1763,2.7995597220326602,2.579559722032661,11.0,72
259765,1764,1.3285633723939616,0.46856337239396106,43.0,87
259930,1765,3.4754990751884893,3.4354990751884893,2.0,165
260214,1766,1.8050939716507934,1.325093971650793,24.0,284
260294,1767,1.3457568137037057,1.3457568137037057,0.0,80
260390,1768,3.420143119031668,3.000143119031669,21.0,96
260455,1769,1.779349144509787,1.779349144509787,0.0,65
260955,1770,-0.4457024777865901,-0.7657024777865902,16.0,500
261386,1771,2.8102911847399445,-0.7297088152600559,177.0,431
261437,1772,2.118309482785606,2.118309482785606,0.0,51
261548,1773,3.624085358714869,3.384085358714868,12.0,111
262048,1774,0.5213010239502318,0.5213010239502318,0.0,500
262103,1775,1.7950175484427842,1.695017548442784,5.0,55
262212,1776,2.7506192203426485,2.410619220342649,17.0,109
262239,1777,1.3345597338526365,1.3345597338526365,0.0,27
262374,1778,1.4222049236007879,1.1422049236007876,14.0,135
262405,1779,1.449704483110783,1.449704483110783,0.0,31
262626,1780,1.4021395144035473,1.4021395144035473,0.0,221
262708,1781,1.299079864524043,1.299079864524043,0.0,82
262974,1782,2.3455997712155052,2.325599771215505,1.0,266
263067,1783,3.0804044100874277,3.0804044100874277,0.0,93
263183,1784,3.474353818613624,3.3543538186136246,6.0,116
263416,1785,3.4147440966166234,2.194744096616622,61.0,233
263446,1786,1.4407923150317505,1.4407923150317505,0.0,30
263541,1787,1.587931824259162,1.587931824259162,0.0,95
263652,1788,1.989454511856298,1.969454511856298,1.0,111
263826,1789,2.8223816036069724,2.1623816036069714,33.0,174
263860,1790,1.3444281488222192,1.3444281488222192,0.0,34
264360,1791,-0.07281546424612295,-0.2928154642461229,11.0,500
264497,1792,2.7964387314187062,2.6564387314187066,7.0,137
264610,1793,1.9326655702218698,1.9126655702218698,1.0,113
264741,1794,3.0041149287110858,2.984114928711086,1.0,131
264778,1795,1.6244310151481154,1.6244310151481154,0.0,37
265036,1796,3.1087121296033446,3.028712129603345,4.0,258
265230,1797,3.6836295133798895,3.50362951337989,9.0,194
265338,1798,3.4763081346856213,3.456308134685621,1.0,108
265400,1799,1.5642628170527202,1.5642628170527202,0.0,62
265443,1800,1.7923847545622371,1.7923847545622371,0.0,43
265539,1801,2.4223974665178805,2.1223974665178806,15.0,96
265733,1802,3.793603971375721,3.533603971375721,13.0,194
265857,1803,3.5679794920491323,3.4079794920491313,8.0,124
265913,1804,2.167118385014498,2.127118385014498,2.0,56
265947,1805,1.5532028808710647,1.5532028808710647,0.0,34
266041,1806,3.0107740707518964,2.7507740707518966,13.0,94
266214,1807,3.12343605799886,3.0834360579988607,2.0,173
266308,1808,1.624230699169717,1.624230699169717,0.0,94
266808,1809,0.41587652535476227,-5.304123474645224,286.0,500
266998,1810,2.7044026242481154,2.7044026242481154,0.0,190
267202,1811,1.9023524742154903,1.7623524742154903,7.0,204
267259,1812,2.210721912693602,2.1507219126936024,3.0,57
267401,1813,2.3721530242849633,2.132153024284963,12.0,142
267901,1814,-0.04323771484101924,-0.04323771484101924,0.0,500
268028,1815,2.32909880762885,2.1890988076288496,7.0,127
268132,1816,1.6140720854286594,1.6140720854286594,0.0,104
268632,1817,1.2434623353999488,-2.736537664600048,199.0,500
268706,1818,2.788061820593205,2.7280618205932043,3.0,74
268811,1819,1.9579149353687297,1.6779149353687295,14.0,105
268904,1820,3.42742261398198,3.32742261398198,5.0,93
268973,1821,2.6914515656583955,2.4914515656583953,10.0,69
269060,1822,1.2921275358525586,1.2921275358525586,0.0,87
269199,1823,2.503346361666816,1.5033463616668166,50.0,139
269252,1824,2.1667420924009333,2.1667420924009333,0.0,53
269338,1825,3.200714683828325,3.040714683828325,8.0,86
269482,1826,1.8383562919492835,1.7983562919492835,2.0,144
269654,1827,2.9596805539514515,2.9596805539514515,0.0,172
269755,1828,3.3475868670571542,3.3475868670571542,0.0,101
269831,1829,1.4408623713583661,1.4408623713583661,0.0,76
269975,1830,2.469099553067202,1.9090995530672012,28.0,144
270147,1831,3.1139821383526254,2.3539821383526274,38.0,172
270225,1832,2.865488968857635,2.805488968857635,3.0,78
270258,1833,1.5478212624867242,1.5478212624867242,0.0,33
270362,1834,2.6061606807071653,2.5661606807071653,2.0,104
270784,1835,3.6724211247102954,3.172421124710296,25.0,422
270825,1836,1.7694586158003376,1.7294586158003376,2.0,41
270898,1837,2.334044393246465,2.334044393246465,0.0,73
271131,1838,2.0731449836216695,1.4331449836216699,32.0,233
271192,1839,2.434078088758406,2.2740780887584053,8.0,61
271237,1840,1.3136221007145505,1.3136221007145505,0.0,45
271418,1841,1.8183715544745045,1.7583715544745047,3.0,181
271710,1842,1.9015584475115794,1.8615584475115794,2.0,292
271762,1843,2.088941975463561,2.088941975463561,0.0,52
271871,1844,1.8546695271181208,1.8546695271181208,0.0,109
272000,1845,1.7950419468885495,1.2750419468885494,26.0,129
272076,1846,2.2777803570694246,2.017780357069424,13.0,76
272164,1847,2.4954152067036084,2.2754152067036086,11.0,88
272245,1848,2.238592195104726,1.918592195104726,16.0,81
272351,1849,3.481057136921936,3.4610571369219354,1.0,106
272473,1850,2.077120201520457,1.7971202015204568,14.0,122
272554,1851,2.238750150268211,2.238750150268211,0.0,81
272622,1852,1.7059561329175987,1.7059561329175987,0.0,68
272699,1853,2.774704205964287,2.7347042059642868,2.0,77
272815,1854,2.3337793792295143,2.2937793792295142,2.0,116
272940,1855,1.9995822972399493,1.9995822972399493,0.0,125
273027,1856,2.8436258237498913,2.783625823749891,3.0,87
273082,1857,1.3975092829022402,1.3975092829022402,0.0,55
273154,1858,2.7876644499625187,2.6876644499625186,5.0,72
273227,1859,2.6546759348837803,2.59467593488378,3.0,73
273266,1860,1.7271344755550544,1.6471344755550543,4.0,39
273507,1861,1.966547045716451,1.9065470457164508,3.0,241
273614,1862,2.4773141359198707,2.297314135919871,9.0,107
273785,1863,2.9684640560714346,2.8884640560714345,4.0,171
274048,1864,2.002096620213402,1.9220966202134018,4.0,263
274114,1865,2.0419015650625285,1.8219015650625288,11.0,66
274177,1866,2.395635509695736,2.395635509695736,0.0,63
274589,1867,1.9685363107083067,-2.1314636892916896,205.0,412
274643,1868,1.595828394104712,1.595828394104712,0.0,54
274736,1869,3.0334507393766867,2.5534507393766863,24.0,93
274774,1870,1.691576703989089,1.611576703989089,4.0,38
275274,1871,0.26542676963030176,-5.67457323036969,297.0,500
275366,1872,2.704603530597243,2.704603530597243,0.0,92
275459,1873,3.053940927686439,2.933940927686439,6.0,93
275567,1874,3.1525014071458464,2.7925014071458474,18.0,108
275687,1875,1.7193099243961572,1.539309924396157,9.0,120
275729,1876,1.5051798332106598,1.5051798332106598,0.0,42
275803,1877,2.498136234133513,2.258136234133513,12.0,74
275892,1878,2.398689564946292,2.338689564946292,3.0,89
276136,1879,2.960507761367391,2.9405077613673907,1.0,244
276291,1880,2.3267304609378225,2.1467304609378224,9.0,155
276438,1881,2.8064704642030263,2.4664704642030264,17.0,147
276551,1882,1.6510008345784575,1.6510008345784575,0.0,113
276631,1883,2.678564047805991,2.59856404780599,4.0,80
276772,1884,2.880530848363229,2.880530848363229,0.0,141
276888,1885,1.9711121297922476,1.8911121297922475,4.0,116
277104,1886,3.2737621111813415,3.2737621111813415,0.0,216
277604,1887,-0.3288415606425312,-0.5088415606425314,9.0,500
277638,1888,1.4324479371325973,1.4324479371325973,0.0,34
278138,1889,0.8425288802065438,0.6825288802065438,8.0,500
278183,1890,1.7943487470145072,1.7943487470145072,0.0,45
278215,1891,1.4923803346258775,1.4923803346258775,0.0,32
278286,1892,2.6727236461860455,2.6727236461860455,0.0,71
278315,1893,1.3726206390253315,1.3726206390253315,0.0,29
278385,1894,2.6105109335405823,2.370510933540582,12.0,70
278446,1895,1.915248178915679,1.915248178915679,0.0,61
278612,1896,2.7038022725623376,2.5638022725623375,7.0,166
279028,1897,3.5426214883913234,3.0026214883913234,27.0,416
279103,1898,1.3632639846047543,1.3632639846047543,0.0,75
279203,1899,3.4714237969674726,2.9114237969674726,28.0,100
279280,1900,2.845736783347126,2.845736783347126,0.0,77
279780,1901,-0.24495675856120158,-3.4249567585612044,159.0,500
279835,1902,1.9616827008357773,1.9616827008357773,0.0,55
279907,1903,2.7562648925915236,2.7562648925915236,0.0,72
279966,1904,2.3283287395554293,2.3283287395554293,0.0,59
280039,1905,2.5669631707248173,2.5069631707248172,3.0,73
280493,1906,3.4777679328326103,3.4777679328326103,0.0,454
280533,1907,1.6855778878137566,1.6855778878137566,0.0,40
280564,1908,1.3493075314602774,1.3493075314602774,0.0,31
280633,1909,2.227454804006717,1.9074548040067174,16.0,69
281113,1910,2.825586603330575,2.6855866033305746,7.0,480
281276,1911,2.6960923726169415,2.5760923726169414,6.0,163
281702,1912,2.761314722567546,-0.1986852774324559,148.0,426
281838,1913,2.3032698304356964,2.203269830435696,5.0,136
281947,1914,1.4627527648202567,1.4627527648202567,0.0,109
282147,1915,2.823623188278559,2.2636231882785585,28.0,200
282482,1916,4.128816103220777,3.9088161032207767,11.0,335
282545,1917,2.3766945291151225,2.3766945291151225,0.0,63
282642,1918,3.2342404176316757,3.1342404176316756,5.0,97
282729,1919,2.9593972941507185,2.9193972941507185,2.0,87
282760,1920,1.4048529646564931,1.4048529646564931,0.0,31
283260,1921,0.22571017887194889,-0.41428982112805135,32.0,500
283760,1922,-0.08931094172412402,-0.08931094172412402,0.0,500
283805,1923,1.7843307867819098,1.7843307867819098,0.0,45
283989,1924,3.602232428978502,3.602232428978502,0.0,184
284062,1925,2.3618381819786087,2.2018381819786086,8.0,73
284179,1926,2.268192500863769,1.9881925008637689,14.0,117
284347,1927,2.8907831455456146,2.6507831455456143,12.0,168
284374,1928,1.3393579619222664,1.3393579619222664,0.0,27
284558,1929,2.953532808503454,2.913532808503454,2.0,184
284622,1930,1.8943430583627676,1.7543430583627675,7.0,64
284681,1931,2.2602344598133475,2.2602344598133475,0.0,59
285181,1932,0.18196955521534575,0.18196955521534575,0.0,500
285681,1933,0.3600966306393856,0.3600966306393856,0.0,500
285747,1934,2.551893496089962,2.491893496089962,3.0,66
285877,1935,2.0784467393855843,1.3784467393855842,35.0,130
286052,1936,1.4118737999080129,1.1318737999080126,14.0,175
286164,1937,2.091138892939135,1.4311388929391349,33.0,112
286262,1938,2.4938596934548816,2.2938596934548814,10.0,98
286374,1939,3.1877403190404925,2.8077403190404917,19.0,112
286399,1940,1.31987877260544,1.31987877260544,0.0,25
286509,1941,1.8496061733635925,1.1296061733635925,36.0,110
287009,1942,0.36963331246259434,-0.1303666875374057,25.0,500
287142,1943,1.3914244506335072,1.3914244506335072,0.0,133
287273,1944,2.1927994248400093,2.1927994248400093,0.0,131
287398,1945,2.064717962626072,1.884717962626072,9.0,125
287559,1946,2.221543260222114,2.221543260222114,0.0,161
287614,1947,2.2402986087588164,2.2402986087588164,0.0,55
287675,1948,1.6628494853385734,1.6628494853385734,0.0,61
287790,1949,2.62903762779393,2.62903762779393,0.0,115
287850,1950,1.627144879471139,1.627144879471139,0.0,60
288271,1951,2.3054451822962223,2.065445182296222,12.0,421
288323,1952,2.1060274441993867,2.1060274441993867,0.0,52
288405,1953,3.038605522211472,3.038605522211472,0.0,82
288542,1954,2.451760755674299,2.2717607556742987,9.0,137
289042,1955,-0.12776951807311665,-0.12776951807311665,0.0,500
289542,1956,0.17271099840236426,0.17271099840236426,0.0,500
290042,1957,0.01754549281337736,-0.24245450718662265,13.0,500
290424,1958,2.513150921556534,1.433150921556535,54.0,382
290591,1959,3.7594325232720687,3.5194325232720685,12.0,167
290689,1960,1.7839250388977026,1.7039250388977025,4.0,98
290776,1961,1.3262907124692451,1.3262907124692451,0.0,87
290878,1962,3.444608669318372,3.184608669318372,13.0,102
291031,1963,2.4846105494192416,2.424610549419242,3.0,153
291109,1964,2.045009997369968,2.045009997369968,0.0,78
291152,1965,1.7430864340255696,1.7430864340255696,0.0,43
291288,1966,2.7084814080943076,2.5084814080943074,10.0,136
291355,1967,2.576487774938001,2.396487774938001,9.0,67
291663,1968,2.812805494909923,2.252805494909923,28.0,308
291769,1969,1.8378222992118407,1.8378222992118407,0.0,106
291821,1970,1.7639370137385912,1.7639370137385912,0.0,52
292022,1971,2.625402345709144,2.545402345709144,4.0,201
292522,1972,0.38481775722987255,-4.15518224277012,227.0,500
292587,1973,2.590897529027282,2.590897529027282,0.0,65
292671,1974,2.6042699608009015,2.6042699608009015,0.0,84
292737,1975,2.3184013104936634,2.3184013104936634,0.0,66
292897,1976,2.9534560972724027,2.613456097272403,17.0,160
292961,1977,2.081814051402427,2.081814051402427,0.0,64
293032,1978,2.6748090048916255,2.494809004891626,9.0,71
293104,1979,2.708862723151161,2.708862723151161,0.0,72
293254,1980,2.3069183347918694,2.2069183347918693,5.0,150
293587,1981,3.245288250428369,2.305288250428367,47.0,333
293812,1982,3.3761737253457946,3.116173725345794,13.0,225
293910,1983,3.3471011707167304,3.28710117071673,3.0,98
294100,1984,2.125185630198236,2.125185630198236,0.0,190
294168,1985,2.4501884876071527,2.4501884876071527,0.0,68
294641,1986,2.7607312123527907,1.7607312123527912,50.0,473
295141,1987,0.22956932119661388,0.2095693211966139,1.0,500
295245,1988,3.446163818615695,3.1461638186156953,15.0,104
295298,1989,2.0832384215181916,2.0832384215181916,0.0,53
295423,1990,2.9568086250647494,2.69680862506475,13.0,125
295698,1991,1.9396679369176015,1.2196679369176016,36.0,275
295750,1992,2.04516109554939,1.9851610955493897,3.0,52
295835,1993,2.98774278245591,2.72774278245591,13.0,85
295884,1994,1.60920327044811,1.60920327044811,0.0,49
296040,1995,2.1048739867610595,1.7848739867610592,16.0,156
296093,1996,1.7792677413464746,1.7792677413464746,0.0,53
296275,1997,3.334462567278572,2.954462567278571,19.0,182
296311,1998,1.460239109839982,1.460239109839982,0.0,36
296811,1999,1.007864673837804,-1.5521353261621975,128.0,500
296840,2000,1.3856013140969965,1.3856013140969965,0.0,29
296995,2001,3.880624498732025,3.800624498732025,4.0,155
297146,2002,2.1801702748548233,2.0601702748548227,6.0,151
297301,2003,4.027816966601573,3.7478169666015715,14.0,155
297438,2004,2.6485894067671945,2.4085894067671947,12.0,137
297468,2005,1.4710618524236159,1.4710618524236159,0.0,30
297522,2006,1.9698130311328694,1.9698130311328694,0.0,54
297598,2007,2.37009109060794,2.37009109060794,0.0,76
297768,2008,3.1073544182255812,2.9873544182255816,6.0,170
297898,2009,2.2129962123104554,2.1129962123104553,5.0,130
298074,2010,2.5433559699277066,1.7633559699277073,39.0,176
298165,2011,2.2564642900077025,1.8564642900077024,20.0,91
298210,2012,1.9196464852427864,1.9196464852427864,0.0,45
298357,2013,1.4781670137363994,1.4781670137363994,0.0,147
298453,2014,2.7429723861923723,2.662972386192372,4.0,96
298570,2015,3.0476760028069196,3.0476760028069196,0.0,117
298698,2016,1.4218148870921594,1.3418148870921593,4.0,128
299198,2017,-0.30501146704569804,-0.6650114670456984,18.0,500
299673,2018,3.320812427662694,1.6008124276626923,86.0,475
299755,2019,2.9266306382014244,2.8666306382014244,3.0,82
299829,2020,2.7149252395050993,2.4749252395051,12.0,74
300329,2021,0.052162611834847716,0.012162611834847709,2.0,500
300413,2022,2.8976275843667127,2.7376275843667126,8.0,84
300483,2023,2.3190444625447215,2.3190444625447215,0.0,70
300571,2024,3.0949043348157814,2.9149043348157813,9.0,88
300704,2025,2.455412605545529,1.4954126055455286,48.0,133
300801,2026,1.5147611510939576,1.5147611510939576,0.0,97
300908,2027,2.7587022528369785,2.7187022528369784,2.0,107
300967,2028,1.3245912531466593,1.3245912531466593,0.0,59
301056,2029,2.899928043614957,2.899928043614957,0.0,89
301085,2030,1.3970865420990912,1.3970865420990912,0.0,29
301180,2031,3.501340450872464,3.221340450872465,14.0,95
301293,2032,1.889211957420831,1.889211957420831,0.0,113
301363,2033,1.5630024770194813,1.5630024770194813,0.0,70
301446,2034,1.9150067994630384,1.6950067994630382,11.0,83
301865,2035,2.8015067688814694,2.5015067688814696,15.0,419
302365,2036,0.35543757855948965,-6.364562421440492,336.0,500
302549,2037,4.106899840839156,3.1268998408391564,49.0,184
302651,2038,3.6000650068699063,3.5800650068699067,1.0,102
303151,2039,0.21901867144277465,0.21901867144277465,0.0,500
303235,2040,1.6089089273983297,1.6089089273983297,0.0,84
303361,2041,1.321383972656826,1.321383972656826,0.0,126
303454,2042,3.2254708182837795,2.7654708182837795,23.0,93
303529,2043,1.9131652512013608,1.6331652512013608,14.0,75
303908,2044,4.081231090365385,3.341231090365387,37.0,379
303944,2045,1.5615731888748026,1.5615731888748026,0.0,36
304035,2046,2.8453967256513586,2.2453967256513585,30.0,91
304337,2047,2.415650328424038,0.4356503284240365,99.0,302
304436,2048,1.504053397548109,1.504053397548109,0.0,99
304541,2049,1.2798744391945436,1.2798744391945436,0.0,105
304629,2050,1.5637373093956732,1.5437373093956732,1.0,88
304706,2051,2.1591090894212432,2.1591090894212432,0.0,77
304774,2052,2.334992911743099,2.334992911743099,0.0,68
304809,2053,1.5588039041534865,1.5588039041534865,0.0,35
304972,2054,2.5690154379302332,2.549015437930233,1.0,163
305057,2055,2.4938736735659797,2.4938736735659797,0.0,85
305557,2056,0.03064848364838957,-1.4693515163516113,75.0,500
305707,2057,2.262422106377409,2.262422106377409,0.0,150
305755,2058,1.5921793171444414,1.5921793171444414,0.0,48
305895,2059,3.035990198951988,3.035990198951988,0.0,140
306006,2060,1.8547165633950664,1.7547165633950668,5.0,111
306315,2061,2.2251586617111063,2.2251586617111063,0.0,309
306344,2062,1.3831449464777341,1.3831449464777341,0.0,29
306395,2063,2.0345469836127332,2.0145469836127337,1.0,51
306469,2064,2.7258538869454827,2.665853886945483,3.0,74
306498,2065,1.4215038359883772,1.4215038359883772,0.0,29
306582,2066,3.0780262149991735,3.0780262149991735,0.0,84
306714,2067,2.0973698036130966,1.8573698036130963,12.0,132
306809,2068,2.4944985438978464,1.8544985438978463,32.0,95
306919,2069,2.1831705612624974,2.163170561262498,1.0,110
306973,2070,2.1834110518249688,2.1634110518249687,1.0,54
307026,2071,2.1888161247000153,2.1888161247000153,0.0,53
307346,2072,2.2674266813898143,2.2674266813898143,0.0,320
307372,2073,1.2981853868915476,1.2981853868915476,0.0,26
307443,2074,1.7937414079022562,1.7337414079022562,3.0,71
307788,2075,2.5843275911547297,2.24432759115473,17.0,345
308288,2076,0.28764735561389987,0.28764735561389987,0.0,500
308788,2077,0.5025185394034994,0.0025185394034989983,25.0,500
308898,2078,3.634922272570117,3.314922272570116,16.0,110
309004,2079,2.2479195938451912,2.2479195938451912,0.0,106
309077,2080,1.4416528306714949,1.4416528306714949,0.0,73
309211,2081,1.54730994662706,0.9873099466270597,28.0,134
309401,2082,3.163068065941909,2.52306806594191,32.0,190
309433,2083,1.50102264923893,1.50102264923893,0.0,32
309530,2084,3.0439887357524684,2.323988735752468,36.0,97
309584,2085,1.6331717202094267,1.6331717202094267,0.0,54
309753,2086,2.8408226975249726,2.8408226975249726,0.0,169
309805,2087,2.124094041343194,2.124094041343194,0.0,52
309946,2088,2.470831347245541,2.470831347245541,0.0,141
310129,2089,3.2347625033149088,2.5547625033149086,34.0,183
310228,2090,3.0730137731956884,3.053013773195688,1.0,99
310434,2091,1.7090825350470777,1.7090825350470777,0.0,206
310501,2092,2.3820837561942243,2.1220837561942245,13.0,67
310659,2093,1.6670639627230486,1.6670639627230486,0.0,158
310789,2094,3.2072288892820477,2.987228889282048,11.0,130
310849,2095,2.2770841923057925,2.097084192305793,9.0,60
310950,2096,1.4354598764788364,1.4354598764788364,0.0,101
311050,2097,2.675251324751339,2.1352513247513385,27.0,100
311234,2098,2.7294416198385707,2.449441619838571,14.0,184
311353,2099,2.474029379325285,2.314029379325285,8.0,119
311537,2100,2.243617379460974,1.8036173794609742,22.0,184
311604,2101,2.3280400450892005,2.2480400450892004,4.0,67
312104,2102,1.926741495358029,-0.45325850464197287,119.0,500
312128,2103,1.287330178427274,1.287330178427274,0.0,24
312169,2104,1.8171002865428656,1.8171002865428656,0.0,41
312305,2105,3.378058246990751,2.23805824699075,57.0,136
312455,2106,2.5709072241411395,2.2309072241411396,17.0,150
312547,2107,2.522586458364862,2.522586458364862,0.0,92
312592,2108,1.8511793640888365,1.8511793640888365,0.0,45
312688,2109,2.089974852640438,1.769974852640438,16.0,96
312713,2110,1.2856255051713759,1.2856255051713759,0.0,25
312757,2111,1.8991377840271775,1.8991377840271775,0.0,44
312809,2112,1.9603584183264944,1.9603584183264944,0.0,52
312835,2113,1.2766287904452884,1.2766287904452884,0.0,26
312932,2114,1.9715277928495412,1.871527792849541,5.0,97
313016,2115,2.9191413186062363,2.9191413186062363,0.0,84
313110,2116,2.940955088175787,2.720955088175787,11.0,94
313141,2117,1.4545861918317513,1.4545861918317513,0.0,31
313197,2118,2.160376343585427,2.160376343585427,0.0,56
313282,2119,2.825092603475439,2.825092603475439,0.0,85
313396,2120,1.3734423384826318,1.3734423384826318,0.0,114
313602,2121,2.419385152570732,2.419385152570732,0.0,206
314102,2122,-0.9688505922858912,-9.428850592285846,423.0,500
314156,2123,1.8482677926011466,1.8482677926011466,0.0,54
314214,2124,2.148620289156556,1.9086202891565553,12.0,58
314714,2125,-1.2597181481367765,-1.2597181481367765,0.0,500
314788,2126,2.11180776748453,2.11180776748453,0.0,74
314882,2127,3.019089825288952,2.5790898252889525,22.0,94
315005,2128,3.2092032569119744,3.149203256911975,3.0,123
315112,2129,1.629349491804893,1.389349491804893,12.0,107
315612,2130,-0.17371633161910904,-0.17371633161910904,0.0,500
315707,2131,2.9951307493969366,2.8751307493969365,6.0,95
315765,2132,1.4263044046672488,1.4263044046672488,0.0,58
315916,2133,2.636213075806075,2.556213075806075,4.0,151
315990,2134,2.6453571555063453,2.6453571555063453,0.0,74
316037,2135,1.9066859618454408,1.786685961845441,6.0,47
316325,2136,3.309677874055387,3.269677874055388,2.0,288
316399,2137,2.3955522415149257,2.2755522415149265,6.0,74
316466,2138,2.1280737737432194,1.8680737737432194,13.0,67
316534,2139,2.638365798163706,2.538365798163706,5.0,68
316607,2140,2.6360211899250188,2.6360211899250188,0.0,73
316702,2141,2.732447286323233,2.732447286323233,0.0,95
316807,2142,2.1983574542759077,2.1383574542759076,3.0,105
316951,2143,1.3195064699077652,0.2995064699077645,51.0,144
317066,2144,1.5447131691920726,1.5047131691920725,2.0,115
317151,2145,2.741324038114062,2.6413240381140617,5.0,85
317228,2146,2.669357105173554,2.629357105173554,2.0,77
317546,2147,2.3965434213448145,1.4165434213448134,49.0,318
318046,2148,-0.0772983402844507,-0.33729834028445094,13.0,500
318126,2149,1.7349433365740907,1.7349433365740907,0.0,80
318212,2150,3.0404652888699903,3.0404652888699903,0.0,86
318278,2151,2.3716616271702993,2.011661627170299,18.0,66
318431,2152,2.5778630821965782,2.337863082196578,12.0,153
318458,2153,1.3270066051731553,1.3270066051731553,0.0,27
318535,2154,2.8050518077154933,2.8050518077154933,0.0,77
319019,2155,3.8233467503512,3.5033467503512,16.0,484
319366,2156,2.4225843085244287,-1.2574156914755654,184.0,347
319412,2157,1.9122507963171276,1.8522507963171275,3.0,46
319526,2158,1.6472565578223872,1.6472565578223872,0.0,114
319607,2159,2.030855936344222,1.770855936344222,13.0,81
319675,2160,2.439077278437753,2.379077278437753,3.0,68
320133,2161,2.643737520794815,2.463737520794815,9.0,458
320191,2162,2.10188405288472,2.0418840528847197,3.0,58
320552,2163,2.985677819124925,2.1856778191249244,40.0,361
320635,2164,2.877092362383199,2.877092362383199,0.0,83
320713,2165,1.9202363902647162,1.9202363902647162,0.0,78
320885,2166,2.630989879174031,2.3109898791740306,16.0,172
320993,2167,3.5383975700670063,3.258397570067006,14.0,108
321244,2168,2.5610582829079784,2.5610582829079784,0.0,251
321408,2169,2.086702631690525,2.046702631690525,2.0,164
321520,2170,2.1258358508557995,2.1258358508557995,0.0,112
321615,2171,1.6496668455305712,1.6496668455305712,0.0,95
322115,2172,0.33459916296972314,-0.445400837030277,39.0,500
322341,2173,2.29464603295335,2.27464603295335,1.0,226
322426,2174,2.2261115789956545,2.206111578995655,1.0,85
322563,2175,2.342683167852597,2.3226831678525968,1.0,137
322637,2176,2.098752999019455,2.0387529990194553,3.0,74
322689,2177,2.050065591218984,2.050065591218984,0.0,52
322729,2178,1.445685893870109,1.445685893870109,0.0,40
322843,2179,3.6420794210383636,3.3020794210383637,17.0,114
323034,2180,3.1465029712896238,2.226502971289623,46.0,191
323084,2181,1.8159036789921206,1.5359036789921203,14.0,50
323136,2182,2.0863428426443598,2.0863428426443598,0.0,52
323223,2183,2.276416054888811,2.2564160548888115,1.0,87
323447,2184,2.9855610454607597,2.74556104546076,12.0,224
323481,2185,1.5914761040112633,1.5914761040112633,0.0,34
323552,2186,2.508552590251175,2.3085525902511748,10.0,71
323662,2187,2.0300361277172376,1.9500361277172376,4.0,110
323762,2188,2.7461411509725036,2.1661411509725044,29.0,100
323810,2189,1.9250910842342515,1.6850910842342512,12.0,48
324064,2190,1.5018276939448219,1.5018276939448219,0.0,254
324564,2191,0.028447033281569167,0.028447033281569167,0.0,500
324671,2192,3.184699319922778,2.844699319922779,17.0,107
324709,2193,1.6883461922331147,1.6883461922331147,0.0,38
324807,2194,3.204388302857978,2.9643883028579783,12.0,98
324962,2195,2.0632482148338056,1.7032482148338053,18.0,155
325011,2196,1.8117750670576753,1.6917750670576757,6.0,49
325088,2197,2.755680422392767,2.635680422392767,6.0,77
325128,2198,1.6847492124764396,1.6847492124764396,0.0,40
325196,2199,2.527374716371758,2.4073747163717583,6.0,68
325658,2200,3.0726054320081544,1.2726054320081546,90.0,462
325714,2201,2.1712837429633147,2.0512837429633146,6.0,56
326126,2202,2.7839280045859756,2.7839280045859756,0.0,412
326252,2203,2.120758020856548,2.120758020856548,0.0,126
326365,2204,1.9603935257098495,1.8803935257098494,4.0,113
326428,2205,2.4067036653223783,2.4067036653223783,0.0,63
326478,2206,1.442266888784119,1.442266888784119,0.0,50
326785,2207,3.1122266177710687,2.052226617771066,53.0,307
326880,2208,1.6943950166705561,1.6943950166705561,0.0,95
326980,2209,2.9503656608582576,2.5703656608582577,19.0,100
327039,2210,1.8129899395224307,1.8129899395224307,0.0,59
327129,2211,2.8779191986310275,2.777919198631027,5.0,90
327207,2212,2.828389040017945,2.828389040017945,0.0,78
327260,2213,2.1819805498476077,2.1019805498476076,4.0,53
327398,2214,2.350678760241185,2.0706787602411847,14.0,138
327476,2215,2.7138987637327316,2.213898763732732,25.0,78
327520,2216,1.8481755469029788,1.8481755469029788,0.0,44
327676,2217,1.4428947186889087,1.1428947186889087,15.0,156
327754,2218,1.8298103121490177,1.5298103121490176,15.0,78
327847,2219,2.0672039782126026,1.9672039782126025,5.0,93
327922,2220,2.600415283342227,2.600415283342227,0.0,75
328009,2221,1.9052846736055629,1.7452846736055627,8.0,87
328509,2222,0.5181768218616107,-4.181823178138383,235.0,500
328555,2223,1.9585725985746874,1.7585725985746874,10.0,46
328599,2224,1.7881927933013462,1.7281927933013461,3.0,44
328684,2225,2.32875849609771,2.32875849609771,0.0,85
328806,2226,2.160394400278231,1.7203944002782312,22.0,122
328899,2227,1.9229683928815362,1.9229683928815362,0.0,93
328975,2228,2.831028680582139,2.831028680582139,0.0,76
329185,2229,2.2093636250926876,2.0893636250926875,6.0,210
329280,2230,2.930298126648652,2.9102981266486516,1.0,95
329357,2231,2.956118268261323,2.936118268261323,1.0,77
329390,2232,1.4814629624108577,1.4814629624108577,0.0,33
329486,2233,3.258606772635141,2.778606772635142,24.0,96
329986,2234,0.08013201317709573,0.08013201317709573,0.0,500
330068,2235,1.4484457865761828,1.4484457865761828,0.0,82
330133,2236,2.210753072891123,2.0107530728911227,10.0,65
330236,2237,3.539442759415776,3.319442759415777,11.0,103
330334,2238,1.9985812827303562,1.758581282730356,12.0,98
330463,2239,1.8280927344237714,1.7880927344237714,2.0,129
330671,2240,2.982114709305252,2.522114709305252,23.0,208
331157,2241,2.9354877122005263,2.695487712200527,12.0,486
331268,2242,3.6581570828613037,3.638157082861304,1.0,111
331373,2243,1.559022052270314,1.559022052270314,0.0,105
331873,2244,0.04070154779287183,-1.8192984522071294,93.0,500
331991,2245,1.986814303793419,1.1068143037934186,44.0,118
332093,2246,1.9708112431096587,1.9708112431096587,0.0,102
332138,2247,1.8139854777231248,1.8139854777231248,0.0,45
332208,2248,1.3958194310431877,1.3958194310431877,0.0,70
332304,2249,1.442639000934939,1.442639000934939,0.0,96
332390,2250,3.0947163424683315,2.554716342468331,27.0,86
332514,2251,1.8605626803929867,1.7205626803929868,7.0,124
332597,2252,2.8632527838105064,2.8632527838105064,0.0,83
333097,2253,-2.531994868903699,-2.531994868903699,0.0,500
333154,2254,2.1304041568048655,2.1304041568048655,0.0,57
333351,2255,2.8454576224153536,2.785457622415354,3.0,197
333427,2256,2.7138906402964764,2.453890640296476,13.0,76
333522,2257,2.608256579093852,2.608256579093852,0.0,95
333884,2258,2.536694324294142,2.3766943242941414,8.0,362
333989,2259,2.0746376530119424,1.9146376530119422,8.0,105
334048,2260,1.9944070559986757,1.9944070559986757,0.0,59
334136,2261,2.0738753654071234,2.0738753654071234,0.0,88
334243,2262,3.31140016789131,3.2314001678913105,4.0,107
334320,2263,2.7504904402350165,2.7504904402350165,0.0,77
334360,2264,1.6037906391629289,1.6037906391629289,0.0,40
334451,2265,2.9310463047260855,2.5510463047260847,19.0,91
334951,2266,0.5656798137449606,-5.514320186255023,304.0,500
335016,2267,2.5225067150575677,2.462506715057568,3.0,65
335122,2268,1.5885909996043224,1.5885909996043224,0.0,106
335501,2269,3.2588947438277973,3.1788947438277972,4.0,379
335552,2270,2.118175299229903,2.118175299229903,0.0,51
335599,2271,1.4421375772242873,1.4421375772242873,0.0,47
335715,2272,1.477515059246782,1.477515059246782,0.0,116
335787,2273,1.5501228258279793,1.5501228258279793,0.0,72
335891,2274,1.4969668297873375,1.4569668297873375,2.0,104
335971,2275,1.3096505232183628,1.2896505232183628,1.0,80
336281,2276,2.33131707087122,0.8513170708712188,74.0,310
336781,2277,0.9935263803286396,0.5135263803286392,24.0,500
337158,2278,2.36107884222974,2.24107884222974,6.0,377
337191,2279,1.5361366627215256,1.5361366627215256,0.0,33
337308,2280,2.0555407037218334,1.915540703721833,7.0,117
337423,2281,2.311260081706079,1.8712600817060778,22.0,115
337535,2282,2.068816398491035,2.068816398491035,0.0,112
337582,2283,1.933814892386221,1.893814892386221,2.0,47
337631,2284,1.9907532537354058,1.9907532537354058,0.0,49
337889,2285,2.9573454629565092,2.7373454629565095,11.0,258
337988,2286,2.232971109354156,2.1729711093541555,3.0,99
338027,2287,1.5613164985913555,1.5613164985913555,0.0,39
338086,2288,1.9738593255518562,1.7938593255518562,9.0,59
338128,2289,1.8135203337263517,1.8135203337263517,0.0,42
338227,2290,3.509988026909129,3.509988026909129,0.0,99
338329,2291,2.185592807992267,1.9455928079922669,12.0,102
338591,2292,2.239694434684844,1.1596944346848441,54.0,262
338692,2293,2.7133983763741054,2.7133983763741054,0.0,101
339042,2294,2.8401489117815375,-1.299851088218459,207.0,350
339184,2295,2.37014251260359,1.5101425126035901,43.0,142
339241,2296,2.373311241636867,2.373311241636867,0.0,57
339741,2297,0.8558284497922203,-5.404171550207772,313.0,500
339814,2298,2.74634860642755,2.74634860642755,0.0,73
339933,2299,1.386731451641645,1.386731451641645,0.0,119
340396,2300,2.172877832497739,2.052877832497739,6.0,463
340736,2301,2.4851354639656433,2.445135463965643,2.0,340
340833,2302,3.1544394232893396,3.1544394232893396,0.0,97
340917,2303,3.0893256268704428,2.9893256268704427,5.0,84
340957,2304,1.6264121255875745,1.6264121255875745,0.0,40
340990,2305,1.4926777076901192,1.4926777076901192,0.0,33
341114,2306,3.4048396083592234,2.844839608359223,28.0,124
341177,2307,1.3796946709867373,1.3796946709867373,0.0,63
341677,2308,0.1786662129446419,0.1786662129446419,0.0,500
341794,2309,1.7797361764343604,1.7797361764343604,0.0,117
341970,2310,2.8232846430715983,2.603284643071598,11.0,176
342114,2311,2.286875196859984,1.7868751968599839,25.0,144
342614,2312,0.23748465045931744,-5.822515349540673,303.0,500
342962,2313,2.602496577061413,-0.9175034229385837,176.0,348
343094,2314,3.5570855640499532,3.5570855640499532,0.0,132
343153,2315,2.2086600831064276,2.2086600831064276,0.0,59
343209,2316,1.8811060165299454,1.8811060165299454,0.0,56
343374,2317,2.232726285004934,2.2127262850049334,1.0,165
343459,2318,2.453431258702639,2.453431258702639,0.0,85
343565,2319,3.5120139702898063,3.352013970289806,8.0,106
343916,2320,2.750556190724619,1.7705561907246183,49.0,351
344071,2321,2.4457493554714684,2.205749355471468,12.0,155
344186,2322,3.1554450902197955,2.9954450902197953,8.0,115
344226,2323,1.486813546292493,1.486813546292493,0.0,40
344277,2324,2.1507595642514925,2.1507595642514925,0.0,51
344409,2325,1.829499800381667,1.829499800381667,0.0,132
344627,2326,3.0003664339546363,2.800366433954636,10.0,218
344839,2327,2.8074765369665236,2.6474765369665234,8.0,212
344911,2328,2.3283525656238093,2.3283525656238093,0.0,72
344987,2329,2.8144208813557974,2.574420881355798,12.0,76
345061,2330,1.713499787878296,1.713499787878296,0.0,74
345090,2331,1.395210249455439,1.395210249455439,0.0,29
345117,2332,1.344455484186386,1.344455484186386,0.0,27
345207,2333,2.9040528587731593,2.664052858773159,12.0,90
345242,2334,1.3190639981996477,1.3190639981996477,0.0,35
345319,2335,2.900792777154269,2.900792777154269,0.0,77
345513,2336,2.6264238012970096,2.0264238012970095,30.0,194
346013,2337,-0.28546259400780993,-0.28546259400780993,0.0,500
346144,2338,1.5073323636468616,1.5073323636468616,0.0,131
346174,2339,1.40029053984717,1.40029053984717,0.0,30
346285,2340,1.884845848553148,1.5248458485531475,18.0,111
346358,2341,2.8373360759300486,2.8373360759300486,0.0,73
346858,2342,-1.0081911184251213,-1.0081911184251213,0.0,500
346920,2343,2.3370028938003973,2.137002893800397,10.0,62
347092,2344,3.563993677415094,3.523993677415094,2.0,172
347243,2345,3.050231608170208,2.570231608170208,24.0,151
347318,2346,1.5413050637118935,1.5413050637118935,0.0,75
347411,2347,1.5404454971000785,1.4204454971000786,6.0,93
347548,2348,2.213917564401104,2.133917564401104,4.0,137
347573,2349,1.2807619041503955,1.2807619041503955,0.0,25
347599,2350,1.3292518953252284,1.3292518953252284,0.0,26
347669,2351,2.6036410407010995,2.3236410407011,14.0,70
347719,2352,2.0974850251397203,2.0974850251397203,0.0,50
347771,2353,2.0552415575556613,2.0552415575556613,0.0,52
347997,2354,2.7559557806258255,2.7559557806258255,0.0,226
348093,2355,3.3904767710802277,3.350476771080227,2.0,96
348152,2356,1.7939712162536336,1.7939712162536336,0.0,59
348652,2357,0.09287222594868316,0.09287222594868316,0.0,500
348775,2358,1.3345373154582902,1.3345373154582902,0.0,123
348868,2359,3.168100996162158,2.948100996162158,11.0,93
348920,2360,1.836622804602837,1.836622804602837,0.0,52
349021,2361,3.704948592478519,3.704948592478519,0.0,101
349521,2362,0.36238006149403623,-0.5576199385059639,46.0,500
349764,2363,3.0579703820922326,2.997970382092233,3.0,243
349802,2364,1.7258625981552846,1.5658625981552845,8.0,38
349849,2365,1.8581896885389146,1.8581896885389146,0.0,47
349985,2366,2.1593436913501876,1.8793436913501873,14.0,136
350047,2367,2.3236132219265997,2.1636132219265996,8.0,62
350180,2368,1.6028753793465376,1.4828753793465377,6.0,133
350237,2369,1.405350784519465,1.405350784519465,0.0,57
350268,2370,1.461513065860748,1.461513065860748,0.0,31
350320,2371,2.0673118041632303,1.8073118041632301,13.0,52
350427,2372,2.6290649981790475,2.6290649981790475,0.0,107
350463,2373,1.5465132423656685,1.5465132423656685,0.0,36
350561,2374,1.4902804073106615,1.4902804073106615,0.0,98
350678,2375,1.9241594014670624,1.6241594014670624,15.0,117
350873,2376,2.7240804572261608,2.4840804572261614,12.0,195
350961,2377,2.5371592215551146,2.3371592215551154,10.0,88
351116,2378,2.2819059543238494,1.4019059543238486,44.0,155
351209,2379,2.0549998346717926,1.954999834671793,5.0,93
351257,2380,1.9011824468123877,1.9011824468123877,0.0,48
351595,2381,2.470457816333532,2.050457816333531,21.0,338
351638,2382,1.866331704822511,1.866331704822511,0.0,43
351779,2383,2.32316679643969,2.163166796439689,8.0,141
351820,2384,1.750361847918374,1.750361847918374,0.0,41
352320,2385,0.39068247438946724,0.39068247438946724,0.0,500
352386,2386,2.361291710703289,2.361291710703289,0.0,66
352456,2387,2.55420676017645,2.27420676017645,14.0,70
352494,2388,1.6692392323923466,1.6692392323923466,0.0,38
352927,2389,2.8476515736950176,2.3076515736950167,27.0,433
353014,2390,2.360763530450638,1.8807635304506378,24.0,87
353330,2391,2.5828992103500434,2.2428992103500427,17.0,316
353403,2392,2.429007269071365,2.1690072690713653,13.0,73
353523,2393,2.1726453802917174,2.0926453802917173,4.0,120
353595,2394,2.50357840656907,2.50357840656907,0.0,72
353757,2395,2.642481160907093,2.5824811609070926,3.0,162
353827,2396,2.2675796321053934,2.1675796321053937,5.0,70
353920,2397,1.4992160879300875,1.3192160879300876,9.0,93
354062,2398,1.3663815610204766,1.3663815610204766,0.0,142
354247,2399,2.304490792147626,1.3644907921476257,47.0,185
354398,2400,2.541703014661464,2.461703014661464,4.0,151
354499,2401,3.62040340835794,3.28040340835794,17.0,101
354543,2402,1.8516515617386946,1.6316515617386946,11.0,44
354739,2403,1.9446808935936495,1.9446808935936495,0.0,196
354809,2404,2.6355299595902753,2.6355299595902753,0.0,70
354974,2405,2.6464944367919916,2.4064944367919914,12.0,165
355115,2406,3.165479304352793,3.005479304352793,8.0,141
355257,2407,2.3577503799084303,1.2777503799084293,54.0,142
355307,2408,2.0260047986639216,1.9860047986639215,2.0,50
355422,2409,2.0590678772816102,2.01906787728161,2.0,115
355510,2410,2.019736837097213,1.7997368370972129,11.0,88
355585,2411,2.817896717191945,2.697896717191945,6.0,75
355636,2412,2.032108636076931,1.932108636076931,5.0,51
356082,2413,2.9666538614162867,-0.01334613858371414,149.0,446
356582,2414,1.989901366048355,-0.19009863395164772,109.0,500
356757,2415,2.8994939306911816,2.8994939306911816,0.0,175
356870,2416,1.374374521333174,1.374374521333174,0.0,113
356937,2417,2.518292570135066,2.478292570135066,2.0,67
357080,2418,2.486719524118829,1.8467195241188297,32.0,143
357222,2419,2.3640268563902644,2.3240268563902644,2.0,142
357469,2420,2.840723799019515,0.8007237990195144,102.0,247
357506,2421,1.3147343003340028,1.3147343003340028,0.0,37
357608,2422,1.4283841499858911,1.4283841499858911,0.0,102
357699,2423,2.6446468940037464,2.3846468940037457,13.0,91
357771,2424,2.1442253945274157,1.8442253945274154,15.0,72
357891,2425,1.6941412595754917,1.6941412595754917,0.0,120
358082,2426,1.6858703962835158,1.6858703962835158,0.0,191
358214,2427,3.5541715335396886,3.0541715335396895,25.0,132
358273,2428,2.3748240481753045,2.3748240481753045,0.0,59
358444,2429,3.6033806620605224,3.503380662060523,5.0,171
358593,2430,2.2492843661480326,1.849284366148033,20.0,149
358847,2431,2.250320042663843,2.230320042663843,1.0,254
358904,2432,2.1848219897885173,2.1848219897885173,0.0,57
358967,2433,2.534402041039377,2.534402041039377,0.0,63
359208,2434,2.5732892346196925,1.493289234619692,54.0,241
359298,2435,2.8874002048305756,2.467400204830575,21.0,90
359432,2436,2.660513287284183,2.4005132872841832,13.0,134
359521,2437,1.386648450979389,1.386648450979389,0.0,89
359647,2438,1.7619217868113917,1.3419217868113917,21.0,126
359676,2439,1.3797098001429382,1.3797098001429382,0.0,29
359896,2440,1.7014264008139912,1.6814264008139912,1.0,220
359974,2441,2.4367238023673234,2.416723802367324,1.0,78
360039,2442,2.258685204139148,2.018685204139148,12.0,65
360147,2443,1.8586964834660133,1.8386964834660133,1.0,108
360195,2444,2.0088721318141545,1.8488721318141546,8.0,48
360305,2445,2.351311680995778,2.351311680995778,0.0,110
360346,2446,1.3131035101001778,1.3131035101001778,0.0,41
360726,2447,1.4826371194435106,1.4626371194435106,1.0,380
360959,2448,2.757197752770625,2.457197752770625,15.0,233
361181,2449,2.783921861368651,2.40392186136865,19.0,222
361240,2450,2.1861575490045153,2.1661575490045153,1.0,59
361310,2451,2.6550806408129506,2.6550806408129506,0.0,70
361341,2452,1.431719860001237,1.431719860001237,0.0,31
361381,2453,1.6815432560694286,1.6815432560694286,0.0,40
361506,2454,2.2286110389346465,2.208611038934646,1.0,125
361684,2455,2.2457898887733494,1.8657898887733497,19.0,178
361715,2456,1.4702830239859126,1.4702830239859126,0.0,31
361814,2457,3.4312106288896644,3.3912106288896644,2.0,99
361904,2458,3.2665814628330123,3.0465814628330126,11.0,90
361981,2459,2.7352383220293306,2.7152383220293306,1.0,77
362039,2460,2.231504559498949,2.211504559498949,1.0,58
362111,2461,2.732374246117832,2.532374246117832,10.0,72
362156,2462,1.8611596092119953,1.8611596092119953,0.0,45
362656,2463,0.6238125965212182,-2.85618740347878,174.0,500
363156,2464,-0.47855266916465977,-0.9585526691646602,24.0,500
363223,2465,2.034705722952301,1.8147057229523007,11.0,67
363723,2466,0.9322663418582885,-6.107733658141697,352.0,500
363755,2467,1.501050061644797,1.501050061644797,0.0,32
363812,2468,2.18816653052244,2.10816653052244,4.0,57
363874,2469,1.5434593001679124,1.5434593001679124,0.0,62
364016,2470,2.388610519662251,2.308610519662251,4.0,142
364231,2471,2.127067217710419,1.3270672177104181,40.0,215
364368,2472,2.267377980107148,2.0873779801071475,9.0,137
364441,2473,2.458666932391229,2.458666932391229,0.0,73
364500,2474,2.245979606337753,2.205979606337753,2.0,59
365000,2475,0.13766802291780933,0.13766802291780933,0.0,500
365311,2476,3.0279658240544833,2.787965824054483,12.0,311
365374,2477,2.494948251764531,2.454948251764531,2.0,63
365455,2478,2.9930357895844257,2.7130357895844255,14.0,81
365515,2479,2.2432228845416797,2.2432228845416797,0.0,60
366015,2480,0.4661234403448138,0.4661234403448138,0.0,500
366104,2481,2.7512115433985853,2.591211543398585,8.0,89
366195,2482,1.377966118082413,1.377966118082413,0.0,91
366346,2483,2.723056930393742,2.1430569303937417,29.0,151
366403,2484,2.0909071289183068,2.0909071289183068,0.0,57
366903,2485,0.7328408301995168,-6.827159169800464,378.0,500
367059,2486,2.6130481818642046,2.073048181864204,27.0,156
367124,2487,2.4427907635952972,2.342790763595297,5.0,65
367372,2488,3.6036745013383866,3.303674501338387,15.0,248
367481,2489,1.5356401559013402,1.5356401559013402,0.0,109
367981,2490,0.6847128323174767,-2.0952871676825233,139.0,500
368188,2491,2.3629432116037776,2.2829432116037776,4.0,207
368265,2492,1.4679643100654127,1.4679643100654127,0.0,77
368433,2493,3.040191614525436,2.6401916145254365,20.0,168
368586,2494,2.868651855319724,2.828651855319725,2.0,153
368634,2495,1.662719377163656,1.662719377163656,0.0,48
369134,2496,0.019555192455302794,0.019555192455302794,0.0,500
369634,2497,1.9972649296114495,1.0372649296114491,48.0,500
369775,2498,1.3864612503280072,1.3864612503280072,0.0,141
369801,2499,1.2914102790670592,1.2914102790670592,0.0,26
369849,2500,1.983460718393125,1.983460718393125,0.0,48
369906,2501,2.2355640638176895,2.0955640638176893,7.0,57
369957,2502,2.0268038459173496,2.0268038459173496,0.0,51
370047,2503,1.971536044863638,1.971536044863638,0.0,90
370100,2504,2.045092438403777,1.905092438403777,7.0,53
370182,2505,2.1229993840850416,2.1029993840850416,1.0,82
370378,2506,3.1809907180788723,3.1809907180788723,0.0,196
370529,2507,2.2395406444882573,2.119540644488257,6.0,151
370826,2508,3.6578658944445417,3.6578658944445417,0.0,297
370864,2509,1.4847548436575086,1.4847548436575086,0.0,38
371065,2510,2.6698741136257533,2.0898741136257533,29.0,201
371155,2511,3.214492654905449,2.7344926549054485,24.0,90
371185,2512,1.3445793239610135,1.3445793239610135,0.0,30
371349,2513,2.660460563568852,1.6604605635688512,50.0,164
371386,2514,1.6101190089025013,1.6101190089025013,0.0,37
371537,2515,2.47497941393211,2.45497941393211,1.0,151
371582,2516,1.8532952762917754,1.8532952762917754,0.0,45
371611,2517,1.3851800713934548,1.3851800713934548,0.0,29
371759,2518,3.730291145285312,3.4502911452853122,14.0,148
371872,2519,2.3862393211455064,1.986239321145506,20.0,113
371964,2520,2.616667328213314,2.616667328213314,0.0,92
372101,2521,1.5850301525958228,1.5850301525958228,0.0,137
372207,2522,1.7038107382108436,1.6638107382108436,2.0,106
372301,2523,1.431835260007296,1.431835260007296,0.0,94
372335,2524,1.548731796481647,1.548731796481647,0.0,34
372390,2525,2.232730529703532,2.0727305297035326,8.0,55
372445,2526,2.1738880632382918,1.9938880632382916,9.0,55
372532,2527,3.1210291553505747,2.7210291553505748,20.0,87
372601,2528,2.202431246657765,2.202431246657765,0.0,69
373101,2529,0.15524265340186405,0.13524265340186403,1.0,500
373184,2530,3.0037930154776733,2.903793015477673,5.0,83
373281,2531,2.9250697644895522,2.485069764489552,22.0,97
373377,2532,3.0035786545619954,2.643578654561995,18.0,96
373877,2533,0.761473192715608,-0.19852680728439245,48.0,500
373928,2534,1.6631544918146277,1.6631544918146277,0.0,51
374009,2535,2.199163697251352,1.439163697251352,38.0,81
374041,2536,1.3751796518085453,1.3351796518085453,2.0,32
374541,2537,1.0418837372199334,-4.138116262780059,259.0,500
374596,2538,2.1172377760459447,1.9572377760459447,8.0,55
374662,2539,2.0314491973385786,2.0314491973385786,0.0,66
374739,2540,2.8378190550008595,2.5578190550008593,14.0,77
374779,2541,1.7315968598989995,1.7315968598989995,0.0,40
374904,2542,2.0045177121377318,2.0045177121377318,0.0,125
375003,2543,1.5127472857353186,1.5127472857353186,0.0,99
375090,2544,2.7843381984705626,2.7443381984705626,2.0,87
375203,2545,2.132590187592374,2.052590187592374,4.0,113
375342,2546,2.356440117650705,2.2764401176507048,4.0,139
375515,2547,2.1655265630932083,1.7655265630932073,20.0,173
375598,2548,2.4285523323873144,2.128552332387314,15.0,83
375785,2549,2.3337062516678526,2.053706251667852,14.0,187
375808,2550,1.256255262748207,1.256255262748207,0.0,23
375889,2551,2.940115603180807,2.8801156031808075,3.0,81
376229,2552,2.6193530909920355,2.0993530909920355,26.0,340
376729,2553,0.37118526543413455,-5.388814734565854,288.0,500
376806,2554,2.8480300621932315,2.788030062193232,3.0,77
376966,2555,1.8226900119431857,1.0226900119431857,40.0,160
377466,2556,0.09548513395441804,-1.6645148660455829,88.0,500
377548,2557,2.9844594982148838,2.7444594982148836,12.0,82
377612,2558,2.402229885437453,2.402229885437453,0.0,64
377676,2559,2.4476192523313145,2.4476192523313145,0.0,64
377747,2560,2.365151372400933,2.105151372400933,13.0,71
377874,2561,3.013841362612034,2.613841362612035,20.0,127
378374,2562,0.626394790885435,-3.2936052091145607,196.0,500
378729,2563,2.094149524377114,1.9141495243771138,9.0,355
379229,2564,0.16905177373683533,-3.210948226263165,169.0,500
379275,2565,1.921998724777023,1.701998724777023,11.0,46
379362,2566,2.9725597972407156,2.6525597972407153,16.0,87
379526,2567,2.5272601875885616,2.327260187588562,10.0,164
380026,2568,0.34923221028141116,0.18923221028141113,8.0,500
380056,2569,1.4069775189241729,1.4069775189241729,0.0,30
380426,2570,3.0908332663163636,3.0108332663163635,4.0,370
380537,2571,3.1529058644633694,2.4929058644633697,33.0,111
380655,2572,2.567227460115145,1.8872274601151446,34.0,118
380745,2573,2.486867752717899,2.486867752717899,0.0,90
380865,2574,1.446562916622576,1.446562916622576,0.0,120
380946,2575,2.3825743342329258,2.3825743342329258,0.0,81
381020,2576,2.44325291418525,2.26325291418525,9.0,74
381044,2577,1.2715806445883315,1.2715806445883315,0.0,24
381086,2578,1.61071643794505,1.61071643794505,0.0,42
381115,2579,1.3941408765956513,1.3941408765956513,0.0,29
381167,2580,1.434894872288639,1.434894872288639,0.0,52
381232,2581,2.584609402129873,2.424609402129873,8.0,65
381732,2582,0.2938638201726116,0.2938638201726116,0.0,500
381763,2583,1.288031217003852,1.288031217003852,0.0,31
381828,2584,2.568471298755491,2.548471298755491,1.0,65
381979,2585,2.1234594316435453,2.1234594316435453,0.0,151
382312,2586,3.1733321526649174,1.9333321526649159,62.0,333
382394,2587,2.7345891353563387,2.7345891353563387,0.0,82
382605,2588,3.6612189331520306,3.2412189331520316,21.0,211
382657,2589,1.8047252758314507,1.7647252758314507,2.0,52
383157,2590,0.0042146213181561976,0.0042146213181561976,0.0,500
383492,2591,2.280699481065934,0.5806994810659333,85.0,335
383527,2592,1.5488033438562863,1.5488033438562863,0.0,35
383594,2593,2.576648213338785,2.396648213338785,9.0,67
383708,2594,2.486158063794573,2.486158063794573,0.0,114
384054,2595,2.75991826850833,0.6999182685083287,103.0,346
384104,2596,1.9633208308370336,1.7033208308370333,13.0,50
384604,2597,-0.30599813219552185,-4.845998132195517,227.0,500
384699,2598,1.2703913150368253,1.2703913150368253,0.0,95
384836,2599,2.6528885755680642,2.4728885755680636,9.0,137
384983,2600,2.7400305652154926,2.3400305652154927,20.0,147
385071,2601,1.4579507429993002,1.4579507429993002,0.0,88
385106,2602,1.5609740932115679,1.5609740932115679,0.0,35
385221,2603,1.5812483495188956,1.5412483495188956,2.0,115
385365,2604,2.665942133468203,2.3859421334682036,14.0,144
385498,2605,3.231427522989775,3.1114275229897745,6.0,133
385552,2606,2.2295426153265963,2.2295426153265963,0.0,54
385661,2607,3.7366987314675013,3.6966987314675013,2.0,109
385825,2608,2.55359552504402,0.9335955250440189,81.0,164
385961,2609,1.7819072998917276,1.1019072998917276,34.0,136
386210,2610,3.0440021457417554,2.764002145741755,14.0,249
386710,2611,0.03155033568490451,0.03155033568490451,0.0,500
386827,2612,2.7698473698699075,2.7698473698699075,0.0,117
386951,2613,1.9077522263328288,1.8677522263328288,2.0,124
387402,2614,3.3575068117114193,1.277506811711417,104.0,451
387533,2615,2.2453600994857257,1.7253600994857257,26.0,131
387626,2616,3.3187699871206653,3.2987699871206657,1.0,93
387920,2617,3.3779896243385283,2.7979896243385287,29.0,294
388295,2618,2.2990640267414477,-2.3209359732585444,231.0,375
388795,2619,0.6431733385915215,0.12317333859152138,26.0,500
388920,2620,2.1247886765067228,1.8647886765067225,13.0,125
389074,2621,2.25386765296858,2.09386765296858,8.0,154
389574,2622,-0.5368203711342678,-0.5368203711342678,0.0,500
389620,2623,1.775071734404389,1.5950717344043888,9.0,46
389728,2624,3.5234041324688947,3.4434041324688938,4.0,108
389793,2625,1.4626377063149403,1.4626377063149403,0.0,65
389894,2626,1.7312746274537263,1.7312746274537263,0.0,101
389938,2627,1.671437128213964,1.5114371282139638,8.0,44
390068,2628,2.026593943768815,2.026593943768815,0.0,130
390568,2629,0.45739463269631275,0.45739463269631275,0.0,500
390695,2630,2.4561470305197233,2.196147030519723,13.0,127
391195,2631,0.20736829991287076,0.20736829991287076,0.0,500
391391,2632,3.145275058396449,2.7652750583964494,19.0,196
391438,2633,2.0229754623979406,2.0229754623979406,0.0,47
391651,2634,2.73247191831428,2.73247191831428,0.0,213
391756,2635,2.711648820901509,2.671648820901509,2.0,105
392145,2636,2.8330356834768198,2.7730356834768197,3.0,389
392215,2637,2.475712811165847,2.475712811165847,0.0,70
392302,2638,3.0814697492161893,3.0214697492161893,3.0,87
392641,2639,1.8211520774878933,-2.8988479225120996,236.0,339
392692,2640,1.4086531565611347,1.4086531565611347,0.0,51
392772,2641,1.6137401881928835,1.5937401881928834,1.0,80
392903,2642,2.490274605694675,2.450274605694675,2.0,131
392977,2643,2.1424166275351344,2.1424166275351344,0.0,74
393094,2644,2.2026830260621724,1.662683026062172,27.0,117
393157,2645,2.4413937698002712,2.4413937698002712,0.0,63
393256,2646,3.1035953652140895,3.003595365214089,5.0,99
393347,2647,2.5998962129562173,2.239896212956217,18.0,91
393727,2648,3.096160414448746,2.496160414448747,30.0,380
393856,2649,2.4188627896783625,2.3788627896783625,2.0,129
394356,2650,-0.12012299613945698,-0.12012299613945698,0.0,500
394416,2651,2.3501059800814854,2.170105980081485,9.0,60
394510,2652,1.7710240712206122,1.3310240712206123,22.0,94
394609,2653,1.5984601082203624,1.4184601082203625,9.0,99
394691,2654,2.854270896372998,2.714270896372998,7.0,82
395191,2655,0.6354815611376028,-1.7245184388623984,118.0,500
395561,2656,1.5431846764041475,0.9031846764041477,32.0,370
395708,2657,2.4953252324226947,2.4553252324226946,2.0,147
395776,2658,1.9934383287776059,1.7534383287776056,12.0,68
395891,2659,3.7747226309271364,3.2347226309271346,27.0,115
396080,2660,1.6615638718656118,0.8415638718656115,41.0,189
396177,2661,2.0126911819005517,1.8326911819005514,9.0,97
396227,2662,2.0601833167121266,2.0601833167121266,0.0,50
396325,2663,2.6479770399222953,2.547977039922295,5.0,98
396428,2664,1.8942029932432565,1.8942029932432565,0.0,103
396563,2665,3.44115358415572,3.1411535841557203,15.0,135
396612,2666,2.0252410745869347,2.0252410745869347,0.0,49
396925,2667,3.2616866593350595,2.701686659335059,28.0,313
397101,2668,2.754127229266084,2.1541272292660825,30.0,176
397171,2669,1.899712944506442,1.6597129445064422,12.0,70
397409,2670,3.284173863057721,1.7641738630577213,76.0,238
397470,2671,2.260136377830392,2.260136377830392,0.0,61
397546,2672,1.3554158079145733,1.3554158079145733,0.0,76
397867,2673,2.9524825281975633,1.8324825281975619,56.0,321
397947,2674,2.5528136719429626,2.472813671942962,4.0,80
398013,2675,2.6132156015540944,2.5332156015540943,4.0,66
398087,2676,2.815213544738075,2.5952135447380744,11.0,74
398153,2677,2.391290485530221,2.391290485530221,0.0,66
398375,2678,2.6403618017812516,2.2203618017812516,21.0,222
398412,2679,1.3759437347044094,1.3759437347044094,0.0,37
398512,2680,1.652001710156436,1.592001710156436,3.0,100
398647,2681,3.8046246962922945,3.5246246962922934,14.0,135
398800,2682,1.8836673925572351,1.743667392557235,7.0,153
398960,2683,3.14895160765776,1.9889516076577594,58.0,160
399460,2684,0.5551334561286115,-2.5248665438713838,154.0,500
399753,2685,3.0819559913454295,2.4619559913454294,31.0,293
399781,2686,1.395439658382001,1.395439658382001,0.0,28
400121,2687,2.9708934630856643,1.310893463085664,83.0,340
400182,2688,2.4886279156157878,2.468627915615788,1.0,61
400682,2689,0.49730946333589965,0.49730946333589965,0.0,500
400740,2690,2.2540961266163544,2.2140961266163544,2.0,58
400852,2691,1.9657891060199841,1.9657891060199841,0.0,112
400915,2692,2.290660021460669,2.270660021460669,1.0,63
401096,2693,3.250062825807782,3.250062825807782,0.0,181
401154,2694,2.345854743124601,2.105854743124601,12.0,58
401277,2695,2.9559406643163735,2.9559406643163735,0.0,123
401369,2696,3.091943942968963,3.091943942968963,0.0,92
401446,2697,1.984378386740427,1.984378386740427,0.0,77
401525,2698,2.9089167463531997,2.9089167463531997,0.0,79
401656,2699,1.631751351811058,1.631751351811058,0.0,131
401716,2700,2.3891373021568665,2.3891373021568665,0.0,60
401788,2701,1.692964154284049,1.692964154284049,0.0,72
402119,2702,3.3855656110765198,3.3455656110765197,2.0,331
402619,2703,1.0205471736391114,-0.3994528263608893,71.0,500
402685,2704,2.489097272032621,2.249097272032621,12.0,66
402759,2705,2.7802080163182055,2.7402080163182054,2.0,74
402843,2706,2.8594557461496497,2.47945574614965,19.0,84
402883,2707,1.7557561153323158,1.7557561153323158,0.0,40
402955,2708,2.6359051490582637,2.3959051490582635,12.0,72
403093,2709,2.8783436102044,1.6383436102043998,62.0,138
403187,2710,2.6542406306410413,2.6542406306410413,0.0,94
403261,2711,2.3909810114284165,1.9509810114284165,22.0,74
403460,2712,2.240559209960524,2.180559209960524,3.0,199
403711,2713,3.8178221376090526,3.717822137609052,5.0,251
403738,2714,1.349034300485049,1.349034300485049,0.0,27
403807,2715,2.204683699910876,2.1846836999108765,1.0,69
403851,2716,1.8830874328261171,1.8830874328261171,0.0,44
403942,2717,2.7141946485576596,2.3941946485576593,16.0,91
404442,2718,-0.10152902922527085,-0.10152902922527085,0.0,500
404569,2719,1.707583704529944,1.4075837045299437,15.0,127
404936,2720,2.395312420305207,2.195312420305207,10.0,367
405436,2721,1.4282729478801999,-1.3117270521198017,137.0,500
405540,2722,2.773229976522604,2.6532299765226037,6.0,104
405816,2723,3.22775228526573,2.507752285265731,36.0,276
405902,2724,3.190985487149726,2.490985487149726,35.0,86
406033,2725,2.2740845819022057,2.014084581902206,13.0,131
406270,2726,2.3522291773992086,2.292229177399209,3.0,237
406770,2727,1.9147154299815083,1.614715429981508,15.0,500
406809,2728,1.2893000464508295,1.2893000464508295,0.0,39
406908,2729,2.2119761090778436,2.2119761090778436,0.0,99
406965,2730,1.3802407249081943,1.3802407249081943,0.0,57
407013,2731,1.7612842776810869,1.7612842776810869,0.0,48
407151,2732,3.1053827123825135,3.0253827123825143,4.0,138
407651,2733,0.2592950539791706,0.2592950539791706,0.0,500
407767,2734,1.850613255640451,1.610613255640451,12.0,116
408014,2735,3.5111998055457487,2.8111998055457486,35.0,247
408116,2736,2.5176255876021374,2.5176255876021374,0.0,102
408237,2737,2.5240957145716525,2.2640957145716527,13.0,121
408737,2738,0.9687884324192949,-0.11121156758070416,54.0,500
409237,2739,0.1116719286587311,0.1116719286587311,0.0,500
409389,2740,2.781806924858362,2.781806924858362,0.0,152
409557,2741,3.3132496925400776,2.9532496925400764,18.0,168
409749,2742,1.8010708917650617,-0.25892910823493875,103.0,192
410026,2743,3.4618960193839365,3.4618960193839365,0.0,277
410068,2744,1.8235431557322612,1.603543155732261,11.0,42
410195,2745,2.404752287840439,2.2847522878404387,6.0,127
410260,2746,2.0653993209328805,1.8653993209328807,10.0,65
410353,2747,3.2720459707051606,2.79204597070516,24.0,93
410509,2748,2.3050605097275625,2.3050605097275625,0.0,156
410595,2749,2.3759112023162476,2.2359112023162475,7.0,86
410663,2750,2.5789393371263283,2.198939337126328,19.0,68
411163,2751,-3.528032161460511,-3.548032161460511,1.0,500
411302,2752,3.033331670426921,2.793331670426921,12.0,139
411384,2753,2.1730140674398832,2.1130140674398836,3.0,82
411452,2754,1.8869539108902436,1.8669539108902435,1.0,68
411550,2755,3.079442477788837,2.739442477788837,17.0,98
412050,2756,0.2838099481144627,0.2838099481144627,0.0,500
412090,2757,1.3835633308804374,1.3835633308804374,0.0,40
412226,2758,1.9203178519505424,1.5003178519505422,21.0,136
412464,2759,3.65101729418428,3.35101729418428,15.0,238
412881,2760,2.5928322485853075,2.5928322485853075,0.0,417
413381,2761,-0.16134699470379266,-0.501346994703793,17.0,500
413425,2762,1.62105848774063,1.62105848774063,0.0,44
413519,2763,2.917110964811425,2.6971109648114253,11.0,94
413543,2764,1.2917999430182991,1.2917999430182991,0.0,24
413874,2765,1.7982864648893548,1.6182864648893547,9.0,331
413988,2766,3.0035743833175474,2.7035743833175476,15.0,114
414140,2767,2.7948383742466616,2.5948383742466614,10.0,152
414305,2768,3.43474946913969,3.09474946913969,17.0,165
414442,2769,2.176215190209281,1.9162151902092805,13.0,137
414526,2770,1.4841865759372952,1.4841865759372952,0.0,84
414684,2771,2.1409619275528047,1.9609619275528045,9.0,158
414722,2772,1.5350188518287964,1.5350188518287964,0.0,38
414752,2773,1.4238381066957364,1.4238381066957364,0.0,30
414796,2774,1.8508810935789695,1.6708810935789693,9.0,44
414863,2775,2.6026654194140653,2.6026654194140653,0.0,67
414906,2776,1.7780406102946595,1.7780406102946595,0.0,43
415026,2777,2.6354210361720614,2.475421036172061,8.0,120
415220,2778,1.5864456556935895,0.646445655693589,47.0,194
415254,2779,1.5374467571972608,1.5374467571972608,0.0,34
415316,2780,2.0689106590751334,1.808910659075133,13.0,62
415402,2781,2.462345420684613,2.462345420684613,0.0,86
415476,2782,1.8148499298203966,1.8148499298203966,0.0,74
415517,2783,1.726286904310326,1.726286904310326,0.0,41
415588,2784,2.5897017141706464,2.3897017141706467,10.0,71
415807,2785,2.1087320143362414,0.7887320143362404,66.0,219
415849,2786,1.4585194829698833,1.4585194829698833,0.0,42
415900,2787,1.8408005455793304,1.8408005455793304,0.0,51
415957,2788,2.19751508393664,2.19751508393664,0.0,57
416045,2789,1.8037519486692604,1.7837519486692603,1.0,88
416093,2790,1.7710345677124475,1.7710345677124475,0.0,48
416147,2791,2.094356153818339,2.094356153818339,0.0,54
416255,2792,3.1498287100360676,2.589828710036069,28.0,108
416341,2793,2.4456831311295577,2.4456831311295577,0.0,86
416410,2794,2.5524823525576457,2.3124823525576454,12.0,69
416575,2795,2.537750264155534,1.8777502641555348,33.0,165
416643,2796,2.527988311038107,2.307988311038107,11.0,68
416708,2797,1.955072444940242,1.955072444940242,0.0,65
416782,2798,2.490829520517615,2.490829520517615,0.0,74
416875,2799,2.7947504082814314,2.7147504082814313,4.0,93
416978,2800,2.816403224288077,2.696403224288077,6.0,103
417478,2801,-0.3844405683522263,-1.7044405683522275,66.0,500
417580,2802,1.550328615144731,1.2303286151447312,16.0,102
417846,2803,3.400166840232741,2.9401668402327417,23.0,266
418346,2804,0.8922305245891982,-4.907769475410799,290.0,500
418586,2805,2.9535601779296083,2.5335601779296084,21.0,240
418701,2806,1.4435678427637428,1.4235678427637428,1.0,115
418755,2807,2.154847604493098,2.134847604493098,1.0,54
418962,2808,2.525432122428434,2.505432122428434,1.0,207
419063,2809,1.6165664089220113,1.6165664089220113,0.0,101
419143,2810,1.3060067260580324,1.3060067260580324,0.0,80
419262,2811,2.7434491913000825,2.223449191300083,26.0,119
419353,2812,3.1753127391506277,3.1753127391506277,0.0,91
419853,2813,-0.11327133110654453,-0.11327133110654453,0.0,500
420043,2814,2.6234663870964434,2.6034663870964434,1.0,190
420122,2815,2.4400618623060772,2.4400618623060772,0.0,79
420180,2816,2.3250928327215163,2.3250928327215163,0.0,58
420239,2817,1.9753447352040836,1.9753447352040836,0.0,59
420502,2818,4.004777179757037,3.6447771797570376,18.0,263
421002,2819,0.785208603271771,-5.374791396728223,308.0,500
421502,2820,0.4065694184709643,0.38656941847096427,1.0,500
421789,2821,3.3778738180081977,1.8178738180081992,78.0,287
421934,2822,1.612288810339602,1.432288810339602,9.0,145
421969,2823,1.5191290051722999,1.5191290051722999,0.0,35
422055,2824,3.1951407542705255,3.0951407542705254,5.0,86
422149,2825,1.4793429651169383,1.4793429651169383,0.0,94
422322,2826,3.1533163348506106,3.0133163348506105,7.0,173
422822,2827,1.3766930531471595,1.3766930531471595,0.0,500
422933,2828,2.0872824353087847,1.3672824353087845,36.0,111
422985,2829,2.0434742618831656,1.8634742618831655,9.0,52
423041,2830,2.1292026149100396,2.0892026149100396,2.0,56
423091,2831,1.9550454784621443,1.9550454784621443,0.0,50
423202,2832,2.7441460867713277,2.3441460867713273,20.0,111
423268,2833,2.5443816514151933,2.5443816514151933,0.0,66
423351,2834,3.0966545041420694,2.7166545041420695,19.0,83
423405,2835,2.06803307195252,1.8880330719525205,9.0,54
423529,2836,2.1727220321171576,1.8327220321171573,17.0,124
423657,2837,3.9334566574635628,3.513456657463563,21.0,128
424157,2838,-0.2159247979148169,-0.2159247979148169,0.0,500
424241,2839,2.5203895914767886,2.4203895914767886,5.0,84
424741,2840,-0.35543526400940495,-0.8354352640094053,24.0,500
424803,2841,2.4381948203205184,2.4381948203205184,0.0,62
424890,2842,3.184026567719676,2.944026567719675,12.0,87
425008,2843,3.0698896527623667,3.0698896527623667,0.0,118
425109,2844,2.971180037121277,2.971180037121277,0.0,101
425200,2845,1.5687316467648507,1.2887316467648506,14.0,91
425700,2846,-0.022768738995851523,-0.022768738995851523,0.0,500
425732,2847,1.466853536987064,1.466853536987064,0.0,32
425860,2848,1.7259482314395402,1.7259482314395402,0.0,128
425965,2849,2.2849267383455896,2.06492673834559,11.0,105
426184,2850,2.8460119477644774,2.746011947764477,5.0,219
426240,2851,1.7225247043466494,1.7225247043466494,0.0,56
426666,2852,2.2588417763693194,2.2588417763693194,0.0,426
426759,2853,2.717073793756468,2.517073793756468,10.0,93
426794,2854,1.6173195862964023,1.6173195862964023,0.0,35
426909,2855,1.9409736823557606,1.9409736823557606,0.0,115
427025,2856,2.07243759107958,2.07243759107958,0.0,116
427199,2857,2.369041026217613,2.1490410262176134,11.0,174
427354,2858,2.3122698828625285,1.8122698828625288,25.0,155
427854,2859,0.6366873508527711,-4.043312649147229,234.0,500
427935,2860,3.019854964237317,2.7998549642373174,11.0,81
427998,2861,2.4219658892307523,2.4219658892307523,0.0,63
428069,2862,1.5502491338726618,1.5502491338726618,0.0,71
428120,2863,1.6192933451540772,1.6192933451540772,0.0,51
428361,2864,3.2677309281833784,2.347730928183378,46.0,241
428464,2865,3.021169008274189,2.9211690082741892,5.0,103
428572,2866,3.160899945060152,3.1208999450601524,2.0,108
428685,2867,1.8999345584788823,1.639934558478882,13.0,113
429185,2868,0.22620019189100016,0.22620019189100016,0.0,500
429228,2869,1.625943056459814,1.625943056459814,0.0,43
429327,2870,1.7791700148343979,1.6791700148343978,5.0,99
429651,2871,2.718382503270087,0.03838250327008663,134.0,324
429716,2872,2.3564797633890358,2.3164797633890357,2.0,65
429746,2873,1.4626499669457513,1.4626499669457513,0.0,30
429795,2874,2.007674841077504,1.787674841077504,11.0,49
429934,2875,3.392698090788133,2.832698090788133,28.0,139
430005,2876,2.3301463307649186,2.3301463307649186,0.0,71
430211,2877,2.350725820237487,2.1507258202374873,10.0,206
430326,2878,1.7191109964762472,1.7191109964762472,0.0,115
430387,2879,2.0141791277965764,2.0141791277965764,0.0,61
430429,2880,1.8565789311514918,1.8565789311514918,0.0,42
430566,2881,2.2821549224208546,1.782154922420854,25.0,137
430724,2882,3.438215402830386,3.1982154028303857,12.0,158
430774,2883,1.8406365163640515,1.8406365163640515,0.0,50
430830,2884,1.9983490654141183,1.9983490654141183,0.0,56
431330,2885,0.015868856831359412,-6.26413114316863,314.0,500
431369,2886,1.7232420049791575,1.7232420049791575,0.0,39
431589,2887,3.1936650426130955,3.093665042613096,5.0,220
431795,2888,3.3762987983036377,3.196298798303637,9.0,206
432150,2889,3.340809832463293,2.040809832463291,65.0,355
432183,2890,1.4378536941591245,1.4378536941591245,0.0,33
432225,2891,1.7950825690886825,1.7950825690886825,0.0,42
432340,2892,1.7799061773307516,1.3799061773307515,20.0,115
432840,2893,-3.759609770402601,-3.759609770402601,0.0,500
432926,2894,3.2232589040036697,2.96325890400367,13.0,86
433087,2895,3.672540969488117,3.472540969488117,10.0,161
433212,2896,2.508567189765553,2.368567189765553,7.0,125
433400,2897,2.3272872805990676,0.6472872805990664,84.0,188
433900,2898,0.005780933649063957,0.005780933649063957,0.0,500
433988,2899,1.3556880760262802,1.3556880760262802,0.0,88
434100,2900,1.9319015727871942,1.4519015727871944,24.0,112
434522,2901,1.7631778802353306,1.7631778802353306,0.0,422
434600,2902,2.6955542520711053,2.3955542520711055,15.0,78
434706,2903,1.4747252841098741,1.4547252841098741,1.0,106
435106,2904,3.6102957839333616,2.510295783933361,55.0,400
435245,2905,2.228504085957351,2.0885040859573505,7.0,139
435745,2906,0.5678560541831268,-1.1921439458168743,88.0,500
435835,2907,3.055918033850986,2.8359180338509855,11.0,90
435883,2908,2.0307135624274357,1.8307135624274355,10.0,48
435938,2909,2.271253974937651,2.271253974937651,0.0,55
436019,2910,2.320225342370872,2.320225342370872,0.0,81
436288,2911,3.3643411318996783,3.344341131899678,1.0,269
436358,2912,2.623445240861331,2.623445240861331,0.0,70
436661,2913,1.6352490986484722,1.3152490986484722,16.0,303
436717,2914,2.150536184002,2.150536184002,0.0,56
436825,2915,2.1552812344616314,2.1152812344616314,2.0,108
436883,2916,2.187639595713164,2.187639595713164,0.0,58
437063,2917,3.402450424411949,3.0624504244119493,17.0,180
437230,2918,1.5244756482567916,1.5244756482567916,0.0,167
437353,2919,2.1360166417971844,2.1360166417971844,0.0,123
437853,2920,1.992494739043337,1.6124947390433366,19.0,500
437977,2921,2.6503885857292717,2.6303885857292717,1.0,124
438086,2922,1.801184207169606,1.761184207169606,2.0,109
438268,2923,2.9268762047316432,2.426876204731644,25.0,182
438399,2924,1.6819370840354715,1.6819370840354715,0.0,131
438449,2925,2.0349930508741405,1.8749930508741404,8.0,50
438552,2926,1.7635138150015965,1.7635138150015965,0.0,103
438647,2927,2.802120473521082,2.1621204735210817,32.0,95
439147,2928,1.1156532065568616,0.33565320655686187,39.0,500
439279,2929,2.321588218776169,2.321588218776169,0.0,132
439324,2930,1.9482156700581386,1.8682156700581387,4.0,45
439355,2931,1.486805771097544,1.486805771097544,0.0,31
439453,2932,1.5524665167550127,1.5524665167550127,0.0,98
439558,2933,1.8802894853452323,1.600289485345232,14.0,105
439677,2934,1.3867691772081685,1.3867691772081685,0.0,119
439730,2935,2.113059748289401,2.113059748289401,0.0,53
439839,2936,1.5941806872928184,1.5941806872928184,0.0,109
439910,2937,2.065054107809787,2.065054107809787,0.0,71
440008,2938,1.6569169843963398,0.8369169843963394,41.0,98
440089,2939,2.2511866043494573,2.051186604349457,10.0,81
440139,2940,2.0474749335471962,2.0474749335471962,0.0,50
440215,2941,2.304789628423412,2.1447896284234123,8.0,76
440262,2942,1.7316396854660465,1.6316396854660464,5.0,47
440762,2943,1.0731750004869975,0.7131750004869974,18.0,500
440846,2944,2.4943340523082016,2.4543340523082025,2.0,84
441098,2945,3.0595766252779635,2.8595766252779633,10.0,252
441195,2946,2.3769439171844686,2.3769439171844686,0.0,97
441291,2947,3.491465960831098,3.491465960831098,0.0,96
441348,2948,2.2427742661361867,2.2027742661361867,2.0,57
441459,2949,2.545258461035357,2.545258461035357,0.0,111
441806,2950,3.4121150777986324,3.212115077798633,10.0,347
441843,2951,1.606953645434896,1.586953645434896,1.0,37
441912,2952,1.545925238123641,1.545925238123641,0.0,69
442021,2953,2.5047235712192704,2.5047235712192704,0.0,109
442074,2954,1.585239612166705,1.585239612166705,0.0,53
442176,2955,1.4458218534818519,1.4458218534818519,0.0,102
442290,2956,2.0827332680261748,2.0827332680261748,0.0,114
442400,2957,3.626200001896979,3.206200001896979,21.0,110
442487,2958,3.0976674977886614,2.837667497788661,13.0,87
442562,2959,2.7690249443501687,2.7690249443501687,0.0,75
442665,2960,1.5079714938417166,1.4679714938417165,2.0,103
442749,2961,2.848300706874405,2.848300706874405,0.0,84
442817,2962,2.2626802259897545,2.202680225989754,3.0,68
442863,2963,1.912309643334774,1.912309643334774,0.0,46
442941,2964,2.8473228411241847,2.4273228411241847,21.0,78
442978,2965,1.6283876563078383,1.6283876563078383,0.0,37
443113,2966,2.684735289251905,2.604735289251905,4.0,135
443188,2967,2.714307734946444,2.714307734946444,0.0,75
443340,2968,1.985085229897003,1.905085229897003,4.0,152
443406,2969,1.854951418650503,1.854951418650503,0.0,66
443831,2970,3.2043599458820466,0.2243599458820451,149.0,425
443936,2971,2.4324833277928204,2.17248332779282,13.0,105
443981,2972,1.9480764868149552,1.9480764868149552,0.0,45
444143,2973,1.646383475863238,1.646383475863238,0.0,162
444193,2974,1.962965130301112,1.8629651303011119,5.0,50
444399,2975,3.1196813499043388,3.0596813499043383,3.0,206
444450,2976,1.4212372744604576,1.4212372744604576,0.0,51
444588,2977,2.2272516721247375,2.1872516721247375,2.0,138
444688,2978,3.5802788021115344,3.560278802111535,1.0,100
444840,2979,1.8053606925308845,1.2053606925308846,30.0,152
445170,2980,3.6110432166310154,3.4710432166310157,7.0,330
445670,2981,-0.5147570491107554,-2.114757049110757,80.0,500
445773,2982,2.026638469825377,1.9266384698253765,5.0,103
445828,2983,2.2248769498479444,2.0048769498479446,11.0,55
445910,2984,3.0696799457131974,2.749679945713198,16.0,82
446003,2985,3.231790004621856,3.191790004621856,2.0,93
446100,2986,3.18607468640584,2.7860746864058394,20.0,97
446150,2987,1.3648488835031964,1.3648488835031964,0.0,50
446594,2988,2.5122205561884847,1.9122205561884846,30.0,444
446738,2989,2.891462809943877,2.611462809943877,14.0,144
446834,2990,3.0705631433497236,2.9305631433497243,7.0,96
446862,2991,1.3732723943827172,1.3732723943827172,0.0,28
446961,2992,2.4464741298487693,2.4064741298487693,2.0,99
447073,2993,3.2629834833315625,2.942983483331563,16.0,112
447168,2994,3.498396908671262,3.2183969086712616,14.0,95
447243,2995,2.0716200648875844,1.7116200648875846,18.0,75
447332,2996,3.233947216147129,2.993947216147129,12.0,89
447416,2997,2.179387768422707,2.179387768422707,0.0,84
447535,2998,2.355497395471696,2.0954973954716953,13.0,119
447727,2999,2.303518088413447,2.303518088413447,0.0,192
447875,3000,1.9421339940253115,0.9021339940253107,52.0,148
448175,3001,2.3325368229989247,1.132536822998924,60.0,300
448287,3002,3.7546775152802994,3.6946775152802998,3.0,112
448319,3003,1.5031178769490843,1.5031178769490843,0.0,32
448444,3004,1.529080134798419,1.529080134798419,0.0,125
448491,3005,1.3359406440994746,1.3359406440994746,0.0,47
448565,3006,2.7859712577293054,2.765971257729306,1.0,74
448650,3007,2.8063232857383205,2.686323285738321,6.0,85
448685,3008,1.5992900745957366,1.5992900745957366,0.0,35
449185,3009,0.21834527075265314,0.21834527075265314,0.0,500
449291,3010,3.442695011988442,3.3826950119884414,3.0,106
449630,3011,3.796115969650759,3.436115969650759,18.0,339
449814,3012,2.5818814587164383,1.5818814587164387,50.0,184
450237,3013,3.6507642440802686,3.13076424408027,26.0,423
450336,3014,2.6956623874419967,2.415662387441996,14.0,99
450403,3015,2.4942870326609903,2.4942870326609903,0.0,67
450558,3016,2.2554120888823608,1.8154120888823606,22.0,155
450630,3017,2.5569216835520105,2.5569216835520105,0.0,72
450666,3018,1.6392499413064971,1.6392499413064971,0.0,36
450726,3019,1.890365085980244,1.750365085980244,7.0,60
450846,3020,1.916079232884862,1.636079232884862,14.0,120
450921,3021,2.6218584550166795,2.4618584550166798,8.0,75
451041,3022,2.362220349068018,2.362220349068018,0.0,120
451163,3023,3.742239809560387,3.182239809560386,28.0,122
451307,3024,2.2523377243232243,2.132337724323224,6.0,144
451807,3025,0.0002539849626259638,0.0002539849626259638,0.0,500
452049,3026,2.6362396288377985,2.2562396288377995,19.0,242
452075,3027,1.3575060257971066,1.3575060257971066,0.0,26
452113,3028,1.6673748692645454,1.6673748692645454,0.0,38
452587,3029,1.9711002167561773,-0.9088997832438179,144.0,474
452651,3030,2.205583209914014,1.9455832099140142,13.0,64
453151,3031,0.592590435328044,-0.5474095646719561,57.0,500
453651,3032,3.6647112871209435,3.104711287120944,28.0,500
454151,3033,3.2875947896912496,3.02759478969125,13.0,500
454651,3034,-0.0029175367846174804,-0.0029175367846174804,0.0,500
454791,3035,2.3097042015418436,2.2697042015418436,2.0,140
455251,3036,2.1804043132461994,-0.07959568675380035,113.0,460
455377,3037,3.38198903748107,2.92198903748107,23.0,126
455456,3038,2.747197666287807,2.6871976662878074,3.0,79
455793,3039,2.3513054191508416,0.5713054191508411,89.0,337
455889,3040,2.3110787818019505,2.3110787818019505,0.0,96
456066,3041,3.603307839865195,2.843307839865194,38.0,177
456215,3042,1.4623376858181767,1.4623376858181767,0.0,149
456455,3043,1.561533168791623,1.561533168791623,0.0,240
456513,3044,2.369868275551359,2.369868275551359,0.0,58
456799,3045,3.3588401924372167,3.3588401924372167,0.0,286
456933,3046,2.1741872877250366,1.9341872877250368,12.0,134
457042,3047,2.015649475942874,2.015649475942874,0.0,109
457154,3048,1.7018736903881972,1.7018736903881972,0.0,112
457224,3049,2.4081368268871066,2.268136826887106,7.0,70
457724,3050,0.5070079272219599,0.18700792722196002,16.0,500
457822,3051,1.4917786978596022,1.4917786978596022,0.0,98
457896,3052,2.6773751866696527,2.6773751866696527,0.0,74
457977,3053,2.946623982210692,2.686623982210692,13.0,81
458046,3054,1.6997342598327119,1.4597342598327119,12.0,69
458082,3055,1.5166009669146614,1.5166009669146614,0.0,36
458201,3056,3.1108772596099423,2.7908772596099425,16.0,119
458292,3057,2.7466842951312,2.7466842951312,0.0,91
458403,3058,1.9666992986146323,1.2866992986146322,34.0,111
458477,3059,2.728527566150702,2.728527566150702,0.0,74
458769,3060,3.9188681637574527,2.9588681637574528,48.0,292
458862,3061,3.26149126884214,2.8814912688421397,19.0,93
459016,3062,2.977895941104582,2.5378959411045825,22.0,154
459093,3063,2.0731551747203523,2.0731551747203523,0.0,77
459135,3064,1.844300577268062,1.844300577268062,0.0,42
459261,3065,2.70726343596286,1.8872634359628597,41.0,126
459313,3066,2.08749013970462,2.08749013970462,0.0,52
459813,3067,-0.5664814143940671,-1.586481414394068,51.0,500
459841,3068,1.3403615562690112,1.3403615562690112,0.0,28
460253,3069,3.281581292260957,1.701581292260957,79.0,412
460343,3070,2.7256538206259995,2.4456538206259992,14.0,90
460418,3071,2.08382389754719,1.9438238975471902,7.0,75
460533,3072,1.807750463659941,1.4877504636599412,16.0,115
460567,3073,1.4649178575180934,1.4649178575180934,0.0,34
460680,3074,2.180710523511719,1.720710523511718,23.0,113
460738,3075,2.1057483788905964,2.1057483788905964,0.0,58
461238,3076,1.409892608030327,-3.8701073919696642,264.0,500
461493,3077,3.692145491601777,3.4321454916017764,13.0,255
461570,3078,2.277585179883015,2.1375851798830143,7.0,77
461606,3079,1.667102624750326,1.667102624750326,0.0,36
462106,3080,0.2792021726458107,0.2792021726458107,0.0,500
462188,3081,2.7230369985347007,2.7230369985347007,0.0,82
462263,3082,2.673859200131174,2.6138592001311745,3.0,75
462348,3083,1.3175293449303986,1.3175293449303986,0.0,85
462376,3084,1.3465115564754075,1.3465115564754075,0.0,28
462448,3085,2.6859122227165395,2.58591222271654,5.0,72
462546,3086,2.4315607640932564,2.3315607640932563,5.0,98
462618,3087,2.6879419800844393,2.447941980084439,12.0,72
462769,3088,2.8018952552560616,2.7218952552560616,4.0,151
462885,3089,1.715408978239647,1.715408978239647,0.0,116
463001,3090,2.842529012308077,2.762529012308078,4.0,116
463352,3091,3.2545733327481767,2.4945733327481765,38.0,351
463641,3092,1.8690845654189925,0.5890845654189917,64.0,289
463756,3093,3.846581693930357,3.606581693930356,12.0,115
463835,3094,1.5204558887093136,1.5204558887093136,0.0,79
463948,3095,2.6064486055085023,2.286448605508502,16.0,113
464028,3096,2.7316784129816822,2.6716784129816826,3.0,80
464112,3097,2.9936011736368986,2.9936011736368986,0.0,84
464189,3098,1.6541048868823076,1.4941048868823077,8.0,77
464253,3099,2.4250478656555807,2.3050478656555806,6.0,64
464314,3100,1.8463492229717406,1.8463492229717406,0.0,61
464814,3101,2.3649144236378317,-1.3550855763621672,186.0,500
464865,3102,1.8863199426649693,1.646319942664969,12.0,51
464907,3103,1.8129759067684061,1.8129759067684061,0.0,42
465026,3104,1.7225704812643183,1.7225704812643183,0.0,119
465163,3105,2.32401911648625,2.28401911648625,2.0,137
465346,3106,1.8141712433571675,1.8141712433571675,0.0,183
465394,3107,2.009571486055731,2.009571486055731,0.0,48
465452,3108,2.1891733738771313,2.1891733738771313,0.0,58
465635,3109,3.315314853582485,3.2553148535824854,3.0,183
466135,3110,0.4227903448971515,-0.5572096551028488,49.0,500
466241,3111,1.4218555011666867,1.3618555011666866,3.0,106
466343,3112,2.7294105144459615,2.6294105144459614,5.0,102
466757,3113,2.091691401379454,-1.7683085986205365,193.0,414
466785,3114,1.3882746552870529,1.3882746552870529,0.0,28
466866,3115,2.931246422422986,2.931246422422986,0.0,81
466922,3116,2.1239960692319744,2.0639960692319743,3.0,56
466978,3117,2.2608016860051494,2.2608016860051494,0.0,56
467032,3118,2.2033073092234736,2.2033073092234736,0.0,54
467122,3119,2.236311843829621,2.0163118438296213,11.0,90
467159,3120,1.6037342224336413,1.6037342224336413,0.0,37
467217,3121,1.9363781989505382,1.9363781989505382,0.0,58
467273,3122,2.2375910337087075,2.1975910337087075,2.0,56
467339,3123,2.0430975567543244,1.7830975567543241,13.0,66
467386,3124,1.8446928240196987,1.8446928240196987,0.0,47
467477,3125,2.999630142372725,2.999630142372725,0.0,91
467652,3126,4.184304602059422,3.3443046020594207,42.0,175
467720,3127,2.6138462861903973,2.373846286190398,12.0,68
467789,3128,2.1888069499196563,2.028806949919656,8.0,69
468289,3129,0.4904671477767293,-3.3695328522232666,193.0,500
468387,3130,2.7200922098033016,2.6600922098033015,3.0,98
468536,3131,2.4718417815230787,1.4118417815230782,53.0,149
468601,3132,2.5137644511014736,2.5137644511014736,0.0,65
468717,3133,3.8445633633550944,3.8045633633550953,2.0,116
468785,3134,2.61857883059964,2.45857883059964,8.0,68
468889,3135,3.23577651414187,3.1157765141418707,6.0,104
469389,3136,1.360548540729861,1.300548540729861,3.0,500
469447,3137,2.3498920740497957,2.3498920740497957,0.0,58
469528,3138,2.9303169112342506,2.830316911234251,5.0,81
469605,3139,1.29578417032576,1.29578417032576,0.0,77
469725,3140,1.6864393837124627,0.8664393837124622,41.0,120
469817,3141,1.727465082171339,1.727465082171339,0.0,92
469911,3142,3.111645673315641,3.0116456733156403,5.0,94
470139,3143,3.308424555665291,2.9684245556652917,17.0,228
470205,3144,2.454152527078751,2.3141525270787513,7.0,66
470338,3145,1.955202918335834,1.955202918335834,0.0,133
470415,3146,2.2005341054477405,2.2005341054477405,0.0,77
470491,3147,2.692215441340891,2.4522154413408908,12.0,76
470756,3148,3.9305168636838665,3.8505168636838656,4.0,265
470803,3149,1.9484930755623608,1.9484930755623608,0.0,47
471303,3150,-0.2487455210392131,-0.8087455210392136,28.0,500
471559,3151,3.2629289870066813,2.482928987006681,39.0,256
471609,3152,2.0528083170061544,2.0528083170061544,0.0,50
471739,3153,1.9485812104225346,1.4285812104225344,26.0,130
471893,3154,2.865142003749582,2.6251420037495823,12.0,154
472013,3155,2.0051771743684026,2.0051771743684026,0.0,120
472147,3156,2.948117776419255,1.9681177764192535,49.0,134
472201,3157,2.142358418965764,2.142358418965764,0.0,54
472283,3158,2.7072865027820847,2.567286502782085,7.0,82
472371,3159,2.7756855456672316,2.7756855456672316,0.0,88
472491,3160,2.281722191512955,2.281722191512955,0.0,120
472599,3161,2.2111882534659326,2.2111882534659326,0.0,108
472736,3162,2.462109436807959,2.322109436807959,7.0,137
472811,3163,2.6501310362562323,2.490131036256233,8.0,75
472943,3164,2.5197798824407913,1.9997798824407913,26.0,132
473049,3165,1.7300719939298987,1.5900719939298986,7.0,106
473159,3166,3.4606464051399595,3.06064640513996,20.0,110
473413,3167,2.4740944985323328,2.3740944985323327,5.0,254
473505,3168,1.3853112991284635,1.3853112991284635,0.0,92
473688,3169,3.2974408515192533,3.1574408515192536,7.0,183
473754,3170,1.7415469350566828,1.7415469350566828,0.0,66
473881,3171,2.6476253734802606,2.0476253734802596,30.0,127
474381,3172,-0.011125980724072004,-0.011125980724072004,0.0,500
474491,3173,3.5217691834025877,3.1017691834025873,21.0,110
474578,3174,1.356572276109606,1.356572276109606,0.0,87
474647,3175,2.1553262532719497,2.1553262532719497,0.0,69
474802,3176,2.234721660549876,2.234721660549876,0.0,155
474966,3177,2.4670780475101894,2.1670780475101896,15.0,164
475045,3178,2.9956349514422635,2.8956349514422635,5.0,79
475142,3179,1.6708423839432522,1.6708423839432522,0.0,97
475169,3180,1.3420468604466491,1.3420468604466491,0.0,27
475202,3181,1.3815591597413697,1.3815591597413697,0.0,33
475256,3182,2.1040601129702123,2.1040601129702123,0.0,54
475308,3183,1.347305281973954,1.347305281973954,0.0,52
475406,3184,2.561672910710582,2.561672910710582,0.0,98
475667,3185,2.0684491267238116,2.0484491267238116,1.0,261
475742,3186,2.722392051276179,2.7023920512761794,1.0,75
475865,3187,2.150811943720858,2.150811943720858,0.0,123
476149,3188,2.718815714015051,2.6388157140150508,4.0,284
476237,3189,3.2344931801547636,3.1944931801547627,2.0,88
476316,3190,2.7916065440976205,2.571606544097621,11.0,79
476361,3191,1.9163673381126822,1.7963673381126823,6.0,45
476459,3192,2.408950118255806,1.8889501182558053,26.0,98
476557,3193,2.380221209352765,1.940221209352765,22.0,98
476615,3194,2.2101622952383395,2.1501622952383395,3.0,58
476682,3195,2.5504907095979394,2.3304907095979397,11.0,67
476799,3196,3.498029340139628,3.038029340139627,23.0,117
476984,3197,2.849687271739091,1.4696872717390899,69.0,185
477045,3198,1.8859053852565195,1.8859053852565195,0.0,61
477253,3199,3.335519241732802,3.335519241732802,0.0,208
477361,3200,1.3946232989412408,0.6346232989412405,38.0,108
477813,3201,3.4232020143980844,3.063202014398084,18.0,452
477957,3202,2.5825918549815685,2.422591854981568,8.0,144
478026,3203,2.170216440592685,2.1502164405926854,1.0,69
478078,3204,1.4487701542087095,1.4487701542087095,0.0,52
478177,3205,2.8659867971722273,2.6259867971722275,12.0,99
478422,3206,3.1212335041690698,3.1212335041690698,0.0,245
478922,3207,0.09829234141523213,0.09829234141523213,0.0,500
478994,3208,2.6109161074305636,2.390916107430563,11.0,72
479143,3209,1.3415573592134473,1.3415573592134473,0.0,149
479221,3210,1.415033363640011,1.415033363640011,0.0,78
479324,3211,1.8304349551073449,1.4304349551073448,20.0,103
479445,3212,1.7417775341096176,1.7417775341096176,0.0,121
479494,3213,1.628465736828186,1.628465736828186,0.0,49
479550,3214,2.277995414536731,2.0579954145367303,11.0,56
479629,3215,2.959993875623704,2.879993875623704,4.0,79
479722,3216,1.7269886225866333,1.6869886225866333,2.0,93
480222,3217,2.658431861404824,1.178431861404823,74.0,500
480280,3218,1.6939906686722968,1.6939906686722968,0.0,58
480417,3219,2.9100355930759187,2.890035593075919,1.0,137
480721,3220,2.7781483953740294,2.6581483953740292,6.0,304
480757,3221,1.601013599472616,1.601013599472616,0.0,36
480858,3222,2.137568344832576,2.057568344832576,4.0,101
481076,3223,2.016290570266934,1.976290570266934,2.0,218
481219,3224,1.2742723057249048,1.2742723057249048,0.0,143
481278,3225,2.00608758672241,1.7260875867224104,14.0,59
481310,3226,1.4183306201375685,1.4183306201375685,0.0,32
481359,3227,1.9446335504378487,1.9246335504378487,1.0,49
481467,3228,2.1855377848710527,2.1855377848710527,0.0,108
481519,3229,1.45190024320202,1.45190024320202,0.0,52
481618,3230,3.330235051610317,2.7302350516103155,30.0,99
481664,3231,1.9247560357742763,1.6847560357742761,12.0,46
481817,3232,3.125554324349566,2.785554324349566,17.0,153
482065,3233,3.0537217028217234,2.4937217028217233,28.0,248
482103,3234,1.6128224152601611,1.6128224152601611,0.0,38
482151,3235,1.8657396621694595,1.8657396621694595,0.0,48
482192,3236,1.7148217799127934,1.7148217799127934,0.0,41
482316,3237,2.0342403301024152,1.9742403301024147,3.0,124
482427,3238,3.659182053154926,3.5991820531549257,3.0,111
482495,3239,2.3343939704817527,2.0943939704817525,12.0,68
482729,3240,2.620192524075751,2.360192524075751,13.0,234
482816,3241,2.8873556396687547,2.327355639668755,28.0,87
482975,3242,2.752255230706774,2.632255230706774,6.0,159
483459,3243,2.8193569238366925,0.459356923836691,118.0,484
483903,3244,2.4687736521031285,1.9687736521031285,25.0,444
483981,3245,2.207943106783545,2.0679431067835448,7.0,78
484216,3246,2.277350288324871,2.257350288324871,1.0,235
484271,3247,2.168915997922466,2.148915997922466,1.0,55
484356,3248,3.0971365208036126,3.0971365208036126,0.0,85
484441,3249,2.578883305406212,2.2988833054062128,14.0,85
484524,3250,2.9973025361401735,2.777302536140173,11.0,83
484609,3251,3.012510243932544,2.932510243932544,4.0,85
484647,3252,1.491914929492815,1.491914929492815,0.0,38
484786,3253,2.11335241656605,1.4133524165660494,35.0,139
484860,3254,2.740458929083953,2.020458929083952,36.0,74
484921,3255,2.4145933221616476,2.4145933221616476,0.0,61
485173,3256,2.9669136336533874,2.486913633653387,24.0,252
485198,3257,1.2962627748558258,1.2962627748558258,0.0,25
485244,3258,1.9777665901848196,1.9777665901848196,0.0,46
485403,3259,2.31981520625384,1.779815206253839,27.0,159
485531,3260,1.9146033842895287,1.7146033842895285,10.0,128
485667,3261,1.9350803568678492,1.5350803568678486,20.0,136
485840,3262,2.586063271119179,1.4660632711191792,56.0,173
485940,3263,1.6631301612957152,1.6631301612957152,0.0,100
486002,3264,1.995396748690403,1.995396748690403,0.0,62
486143,3265,2.008186220317552,1.6481862203175517,18.0,141
486643,3266,0.2221152752068276,0.2221152752068276,0.0,500
486765,3267,2.1048283837145823,1.8448283837145818,13.0,122
486912,3268,3.3674058443732084,2.947405844373208,21.0,147
486981,3269,2.4314420505070213,2.4314420505070213,0.0,69
487055,3270,2.7346687697903125,2.3146687697903117,21.0,74
487149,3271,3.3388405818646505,3.238840581864651,5.0,94
487188,3272,1.665554221820107,1.665554221820107,0.0,39
487388,3273,2.7494615910087346,1.5894615910087335,58.0,200
487433,3274,1.7439393699041068,1.7039393699041068,2.0,45
487528,3275,1.7138070108996133,1.5538070108996134,8.0,95
487658,3276,3.066502355567193,2.946502355567193,6.0,130
487879,3277,2.2746513201043013,2.0746513201043006,10.0,221
488379,3278,0.02911381854989603,-0.05088618145010404,4.0,500
488740,3279,2.4322091466504743,0.9522091466504736,74.0,361
488817,3280,2.9015966991586986,2.841596699158699,3.0,77
489317,3281,0.4620090156883432,0.022009015688343014,22.0,500
489364,3282,1.4638926393972682,1.4638926393972682,0.0,47
489453,3283,1.3308369429570672,1.2908369429570672,2.0,89
489538,3284,3.0231517104392864,2.7231517104392866,15.0,85
489573,3285,1.5977752606092532,1.5977752606092532,0.0,35
489660,3286,2.523329070155752,2.343329070155751,9.0,87
489789,3287,2.0652580957669304,1.7452580957669306,16.0,129
489918,3288,3.569643176019597,3.469643176019597,5.0,129
489954,3289,1.5766542032430362,1.5766542032430362,0.0,36
489994,3290,1.672444211770166,1.672444211770166,0.0,40
490494,3291,0.046603669278617144,0.006603669278617136,2.0,500
490550,3292,2.2109741262373266,2.2109741262373266,0.0,56
490651,3293,2.1924827100844593,1.5324827100844591,33.0,101
490876,3294,2.227199492461772,1.0471994924617714,59.0,225
491029,3295,2.349264249424474,2.1292642494244736,11.0,153
491363,3296,2.957046039649739,2.917046039649739,2.0,334
491863,3297,0.3221416636272385,-2.457858336372759,139.0,500
491966,3298,1.5428938449464624,1.4628938449464624,4.0,103
492023,3299,2.321622410838807,2.321622410838807,0.0,57
492127,3300,2.722720909264588,2.662720909264588,3.0,104
492201,3301,2.7834727434991713,2.6434727434991707,7.0,74
492246,3302,1.4591417921386443,1.4591417921386443,0.0,45
492376,3303,1.5798314324941212,0.33983143249412073,62.0,130
492441,3304,2.518448041135094,2.3184480411350936,10.0,65
492538,3305,1.477403508378764,1.377403508378764,5.0,97
492611,3306,1.8813679899132092,1.5013679899132086,19.0,73
492770,3307,2.6155985122975745,2.4955985122975743,6.0,159
492965,3308,2.8518475651019997,2.5718475651020003,14.0,195
493080,3309,1.59824665161573,1.59824665161573,0.0,115
493289,3310,2.666846578047797,2.606846578047797,3.0,209
493348,3311,2.364305308750595,2.364305308750595,0.0,59
493426,3312,2.070151618974565,2.070151618974565,0.0,78
493476,3313,1.9486526853626929,1.8686526853626928,4.0,50
493541,3314,2.481811537347526,2.481811537347526,0.0,65
494041,3315,1.1048947391142252,0.24489473911422446,43.0,500
494133,3316,3.0988930847456624,3.0988930847456624,0.0,92
494213,3317,2.9435563792308277,2.703556379230828,12.0,80
494350,3318,3.8713367107979053,3.631336710797905,12.0,137
494423,3319,2.4505438810692968,2.4505438810692968,0.0,73
494548,3320,2.3425621646257437,2.3425621646257437,0.0,125
494602,3321,1.5212637611219837,1.5212637611219837,0.0,54
494674,3322,2.8255627836836434,2.6455627836836433,9.0,72
494812,3323,1.7983037657716354,1.7983037657716354,0.0,138
494889,3324,2.9290469999624245,2.6890469999624242,12.0,77
494976,3325,3.2407896739808697,2.98078967398087,13.0,87
495132,3326,1.556300850650878,1.556300850650878,0.0,156
495242,3327,3.67764249060797,3.17764249060797,25.0,110
495331,3328,3.249083336987362,3.009083336987363,12.0,89
495496,3329,3.7247942520368316,3.2647942520368307,23.0,165
495523,3330,1.3488223846343312,1.3488223846343312,0.0,27
495624,3331,2.777890406250486,2.3778904062504864,20.0,101
496124,3332,-0.551754767745015,-1.031754767745015,24.0,500
496155,3333,1.440760545631838,1.440760545631838,0.0,31
496236,3334,2.7633938190693828,2.7633938190693828,0.0,81
496736,3335,-0.40627990060846475,-1.026279900608465,31.0,500
497122,3336,3.0540927025532003,-1.3259072974468042,219.0,386
497235,3337,1.7900697959292922,1.7900697959292922,0.0,113
497623,3338,2.5529572419488273,1.3729572419488263,59.0,388
498123,3339,0.4887297932778858,-5.831270206722109,316.0,500
498212,3340,1.4158550597309105,1.4158550597309105,0.0,89
498342,3341,4.36786977874902,3.9078697787490215,23.0,130
498432,3342,3.4032545865719754,3.223254586571975,9.0,90
498513,3343,2.984858948525744,2.864858948525744,6.0,81
498606,3344,1.3121968976943321,1.3121968976943321,0.0,93
498636,3345,1.4074541980974309,1.4074541980974309,0.0,30
498745,3346,3.348507392070059,3.348507392070059,0.0,109
499049,3347,2.363148718413057,1.5431487184130566,41.0,304
499136,3348,2.810678030055882,2.650678030055882,8.0,87
499636,3349,0.3134104926080674,-2.726589507391935,152.0,500
499792,3350,2.2090812056350035,1.9690812056350029,12.0,156
500292,3351,-0.6803046573539111,-3.2603046573539127,129.0,500
500377,3352,2.041017344002991,2.041017344002991,0.0,85
500429,3353,1.9862446493513792,1.9862446493513792,0.0,52
500497,3354,2.4951236680529876,2.4951236680529876,0.0,68
500538,3355,1.3463716938229384,1.3463716938229384,0.0,41
500601,3356,2.2258201038396623,2.045820103839662,9.0,63
500654,3357,1.819845108824926,1.819845108824926,0.0,53
500724,3358,2.614629834005166,2.3346298340051668,14.0,70
501018,3359,2.9169524745218363,2.8969524745218362,1.0,294
501155,3360,2.887835612775064,2.8278356127750643,3.0,137
501266,3361,3.496313864663421,3.016313864663421,24.0,111
501484,3362,3.9610353062120924,3.9210353062120924,2.0,218
501540,3363,1.8495600346161658,1.8495600346161658,0.0,56
501614,3364,2.6664602572206775,2.4464602572206777,11.0,74
501718,3365,1.4113566483140496,1.4113566483140496,0.0,104
501771,3366,2.135196016654219,2.135196016654219,0.0,53
501844,3367,1.8332041737076605,1.8332041737076605,0.0,73
501922,3368,2.9719542749717536,2.7919542749717534,9.0,78
502422,3369,0.29323760461395754,0.29323760461395754,0.0,500
502494,3370,1.7415500524746275,1.7415500524746275,0.0,72
502568,3371,2.756442060779478,2.756442060779478,0.0,74
502621,3372,2.190736401268721,2.190736401268721,0.0,53
502730,3373,2.1610197339933803,1.9610197339933804,10.0,109
502886,3374,2.9033644392224973,2.503364439222497,20.0,156
502997,3375,3.278766918384048,2.798766918384048,24.0,111
503052,3376,2.2486919189982455,2.148691918998246,5.0,55
503215,3377,2.9298180605074364,2.8898180605074364,2.0,163
503263,3378,1.9944825099779029,1.9944825099779029,0.0,48
503548,3379,3.422721781898943,3.1627217818989433,13.0,285
503595,3380,1.9922534009718016,1.9922534009718016,0.0,47
503743,3381,3.6645362362577796,3.4245362362577794,12.0,148
503771,3382,1.3347742422455706,1.3347742422455706,0.0,28
503922,3383,2.0008274346991612,1.980827434699161,1.0,151
503975,3384,1.458560406006295,1.458560406006295,0.0,53
504475,3385,-2.1111983227374442,-2.1111983227374442,0.0,500
504601,3386,2.117494219329642,1.8374942193296422,14.0,126
504641,3387,1.6873159836347098,1.5273159836347097,8.0,40
504819,3388,2.9105274218381365,2.9105274218381365,0.0,178
504917,3389,3.0561987357196276,2.996198735719628,3.0,98
504974,3390,2.24232787160549,2.24232787160549,0.0,57
505160,3391,2.147253640524777,1.6872536405247769,23.0,186
505213,3392,1.4253104130288001,1.4253104130288001,0.0,53
505281,3393,2.589655538986084,2.3496555389860836,12.0,68
505451,3394,3.4275627644794087,3.007562764479408,21.0,170
505546,3395,3.280624679944815,3.1606246799448146,6.0,95
505602,3396,2.1953492284576743,1.8953492284576745,15.0,56
505679,3397,2.657492184545288,2.6174921845452883,2.0,77
505816,3398,2.1823639517460793,1.9623639517460791,11.0,137
505905,3399,2.4134936289552344,2.4134936289552344,0.0,89
506100,3400,2.1587282981729317,1.9987282981729315,8.0,195
506600,3401,0.030442456946888408,0.030442456946888408,0.0,500
506660,3402,2.393518995975712,2.373518995975712,1.0,60
506703,3403,1.8291558571488475,1.8291558571488475,0.0,43
507203,3404,1.932487793512782,1.2124877935127818,36.0,500
507365,3405,2.7908909567883287,2.570890956788328,11.0,162
507416,3406,2.051446287407296,2.051446287407296,0.0,51
507505,3407,3.2480318843590386,2.988031884359038,13.0,89
508005,3408,0.012130480975010016,-1.0478695190249905,53.0,500
508039,3409,1.6069999726877233,1.6069999726877233,0.0,34
508131,3410,3.352999851682026,3.212999851682026,7.0,92
508233,3411,3.1273180658606163,3.087318065860616,2.0,102
508320,3412,2.8757147624137196,2.8557147624137196,1.0,87
508416,3413,3.2610568307945664,2.9610568307945666,15.0,96
508515,3414,3.4139943233623,3.4139943233623,0.0,99
508595,3415,1.6383444673436967,1.6383444673436967,0.0,80
508709,3416,2.6598697221677092,2.6598697221677092,0.0,114
508791,3417,2.8315681207007066,2.7915681207007066,2.0,82
509291,3418,-2.690734973560793,-3.250734973560793,28.0,500
509344,3419,2.077420104077669,2.077420104077669,0.0,53
509670,3420,2.050435882094643,1.5304358820946429,26.0,326
509696,3421,1.282512441968875,1.282512441968875,0.0,26
510196,3422,-1.5679704816374365,-1.5679704816374365,0.0,500
510307,3423,3.5837638968900736,3.3437638968900725,12.0,111
510394,3424,3.038627489768606,2.9186274897686064,6.0,87
510652,3425,3.4880626199624984,3.3680626199624975,6.0,258
510929,3426,2.3761890715183194,1.7361890715183192,32.0,277
511429,3427,0.9046621119320208,-3.7353378880679693,232.0,500
511844,3428,2.658230790738702,2.398230790738703,13.0,415
511924,3429,1.4935844486602987,1.4935844486602987,0.0,80
511964,3430,1.7529547771079512,1.7529547771079512,0.0,40
512070,3431,1.4984435827455627,1.2784435827455627,11.0,106
512130,3432,2.3955976363337586,2.3755976363337585,1.0,60
512172,3433,1.8155638036739143,1.8155638036739143,0.0,42
512280,3434,1.4917379460412368,1.4717379460412368,1.0,108
512345,3435,2.1030620835102,2.0430620835101996,3.0,65
512379,3436,1.4389440489406915,1.4389440489406915,0.0,34
512641,3437,2.5710906601821897,2.1710906601821884,20.0,262
512759,3438,2.4435477345116325,2.4435477345116325,0.0,118
512878,3439,3.096372882633214,3.096372882633214,0.0,119
512958,3440,2.7609285237034906,2.50092852370349,13.0,80
513151,3441,4.086412418112108,3.9664124181121068,6.0,193
513198,3442,1.6962571170014176,1.6162571170014175,4.0,47
513332,3443,2.77295383266276,2.49295383266276,14.0,134
513832,3444,0.5043772524979029,0.3843772524979029,6.0,500
514332,3445,-0.01667717388379053,-0.01667717388379053,0.0,500
514359,3446,1.377129929265692,1.377129929265692,0.0,27
514830,3447,2.805909210561446,0.9259092105614464,94.0,471
515017,3448,3.3007200894146598,3.28072008941466,1.0,187
515080,3449,2.4720375934846563,2.412037593484656,3.0,63
515551,3450,3.3397305803562016,2.2197305803562015,56.0,471
515689,3451,2.7972832046143674,2.6972832046143678,5.0,138
515799,3452,1.279850527054791,0.9798505270547909,15.0,110
515835,3453,1.559860425565096,1.559860425565096,0.0,36
515873,3454,1.6141865226851175,1.5741865226851175,2.0,38
515980,3455,1.36223509064071,1.36223509064071,0.0,107
516329,3456,3.4198571484068774,3.1998571484068767,11.0,349
516404,3457,2.8481344262064896,2.74813442620649,5.0,75
516479,3458,2.494719191949889,2.494719191949889,0.0,75
516979,3459,-1.9711403585949192,-2.4711403585949197,25.0,500
517034,3460,1.535516607829226,1.535516607829226,0.0,55
517113,3461,2.5429183328807614,2.3029183328807616,12.0,79
517613,3462,1.260165901968521,-0.4198340980314795,84.0,500
517705,3463,1.3227889227038139,1.3227889227038139,0.0,92
517817,3464,1.7573782429648968,1.7573782429648968,0.0,112
517857,3465,1.526014721232435,1.526014721232435,0.0,40
517952,3466,2.1912662976884665,2.1912662976884665,0.0,95
518029,3467,2.5907044960409102,2.39070449604091,10.0,77
518105,3468,1.3363115933797123,1.3363115933797123,0.0,76
518147,3469,1.818925659759214,1.818925659759214,0.0,42
518274,3470,1.9128044709462568,1.8928044709462568,1.0,127
518418,3471,2.647684291727484,2.627684291727484,1.0,144
518522,3472,1.73963338085315,1.5196333808531497,11.0,104
518821,3473,2.9900116791690454,2.1100116791690446,44.0,299
518868,3474,1.3071431530013595,1.3071431530013595,0.0,47
518994,3475,2.3396214731667495,2.3196214731667495,1.0,126
519441,3476,2.903961412143813,1.9839614121438132,46.0,447
519604,3477,3.3775782183176437,3.1175782183176435,13.0,163
519782,3478,2.9671560434376842,1.7871560434376836,59.0,178
519873,3479,2.6753324693453493,2.1953324693453493,24.0,91
519944,3480,2.274686300262655,2.254686300262655,1.0,71
520109,3481,3.3861334806758805,3.2261334806758803,8.0,165
520196,3482,1.6709119798608016,1.5909119798608016,4.0,87
520262,3483,2.5508660258351927,2.4908660258351922,3.0,66
520372,3484,1.8685532235568245,1.8685532235568245,0.0,110
520492,3485,1.8185952634313631,1.2985952634313627,26.0,120
520624,3486,2.275334359793762,1.615334359793762,33.0,132
520708,3487,2.4531294878398873,2.233129487839887,11.0,84
520774,3488,2.6073231135609696,2.6073231135609696,0.0,66
520861,3489,3.147209370343522,3.107209370343522,2.0,87
520997,3490,3.1500621628599856,3.0300621628599855,6.0,136
521125,3491,1.761090483907444,1.6810904839074439,4.0,128
521215,3492,1.9786850902481488,1.9786850902481488,0.0,90
521375,3493,3.5266362013858608,2.8466362013858615,34.0,160
521517,3494,3.6417654797464216,2.921765479746422,36.0,142
521888,3495,2.9492390682446756,2.9092390682446756,2.0,371
521999,3496,1.9065363123884744,1.646536312388474,13.0,111
522057,3497,2.1158614650269243,2.1158614650269243,0.0,58
522136,3498,2.2677028195423286,2.187702819542328,4.0,79
522294,3499,2.8621357677547534,2.7021357677547533,8.0,158
522413,3500,2.0785768123076513,2.0185768123076513,3.0,119
522832,3501,2.823041048593047,0.7430410485930451,104.0,419
522951,3502,1.3900841554832635,1.3900841554832635,0.0,119
523060,3503,2.235688339511336,2.035688339511336,10.0,109
523180,3504,3.278134983878164,3.278134983878164,0.0,120
523346,3505,2.984928803052072,2.9249288030520724,3.0,166
523418,3506,2.462739296685333,2.462739296685333,0.0,72
523504,3507,2.5811287254100304,2.3011287254100306,14.0,86
524004,3508,0.7398379827622742,-5.460162017237721,310.0,500
524108,3509,3.607363939941155,3.5473639399411554,3.0,104
524195,3510,3.0658936832758363,3.0658936832758363,0.0,87
524282,3511,2.8354423007775624,2.575442300777562,13.0,87
524390,3512,2.507794251115982,2.007794251115982,25.0,108
524495,3513,2.1455423737217862,2.1455423737217862,0.0,105
524558,3514,2.4784763161411076,2.2784763161411075,10.0,63
524653,3515,1.533429114962916,1.533429114962916,0.0,95
524811,3516,2.247286589163093,1.7472865891630929,25.0,158
524855,3517,1.6312561235030212,1.5112561235030213,6.0,44
524955,3518,3.064865333681645,3.0048653336816455,3.0,100
524997,3519,1.5915799263800983,1.5915799263800983,0.0,42
525497,3520,1.0713381176914507,-4.148661882308544,261.0,500
525519,3521,1.2730623300895123,1.2730623300895123,0.0,22
525627,3522,2.403302006923739,2.403302006923739,0.0,108
525732,3523,3.2985027542550682,3.2985027542550682,0.0,105
525867,3524,1.6352396679936398,1.6352396679936398,0.0,135
525960,3525,3.176640656716586,3.1366406567165863,2.0,93
526033,3526,2.2500150338657576,2.2500150338657576,0.0,73
526130,3527,2.6886556184147548,2.6286556184147543,3.0,97
526472,3528,3.9279020374543077,2.1279020374543065,90.0,342
526613,3529,1.9407537399797103,1.8207537399797105,6.0,141
526710,3530,2.4523839276871016,2.2923839276871014,8.0,97
526797,3531,2.282493850041006,2.282493850041006,0.0,87
526885,3532,2.8737137357774705,2.553713735777471,16.0,88
526963,3533,2.630221744241888,2.510221744241888,6.0,78
527145,3534,4.018675114954627,3.118675114954624,45.0,182
527280,3535,2.0487176801792097,1.5087176801792097,27.0,135
527330,3536,1.9810369599860709,1.9810369599860709,0.0,50
527480,3537,2.761147394967003,2.041147394967004,36.0,150
527579,3538,3.143267330681069,2.9432673306810684,10.0,99
527691,3539,3.308224366605242,3.068224366605242,12.0,112
527851,3540,3.548032814076662,3.468032814076662,4.0,160
527936,3541,3.1221718879407203,3.1221718879407203,0.0,85
528247,3542,3.4246616006143813,3.1646616006143806,13.0,311
528306,3543,2.3486147545306038,2.1086147545306035,12.0,59
528363,3544,2.2197486425791535,2.2197486425791535,0.0,57
528500,3545,2.6094029071987235,2.2294029071987236,19.0,137
528562,3546,2.2935269959295983,2.133526995929598,8.0,62
528680,3547,1.7960916306898898,1.7960916306898898,0.0,118
528810,3548,2.9702070789579746,2.950207078957974,1.0,130
528857,3549,1.9605066015641333,1.9205066015641332,2.0,47
528973,3550,2.0364767983353014,1.3964767983353013,32.0,116
529006,3551,1.4984433497235636,1.4984433497235636,0.0,33
529053,3552,2.0041879055262175,1.7641879055262175,12.0,47
529217,3553,2.3256637500833452,2.005663750083345,16.0,164
529292,3554,2.754981388722392,2.754981388722392,0.0,75
529326,3555,1.2739551760192733,1.2739551760192733,0.0,34
529376,3556,1.4844017781351344,1.4844017781351344,0.0,50
529450,3557,2.431661825809364,2.391661825809364,2.0,74
529528,3558,2.654973014778366,2.654973014778366,0.0,78
529593,3559,2.490548511589786,2.490548511589786,0.0,65
529686,3560,1.6674191837838943,1.6674191837838943,0.0,93
529790,3561,3.1109370063995048,2.7109370063995044,20.0,104
529849,3562,2.0746179263339233,2.0146179263339237,3.0,59
529924,3563,2.456750713541048,2.1767507135410478,14.0,75
530424,3564,0.01653422096629642,0.01653422096629642,0.0,500
530692,3565,3.4087307103427653,3.288730710342765,6.0,268
530983,3566,3.49984431784584,3.239844317845839,13.0,291
531044,3567,1.8194621496217194,1.7194621496217193,5.0,61
531242,3568,2.492933104003295,2.492933104003295,0.0,198
531300,3569,2.288028212392157,2.208028212392157,4.0,58
531383,3570,2.92877696063165,2.8287769606316497,5.0,83
531426,3571,1.849586028433936,1.849586028433936,0.0,43
531663,3572,2.210256496484715,1.910256496484715,15.0,237
531754,3573,2.440724908309595,2.2007249083095957,12.0,91
531917,3574,2.1164310104281996,1.0164310104281993,55.0,163
531973,3575,2.2723395544344376,1.9723395544344378,15.0,56
532473,3576,0.5693421284791937,-0.2306578715208062,40.0,500
532743,3577,4.033285342180305,3.853285342180304,9.0,270
533080,3578,2.5475706660736,2.0075706660736015,27.0,337
533130,3579,1.4917559317224307,1.4917559317224307,0.0,50
533232,3580,1.7726692672915112,1.7726692672915112,0.0,102
533345,3581,1.7797169687476742,0.9997169687476744,39.0,113
533401,3582,2.185137430840069,2.185137430840069,0.0,56
533528,3583,1.4620658378645772,1.4620658378645772,0.0,127
533605,3584,2.8590768433426947,2.6790768433426946,9.0,77
533680,3585,2.6211210770910087,2.6211210770910087,0.0,75
533712,3586,1.4685495929577606,1.4685495929577606,0.0,32
533764,3587,2.0706733086948965,1.9306733086948966,7.0,52
533930,3588,2.328636707962155,1.9086367079621547,21.0,166
534025,3589,1.6445788776411816,1.6445788776411816,0.0,95
534248,3590,3.6639413785156454,2.723941378515648,47.0,223
534364,3591,2.096420058599976,1.9564200585999758,7.0,116
534560,3592,2.7015529127668363,2.481552912766837,11.0,196
534981,3593,2.187942321640536,-1.4320576783594612,181.0,421
535063,3594,2.7202105590298977,2.7202105590298977,0.0,82
535216,3595,3.001765791940901,2.5217657919409016,24.0,153
535716,3596,0.5212768625998594,0.5212768625998594,0.0,500
535767,3597,2.0036961532010453,2.0036961532010453,0.0,51
535825,3598,2.203048609474714,2.023048609474714,9.0,58
535926,3599,3.3627271811149617,3.3427271811149613,1.0,101
535959,3600,1.4441425417104778,1.4441425417104778,0.0,33
536043,3601,2.7957021020473602,2.47570210204736,16.0,84
536189,3602,2.442346291196711,2.182346291196711,13.0,146
536221,3603,1.4758240877679694,1.4758240877679694,0.0,32
536384,3604,2.8016784360052647,2.5216784360052653,14.0,163
536485,3605,3.305181891938444,3.265181891938444,2.0,101
536657,3606,2.4715697161578114,2.4315697161578114,2.0,172
536711,3607,2.197897411232254,2.1578974112322538,2.0,54
536772,3608,2.45634259127713,2.45634259127713,0.0,61
536985,3609,2.91164615972004,2.291646159720039,31.0,213
537023,3610,1.72223245924446,1.66223245924446,3.0,38
537088,3611,2.5743307387743446,2.554330738774345,1.0,65
537194,3612,1.3484150878265933,1.2084150878265933,7.0,106
537257,3613,1.7041637066816815,1.7041637066816815,0.0,63
537329,3614,2.600796358223228,2.600796358223228,0.0,72
537761,3615,2.2383338699994146,-0.5616661300005841,140.0,432
537912,3616,2.184781786083869,1.7047817860838685,24.0,151
538015,3617,1.4347704652666582,1.4147704652666584,1.0,103
538069,3618,1.933054192692311,1.933054192692311,0.0,54
538098,3619,1.3481733710787314,1.3481733710787314,0.0,29
538157,3620,2.0182375193143063,1.7582375193143058,13.0,59
538221,3621,2.4462472356059246,2.4462472356059246,0.0,64
538284,3622,2.523409333360574,2.523409333360574,0.0,63
538483,3623,2.9064424329786647,1.1264424329786644,89.0,199
538564,3624,2.4682826934104147,2.4082826934104147,3.0,81
538675,3625,3.6423624563627857,3.3623624563627854,14.0,111
538733,3626,2.295902475086139,2.295902475086139,0.0,58
539018,3627,3.324677537005991,3.284677537005991,2.0,285
539104,3628,2.950918643566082,2.890918643566082,3.0,86
539136,3629,1.4978771653008638,1.4978771653008638,0.0,32
539210,3630,1.342038630312979,1.342038630312979,0.0,74
539355,3631,2.1549012358754585,1.454901235875458,35.0,145
539522,3632,2.0629931881774377,1.922993188177438,7.0,167
539654,3633,2.364292209669642,2.364292209669642,0.0,132
539858,3634,2.50926097827453,2.08926097827453,21.0,204
540358,3635,0.07170777735590628,-3.1682922226440957,162.0,500
540455,3636,3.4214557213979,3.2014557213978994,11.0,97
540955,3637,0.0009302105780226722,-0.13906978942197745,7.0,500
541089,3638,2.3400928144907867,2.3400928144907867,0.0,134
541267,3639,3.6032118393185115,3.3232118393185113,14.0,178
541310,3640,1.5633115954440278,1.5633115954440278,0.0,43
541407,3641,3.4584233489081333,3.018423348908134,22.0,97
541463,3642,2.3066886624299636,2.3066886624299636,0.0,56
541551,3643,2.874039843646896,2.8140398436468965,3.0,88
541590,3644,1.671449175163609,1.671449175163609,0.0,39
541679,3645,1.530537476685739,1.530537476685739,0.0,89
541788,3646,1.6479204415898303,1.6479204415898303,0.0,109
542288,3647,1.7837284646826013,-0.4162715353173985,110.0,500
542575,3648,2.8163592653736935,2.4563592653736936,18.0,287
542645,3649,1.4363402354534724,1.4363402354534724,0.0,70
542788,3650,2.2281092168314514,1.7881092168314512,22.0,143
542946,3651,2.334600656799318,1.6146006567993165,36.0,158
542993,3652,1.5583369539546217,1.5583369539546217,0.0,47
543493,3653,0.21413652372438774,-0.26586347627561224,24.0,500
543551,3654,2.3019363207960657,2.3019363207960657,0.0,58
543614,3655,2.46242333090608,2.44242333090608,1.0,63
543793,3656,2.830937605546568,2.830937605546568,0.0,179
544293,3657,0.05840080631198297,0.05840080631198297,0.0,500
544394,3658,3.489525609059662,3.309525609059662,9.0,101
544690,3659,3.630493996678773,3.4704939966787727,8.0,296
544750,3660,2.027709822056182,2.027709822056182,0.0,60
544806,3661,2.0966151535264532,2.0966151535264532,0.0,56
544858,3662,1.9064071391196806,1.9064071391196806,0.0,52
544945,3663,2.948742627599422,2.5887426275994216,18.0,87
545021,3664,2.848012350741616,2.348012350741616,25.0,76
545085,3665,2.309221022058277,2.309221022058277,0.0,64
545155,3666,2.1070727532444886,2.087072753244489,1.0,70
545235,3667,2.7676961531911854,2.467696153191186,15.0,80
545334,3668,3.2412054702883055,3.0012054702883058,12.0,99
545411,3669,2.3042967003903563,2.1642967003903557,7.0,77
545479,3670,2.6348935145787538,2.6348935145787538,0.0,68
545548,3671,2.666388397146177,2.666388397146177,0.0,69
545574,3672,1.2870525404894086,1.2870525404894086,0.0,26
545628,3673,2.1494383931237877,2.1494383931237877,0.0,54
545683,3674,2.2338183015421182,2.2338183015421182,0.0,55
545761,3675,2.6732639861853196,2.6732639861853196,0.0,78
545906,3676,3.4239538311625717,2.963953831162571,23.0,145
545999,3677,3.203155307033808,3.1831553070338083,1.0,93
546110,3678,2.5812146778022416,2.4812146778022415,5.0,111
546185,3679,2.804178199014337,2.7041781990143368,5.0,75
546268,3680,1.615803006862982,1.615803006862982,0.0,83
546333,3681,2.1891822181511547,1.949182218151154,12.0,65
546833,3682,0.8515996178044696,-1.6484003821955306,125.0,500
546976,3683,2.4471341881925364,1.4871341881925357,48.0,143
547144,3684,3.2541856971853496,3.014185697185348,12.0,168
547311,3685,2.762281125454349,2.4022811254543486,18.0,167
547443,3686,2.1314808933585216,2.1314808933585216,0.0,132
547471,3687,1.3550596144535894,1.3550596144535894,0.0,28
547732,3688,2.3418659742974457,2.061865974297446,14.0,261
547780,3689,1.557445483944779,1.557445483944779,0.0,48
547953,3690,3.1337991580578293,3.1337991580578293,0.0,173
548004,3691,2.0909998304567674,2.030999830456767,3.0,51
548084,3692,1.3129380066763314,0.6929380066763312,31.0,80
548584,3693,-0.6051970144050942,-2.805197014405096,110.0,500
548610,3694,1.3286471820829724,1.3286471820829724,0.0,26
548735,3695,2.1711175934815863,1.9911175934815861,9.0,125
548809,3696,2.6626807518664015,2.4426807518664018,11.0,74
548941,3697,2.3819615109081056,2.3819615109081056,0.0,132
548968,3698,1.3224408178208895,1.3224408178208895,0.0,27
549019,3699,2.104615262989424,1.884615262989424,11.0,51
549074,3700,2.2401443418857365,2.180144341885736,3.0,55
549142,3701,2.625384358901206,2.5253843589012055,5.0,68
549259,3702,2.8180596302480394,2.69805963024804,6.0,117
549405,3703,2.68573259747063,2.6657325974706305,1.0,146
549438,3704,1.4953907647011282,1.4953907647011282,0.0,33
549629,3705,2.191185752988088,2.191185752988088,0.0,191
549782,3706,2.465373897163812,2.1253738971638114,17.0,153
549847,3707,2.446602502016016,2.446602502016016,0.0,65
549948,3708,2.4089799004150274,2.388979900415028,1.0,101
550058,3709,3.2677912517456598,3.2677912517456598,0.0,110
550120,3710,2.380839114808173,2.320839114808173,3.0,62
550342,3711,3.8487241082169343,3.7887241082169347,3.0,222
550842,3712,1.102852605709486,0.7028526057094857,20.0,500
551162,3713,2.8351240638368793,0.49512406383687824,117.0,320
551662,3714,0.11021527520082453,0.11021527520082453,0.0,500
551731,3715,2.597870182037293,2.597870182037293,0.0,69
551832,3716,3.0953841096350803,2.99538410963508,5.0,101
551916,3717,2.9515765859011367,2.7715765859011365,9.0,84
551957,3718,1.7759147643715971,1.7759147643715971,0.0,41
552053,3719,3.1222544251702518,3.1022544251702513,1.0,96
552145,3720,1.5627628083255285,1.5627628083255285,0.0,92
552192,3721,1.9192960747041328,1.6792960747041328,12.0,47
552418,3722,2.889567758874661,2.429567758874662,23.0,226
552500,3723,2.9033982681720785,2.9033982681720785,0.0,82
552609,3724,1.930928052074926,1.870928052074926,3.0,109
552763,3725,2.1734711965250257,1.7334711965250253,22.0,154
553263,3726,0.11763329163292857,-0.022366708367071386,7.0,500
553329,3727,2.507517318756854,2.507517318756854,0.0,66
553829,3728,-0.0689169327251955,-0.0689169327251955,0.0,500
553964,3729,2.340567830965475,2.240567830965475,5.0,135
554464,3730,-0.11702376886429011,-0.11702376886429011,0.0,500
554964,3731,1.554044574647956,-2.365955425352042,196.0,500
555059,3732,3.196086136025535,3.196086136025535,0.0,95
555559,3733,-0.8866474033609726,-1.0266474033609727,7.0,500
555627,3734,2.069026417773123,1.9090264177731227,8.0,68
555715,3735,2.993156865698138,2.833156865698138,8.0,88
555877,3736,3.8426625353204424,3.6226625353204436,11.0,162
556377,3737,0.3549071349923536,-4.465092865007634,241.0,500
556461,3738,2.9041567415773994,2.8441567415773994,3.0,84
556517,3739,2.1562006736007997,2.0562006736007996,5.0,56
556586,3740,2.575367933337525,2.455367933337525,6.0,69
556701,3741,1.6005205886423264,1.5005205886423263,5.0,115
556932,3742,2.429546673066514,2.049546673066514,19.0,231
557027,3743,2.6764277716000513,2.6164277716000512,3.0,95
557101,3744,2.5645398247276256,2.324539824727626,12.0,74
557125,3745,1.2608293616838269,1.2608293616838269,0.0,24
557261,3746,3.1982824964880976,2.8182824964880977,19.0,136
557735,3747,2.5892581783184436,-0.27074182168155825,143.0,474
557806,3748,2.2636885316498745,2.2636885316498745,0.0,71
557910,3749,2.8332498276099636,2.7132498276099635,6.0,104
557961,3750,1.9746610006592573,1.9746610006592573,0.0,51
558020,3751,2.3263839770394235,2.2463839770394234,4.0,59
558090,3752,2.448379760462628,2.448379760462628,0.0,70
558336,3753,3.1130003040648333,2.913000304064833,10.0,246
558399,3754,1.4135751679098485,1.4135751679098485,0.0,63
558890,3755,3.4783858284068483,3.158385828406847,16.0,491
559005,3756,2.047943579423226,2.007943579423226,2.0,115
559063,3757,2.336973266044956,2.336973266044956,0.0,58
559563,3758,-0.9073682958788063,-0.9073682958788063,0.0,500
559796,3759,3.3108657362469107,3.0908657362469114,11.0,233
559847,3760,1.9732512134005136,1.8132512134005137,8.0,51
559944,3761,2.7418165082112065,2.7418165082112065,0.0,97
560137,3762,2.520874881227357,2.520874881227357,0.0,193
560350,3763,2.158374210654646,1.318374210654646,42.0,213
560419,3764,1.5144787575664218,1.5144787575664218,0.0,69
560497,3765,1.3903621025959068,1.3903621025959068,0.0,78
560592,3766,3.5220625049750174,3.5220625049750174,0.0,95
560707,3767,3.5115749267167455,3.491574926716745,1.0,115
560906,3768,1.6867449635495526,1.1067449635495525,29.0,199
560944,3769,1.6121625967141815,1.6121625967141815,0.0,38
561067,3770,2.125449366174689,2.125449366174689,0.0,123
561567,3771,-0.09400394191358896,-0.09400394191358896,0.0,500
561634,3772,2.6077767478398597,2.56777674783986,2.0,67
561718,3773,2.6893720455724672,2.4093720455724674,14.0,84
561770,3774,2.1284391889105034,2.068439188910504,3.0,52
561949,3775,2.9426579141495006,2.8626579141495005,4.0,179
562075,3776,2.3570760429307,1.6370760429307,36.0,126
562180,3777,1.9169130070763931,0.7969130070763927,56.0,105
562315,3778,2.487131747135496,2.487131747135496,0.0,135
562361,3779,1.9801940850185722,1.9801940850185722,0.0,46
562707,3780,2.291965237880399,1.9519652378803984,17.0,346
563207,3781,0.7371914309696606,-5.522808569030325,313.0,500
563707,3782,-0.006507185953375849,-0.006507185953375849,0.0,500
563788,3783,1.3060242182726585,0.6860242182726579,31.0,81
563939,3784,2.7555276828823962,2.7555276828823962,0.0,151
563994,3785,2.204206363721132,2.204206363721132,0.0,55
564137,3786,1.5407210586549243,1.3407210586549243,10.0,143
564213,3787,2.8653334731461406,2.8653334731461406,0.0,76
564420,3788,1.5340400540015897,1.5340400540015897,0.0,207
564526,3789,1.6540532797455902,1.6340532797455902,1.0,106
564952,3790,2.2279960060408355,2.2279960060408355,0.0,426
565082,3791,1.361765832509199,1.361765832509199,0.0,130
565163,3792,2.859425519294388,2.759425519294388,5.0,81
565196,3793,1.3523393411258522,1.3523393411258522,0.0,33
565240,3794,1.884305862359789,1.884305862359789,0.0,44
565335,3795,1.294200290622506,1.294200290622506,0.0,95
565381,3796,1.517433157332786,1.517433157332786,0.0,46
565418,3797,1.6474508664040624,1.6474508664040624,0.0,37
565514,3798,1.8871866972789109,1.8871866972789109,0.0,96
565612,3799,1.3340142983137326,1.3340142983137326,0.0,98
565641,3800,1.3361168219757096,1.3361168219757096,0.0,29
565857,3801,1.6289651638681844,-1.6510348361318148,164.0,216
565922,3802,1.3679854241602305,1.3679854241602305,0.0,65
565974,3803,2.179521418901132,2.179521418901132,0.0,52
566037,3804,1.8392136901361187,1.5592136901361184,14.0,63
566096,3805,1.8214706909722091,1.8214706909722091,0.0,59
566204,3806,1.8218797183122375,1.8218797183122375,0.0,108
566321,3807,2.173466415595767,2.0334664155957674,7.0,117
566821,3808,0.3875145245812075,0.3875145245812075,0.0,500
566896,3809,2.8650718844602414,2.7250718844602413,7.0,75
567109,3810,2.333689933360655,2.273689933360655,3.0,213
567609,3811,-0.04814171566566294,-0.04814171566566294,0.0,500
567683,3812,2.736933078326708,2.696933078326708,2.0,74
567842,3813,2.217674816734821,2.0776748167348202,7.0,159
568112,3814,2.2378475652550933,1.9178475652550935,16.0,270
568262,3815,2.475053019160006,2.1350530191600052,17.0,150
568439,3816,3.172796718145094,2.8727967181450937,15.0,177
568515,3817,2.857903357166519,2.857903357166519,0.0,76
568734,3818,3.326994694726488,2.5469946947264885,39.0,219
568796,3819,1.7716153789760019,1.7716153789760019,0.0,62
568836,3820,1.610862928295688,1.610862928295688,0.0,40
568965,3821,2.474380030490819,2.2343800304908195,12.0,129
569065,3822,3.3500095849645444,3.330009584964545,1.0,100
569194,3823,2.335146078900559,1.9951460789005582,17.0,129
569694,3824,0.745730221406466,0.705730221406466,2.0,500
569770,3825,2.859503934492273,2.479503934492273,19.0,76
569856,3826,2.9037212486126105,2.5837212486126107,16.0,86
569929,3827,2.7748783098804632,2.534878309880463,12.0,73
569971,3828,1.7687100464063896,1.7687100464063896,0.0,42
570161,3829,2.615534404402286,2.275534404402286,17.0,190
570313,3830,2.5594362027294566,2.5594362027294566,0.0,152
570381,3831,2.222902896839173,2.182902896839173,2.0,68
570498,3832,2.333204367521714,2.0932043675217136,12.0,117
570609,3833,1.8327668279294127,1.7327668279294126,5.0,111
570912,3834,3.5670843287231033,3.367084328723103,10.0,303
570970,3835,2.2504492022637788,2.070449202263779,9.0,58
571139,3836,3.162825979322446,2.8828259793224458,14.0,169
571205,3837,1.5740144491360066,1.5740144491360066,0.0,66
571272,3838,2.5646590492200856,2.5646590492200856,0.0,67
571772,3839,-0.20551929684122294,-0.4855192968412232,14.0,500
571889,3840,1.7172180165856497,1.55721801658565,8.0,117
571992,3841,1.8352255789658725,1.8352255789658725,0.0,103
572120,3842,2.2969357452270525,2.016935745227052,14.0,128
572206,3843,2.9319061637319277,2.531906163731928,20.0,86
572332,3844,1.912550287728924,1.7325502877289238,9.0,126
572510,3845,2.7272104378544597,2.6472104378544596,4.0,178
572743,3846,2.831856804534672,2.5518568045346726,14.0,233
572787,3847,1.3769547072214505,1.3769547072214505,0.0,44
573287,3848,0.6798430714346861,-2.8401569285653165,176.0,500
573314,3849,1.3392729926205824,1.3392729926205824,0.0,27
573410,3850,3.3863736142349947,3.0463736142349944,17.0,96
573582,3851,2.48584406249999,2.3858440624999897,5.0,172
573674,3852,2.631311516077494,2.331311516077494,15.0,92
573947,3853,2.932787052639288,1.3727870526392874,78.0,273
574069,3854,1.5812187977687828,1.5812187977687828,0.0,122
574167,3855,2.3650788289312397,2.10507882893124,13.0,98
574225,3856,2.1715684018660832,2.051568401866083,6.0,58
574670,3857,1.9513723164492338,1.5713723164492337,19.0,445
574706,3858,1.5476160185998324,1.5476160185998324,0.0,36
574803,3859,2.513091180206059,2.273091180206059,12.0,97
574850,3860,1.4403655301188074,1.4403655301188074,0.0,47
574913,3861,2.3666407361545345,2.3266407361545345,2.0,63
575023,3862,3.358278573695896,2.9782785736958965,19.0,110
575076,3863,2.114523111148342,2.0945231111483418,1.0,53
575117,3864,1.7522885043855536,1.7522885043855536,0.0,41
575248,3865,1.87066915782385,1.87066915782385,0.0,131
575350,3866,2.306604771750479,2.306604771750479,0.0,102
575415,3867,1.488307290316877,1.488307290316877,0.0,65
575481,3868,2.323156984469594,2.323156984469594,0.0,66
575666,3869,3.219915652227299,2.6199156522272986,30.0,185
575715,3870,1.6391118795551676,1.6391118795551676,0.0,49
575831,3871,2.0390752050542096,1.9590752050542093,4.0,116
575867,3872,1.5814658308166303,1.5814658308166303,0.0,36
575931,3873,1.743321646577055,1.4033216465770548,17.0,64
576132,3874,1.6688296658796982,0.7688296658796979,45.0,201
576350,3875,2.4548682174256395,2.0748682174256405,19.0,218
576660,3876,2.9924099212391653,1.9724099212391655,51.0,310
577160,3877,0.9036761739773495,-3.5563238260226466,223.0,500
577298,3878,1.29642137874835,1.29642137874835,0.0,138
577395,3879,3.4354189403688897,3.1554189403688895,14.0,97
577493,3880,1.801570365684292,0.9815703656842921,41.0,98
577882,3881,3.0745333523084257,2.9945333523084257,4.0,389
577973,3882,2.340114089773693,2.340114089773693,0.0,91
578030,3883,2.1688529747128573,2.1488529747128577,1.0,57
578104,3884,1.5058137793737065,1.5058137793737065,0.0,74
578251,3885,2.111886142934318,1.4718861429343173,32.0,147
578387,3886,1.9753429460905028,1.815342946090503,8.0,136
578458,3887,2.2856905524897844,2.105690552489784,9.0,71
578636,3888,3.46115140616012,3.1611514061601205,15.0,178
579136,3889,-0.07003440874701927,-0.07003440874701927,0.0,500
579204,3890,2.335679003018443,2.335679003018443,0.0,68
579323,3891,1.521008979198922,1.521008979198922,0.0,119
579823,3892,0.10982789935033255,0.10982789935033255,0.0,500
580323,3893,0.08061208119817742,-0.7593879188018233,42.0,500
580823,3894,0.4657329927254974,0.42573299272549736,2.0,500
580872,3895,2.0085534877661697,2.0085534877661697,0.0,49
581040,3896,2.4356543679263676,2.335654367926367,5.0,168
581085,3897,1.8241428371704538,1.8241428371704538,0.0,45
581199,3898,1.5030753193427633,1.5030753193427633,0.0,114
581339,3899,2.2785797091560562,1.9785797091560553,15.0,140
581456,3900,1.7298878632370185,1.7298878632370185,0.0,117
581703,3901,2.1238517514594397,1.7238517514594403,20.0,247
581831,3902,2.128181677960937,2.128181677960937,0.0,128
581894,3903,2.1711394758245652,1.951139475824565,11.0,63
581929,3904,1.4747707232147227,1.4747707232147227,0.0,35
582035,3905,1.476719596722728,1.336719596722728,7.0,106
582092,3906,2.205167691211479,2.205167691211479,0.0,57
582137,3907,1.4956604065358572,1.4956604065358572,0.0,45
582217,3908,2.9420552957432036,2.6820552957432033,13.0,80
582717,3909,1.464887969825079,0.9448879698250782,26.0,500
582861,3910,2.2074093384950433,2.1874093384950433,1.0,144
582941,3911,2.500155983507281,2.420155983507281,4.0,80
583057,3912,2.120639049842981,1.080639049842981,52.0,116
583161,3913,3.198315105177983,3.198315105177983,0.0,104
583225,3914,2.0847313126834965,2.0847313126834965,0.0,64
583292,3915,2.5612083003265123,2.4812083003265126,4.0,67
583346,3916,1.7688346018080283,1.7688346018080283,0.0,54
583408,3917,1.5978383642104905,1.5978383642104905,0.0,62
583530,3918,1.5359032371642665,1.5359032371642665,0.0,122
583664,3919,2.4191230920430558,2.1391230920430555,14.0,134
584164,3920,-0.32027085967467084,-0.32027085967467084,0.0,500
584282,3921,1.7201057979940475,1.7201057979940475,0.0,118
584307,3922,1.2957805726142493,1.2957805726142493,0.0,25
584445,3923,2.208238363811133,1.8882383638111322,16.0,138
584945,3924,0.25873124493887567,-5.321268755061117,279.0,500
585343,3925,3.268977749208138,3.0489777492081385,11.0,398
585480,3926,2.7482146980524735,2.7082146980524735,2.0,137
585575,3927,1.4153806025957893,1.4153806025957893,0.0,95
585792,3928,2.620780083414762,1.5607800834147625,53.0,217
586146,3929,2.74958109031228,2.4695810903122797,14.0,354
586227,3930,2.8845247196656674,2.7245247196656672,8.0,81
586284,3931,1.7386399506163952,1.7386399506163952,0.0,57
586352,3932,2.55156399319691,2.4515639931969093,5.0,68
586401,3933,1.5781482462184697,1.5781482462184697,0.0,49
586448,3934,1.965820456111457,1.965820456111457,0.0,47
586513,3935,2.4419676524994998,2.4019676524994997,2.0,65
586706,3936,2.8046953792322644,2.064695379232263,37.0,193
586829,3937,2.334932821750189,2.254932821750189,4.0,123
587329,3938,0.06398284630241435,0.06398284630241435,0.0,500
587400,3939,2.5686360786019624,2.4686360786019623,5.0,71
587503,3940,3.4141915954667104,3.4141915954667104,0.0,103
587554,3941,2.16498701469609,2.16498701469609,0.0,51
587630,3942,1.281559259380923,1.281559259380923,0.0,76
587691,3943,1.4918142453228405,1.4918142453228405,0.0,61
588191,3944,-2.4516075669065738,-2.931607566906574,24.0,500
588254,3945,2.126379553809798,2.126379553809798,0.0,63
588362,3946,3.7451994984912673,3.4451994984912675,15.0,108
588426,3947,2.030513268852786,2.030513268852786,0.0,64
588496,3948,2.3639328431568165,2.3639328431568165,0.0,70
588568,3949,1.3660842553509627,1.3660842553509627,0.0,72
589068,3950,-0.5866856328994501,-0.5866856328994501,0.0,500
589151,3951,2.340578919737484,2.300578919737484,2.0,83
589186,3952,1.57712876955167,1.57712876955167,0.0,35
589228,3953,1.4638489184093488,1.4638489184093488,0.0,42
589352,3954,1.913717102682567,1.8337171026825674,4.0,124
589496,3955,3.1980812716184657,3.018081271618466,9.0,144
589582,3956,3.164365814432302,3.124365814432302,2.0,86
589979,3957,2.207051551691583,-0.05294844830841838,113.0,397
590042,3958,2.415017547156482,2.375017547156482,2.0,63
590084,3959,1.8271065400426807,1.7071065400426806,6.0,42
590225,3960,2.033437070013634,2.033437070013634,0.0,141
590265,3961,1.287305222563431,1.287305222563431,0.0,40
590358,3962,1.527365800942445,1.4673658009424448,3.0,93
590414,3963,2.2402722076058663,2.2402722076058663,0.0,56
590477,3964,1.5493545777365048,1.5493545777365048,0.0,63
590571,3965,2.4212268180240315,2.3012268180240314,6.0,94
590710,3966,2.5957425063868342,2.5157425063868346,4.0,139
590818,3967,1.53863818693178,1.53863818693178,0.0,108
590976,3968,3.4864447070258846,3.006444707025885,24.0,158
591065,3969,3.2487244381704286,3.2487244381704286,0.0,89
591145,3970,1.5643188974412634,1.5443188974412634,1.0,80
591238,3971,1.4875338917250027,1.4875338917250027,0.0,93
591275,3972,1.6651770576940719,1.6651770576940719,0.0,37
591364,3973,1.706097228427795,1.706097228427795,0.0,89
591442,3974,2.153377524552008,2.153377524552008,0.0,78
591686,3975,2.6892403324524823,2.6492403324524822,2.0,244
591891,3976,2.9592721379007747,2.7592721379007745,10.0,205
591952,3977,2.4773330824577755,2.4773330824577755,0.0,61
592005,3978,2.1134876184393185,1.9134876184393184,10.0,53
592505,3979,0.4685679122339925,-0.5514320877660077,51.0,500
592565,3980,1.5970558487910274,1.5970558487910274,0.0,60
592693,3981,2.9587560850895875,2.1987560850895873,38.0,128
592756,3982,2.003347890186591,2.003347890186591,0.0,63
592795,3983,1.6153944006157228,1.6153944006157228,0.0,39
592907,3984,3.886057736585776,3.4060577365857747,24.0,112
592965,3985,1.7584985292131088,1.7584985292131088,0.0,58
593229,3986,1.6173671963932033,-0.4826328036067944,105.0,264
593729,3987,-0.2672564739288754,-0.2672564739288754,0.0,500
593789,3988,2.4075741448566936,2.3875741448566936,1.0,60
593918,3989,1.8264705233559688,1.8264705233559688,0.0,129
593961,3990,1.570842361260441,1.570842361260441,0.0,43
594048,3991,1.3191420712803552,1.3191420712803552,0.0,87
594144,3992,3.1455158513125516,2.965515851312552,9.0,96
594250,3993,2.0435252751708752,1.9235252751708751,6.0,106
594327,3994,2.8530189203103884,2.793018920310389,3.0,77
594509,3995,2.8715051657738915,2.551505165773891,16.0,182
594797,3996,3.491898221355524,3.151898221355524,17.0,288
594905,3997,3.414936239297803,3.2149362392978027,10.0,108
595405,3998,0.9821237832949777,-4.1778762167050205,258.0,500
595524,3999,4.045838842715726,3.6658388427157265,19.0,119
595683,4000,1.3930138088374378,1.3930138088374378,0.0,159
595825,4001,2.5517336224423617,2.311733622442362,12.0,142
596043,4002,2.3124929156666925,2.292492915666693,1.0,218
596154,4003,1.5629187421878137,1.5629187421878137,0.0,111
596206,4004,1.6941030650241855,1.6941030650241855,0.0,52
596242,4005,1.5911159311718601,1.5911159311718601,0.0,36
596360,4006,1.312625492484134,1.152625492484134,8.0,118
596445,4007,2.6453422564783002,2.6253422564783007,1.0,85
596489,4008,1.461649831198437,1.461649831198437,0.0,44
596625,4009,3.404015408009473,3.2240154080094725,9.0,136
596690,4010,2.5414362649645517,2.421436264964551,6.0,65
596921,4011,3.1584529499509637,1.7384529499509631,71.0,231
597000,4012,2.6092651589056373,2.5692651589056372,2.0,79
597066,4013,2.5638577764408477,2.5638577764408477,0.0,66
597162,4014,1.7911460959151912,1.7711460959151912,1.0,96
597224,4015,1.6280657613467,1.6080657613467,1.0,62
597334,4016,1.570865841352325,1.230865841352325,17.0,110
597420,4017,3.218339789200911,3.218339789200911,0.0,86
597533,4018,1.8957245693976263,1.8957245693976263,0.0,113
597681,4019,3.0460201914228633,2.866020191422863,9.0,148
597757,4020,1.4625346510525628,1.4625346510525628,0.0,76
597816,4021,2.3414659454813638,2.2814659454813633,3.0,59
597876,4022,1.6172641647861807,1.6172641647861807,0.0,60
597981,4023,2.076952871631196,2.076952871631196,0.0,105
598481,4024,1.7201483033814124,-3.1198516966185816,242.0,500
598634,4025,3.009052422996689,3.009052422996689,0.0,153
598755,4026,1.773487750820796,1.773487750820796,0.0,121
598806,4027,1.6140122295051729,1.414012229505173,10.0,51
598987,4028,2.8008859909905617,1.6808859909905607,56.0,181
599166,4029,3.6078968278048533,3.2678968278048526,17.0,179
599213,4030,2.0161206195963755,2.0161206195963755,0.0,47
599326,4031,1.5915993982894345,1.5915993982894345,0.0,113
599463,4032,2.638758492264713,2.638758492264713,0.0,137
599562,4033,2.2603098718802297,2.2603098718802297,0.0,99
599601,4034,1.6982902930492496,1.6982902930492496,0.0,39
599752,4035,2.3753406262082057,2.3753406262082057,0.0,151
599875,4036,3.494658542933003,2.7346585429330035,38.0,123
600375,4037,0.06844088050413388,0.06844088050413388,0.0,500
600421,4038,1.7087937155949158,1.7087937155949158,0.0,46
600493,4039,2.046770592028035,1.866770592028035,9.0,72
600572,4040,2.997992682424946,2.9379926824249454,3.0,79
600693,4041,1.4176302992956644,1.4176302992956644,0.0,121
600808,4042,1.968634439151637,1.968634439151637,0.0,115
600974,4043,2.457736346914091,2.2177363469140916,12.0,166
601110,4044,2.370534938500052,2.110534938500052,13.0,136
601233,4045,2.07617569135523,1.9961756913552302,4.0,123
601297,4046,2.5006831596304875,2.5006831596304875,0.0,64
601365,4047,2.589831085298389,2.569831085298389,1.0,68
601865,4048,-0.2772626314509634,-0.2772626314509634,0.0,500
602365,4049,-0.04105011950748905,-0.04105011950748905,0.0,500
602434,4050,2.0160906763676385,1.7360906763676387,14.0,69
602503,4051,2.6239041431254817,2.543904143125482,4.0,69
602598,4052,3.399899113358934,3.279899113358933,6.0,95
602964,4053,2.587523151217803,2.407523151217803,9.0,366
603082,4054,1.9167052370493924,1.9167052370493924,0.0,118
603319,4055,2.8778495822973937,2.2778495822973936,30.0,237
603428,4056,3.2162870906115755,2.7562870906115755,23.0,109
603493,4057,2.4670587690293346,2.4670587690293346,0.0,65
603629,4058,2.3615064977556814,2.3615064977556814,0.0,136
603731,4059,3.5562031886460033,3.1562031886460025,20.0,102
603805,4060,2.815351105983476,2.815351105983476,0.0,74
603953,4061,2.8323616290960114,2.2923616290960114,27.0,148
604014,4062,2.2742979915081487,2.2742979915081487,0.0,61
604095,4063,3.002508917206913,2.8425089172069136,8.0,81
604155,4064,2.27291443079708,2.2129144307970794,3.0,60
604250,4065,2.305391281848199,2.0453912818481994,13.0,95
604373,4066,1.9847528099807659,1.4047528099807658,29.0,123
604468,4067,1.5105131840762875,1.5105131840762875,0.0,95
604557,4068,1.8331941447987719,1.8331941447987719,0.0,89
604640,4069,2.0971665846376837,2.0971665846376837,0.0,83
604738,4070,2.5291659609969077,2.0291659609969073,25.0,98
604864,4071,1.4696322548770087,1.4696322548770087,0.0,126
605133,4072,2.399918148165427,-0.020081851834572673,121.0,269
605250,4073,4.059445868046421,3.87944586804642,9.0,117
605393,4074,2.303661831669121,2.283661831669121,1.0,143
605482,4075,3.0834303839370873,2.9634303839370877,6.0,89
605549,4076,2.3312845182054005,2.1712845182053995,8.0,67
605677,4077,2.1159302028843374,2.1159302028843374,0.0,128
605728,4078,1.7409790283436497,1.7209790283436497,1.0,51
605834,4079,1.5617268007425262,1.5017268007425262,3.0,106
606334,4080,1.023684684488539,-4.31631531551146,267.0,500
606412,4081,2.9018261149212647,2.9018261149212647,0.0,78
606548,4082,2.1889081911766812,2.0689081911766816,6.0,136
606605,4083,2.2060384347301043,1.946038434730104,13.0,57
606694,4084,3.316415430571039,3.096415430571039,11.0,89
606738,4085,1.913497828391627,1.913497828391627,0.0,44
606816,4086,1.794894733512069,1.794894733512069,0.0,78
606911,4087,1.7966054492771217,1.7966054492771217,0.0,95
606966,4088,2.0938264995916827,2.0938264995916827,0.0,55
607466,4089,2.7164039064942056,2.136403906494206,29.0,500
607546,4090,1.5115969554791846,1.5115969554791846,0.0,80
607609,4091,2.361152547868039,2.1611525478680393,10.0,63
607706,4092,1.314045182262003,1.314045182262003,0.0,97
607900,4093,2.3685930575694485,1.3285930575694502,52.0,194
607963,4094,2.180066227062315,2.180066227062315,0.0,63
608021,4095,2.052673512123806,1.8126735121238058,12.0,58
608521,4096,-0.20835170989920426,-0.20835170989920426,0.0,500
608643,4097,1.9263385522089553,1.9063385522089553,1.0,122
608772,4098,1.553259177090945,1.0532591770909447,25.0,129
608996,4099,2.9558929050659977,2.815892905065998,7.0,224
609255,4100,2.2913857410337943,0.6313857410337937,83.0,259
609418,4101,2.205528588792287,1.9255285887922866,14.0,163
609887,4102,3.1598996617756483,2.8198996617756493,17.0,469
609946,4103,2.433294702557619,2.3732947025576188,3.0,59
610023,4104,1.3612957972733453,1.3612957972733453,0.0,77
610061,4105,1.6808821208496787,1.6808821208496787,0.0,38
610242,4106,2.8389825381212233,2.8189825381212232,1.0,181
610381,4107,2.1558554433096724,2.1558554433096724,0.0,139
610433,4108,1.6241928672144652,1.6241928672144652,0.0,52
610520,4109,2.6562744171508825,2.396274417150882,13.0,87
610582,4110,2.201087276207029,2.1810872762070286,1.0,62
610649,4111,1.8511489226072713,1.8511489226072713,0.0,67
610676,4112,1.349375310283448,1.349375310283448,0.0,27
610795,4113,3.1600705862732736,2.900070586273273,13.0,119
610922,4114,2.8560695963657103,2.79606959636571,3.0,127
611043,4115,1.906189053495178,1.8061890534951779,5.0,121
611108,4116,2.251674888491933,2.251674888491933,0.0,65
611265,4117,2.679402262342197,2.679402262342197,0.0,157
611359,4118,2.253914424313734,2.253914424313734,0.0,94
611390,4119,1.3992951533343927,1.3992951533343927,0.0,31
611783,4120,2.586136432602895,2.4261364326028954,8.0,393
611819,4121,1.36254762630289,1.36254762630289,0.0,36
611927,4122,1.544691019759765,1.4446910197597649,5.0,108
611958,4123,1.4852233329802877,1.4852233329802877,0.0,31
612067,4124,3.108823423190596,3.108823423190596,0.0,109
612175,4125,3.529935976420815,3.4699359764208153,3.0,108
612675,4126,0.03756175221829405,-0.0024382477817059822,2.0,500
612712,4127,1.2982101918884368,1.2982101918884368,0.0,37
612798,4128,2.662945635659004,2.4029456356590035,13.0,86
612890,4129,2.231793021404152,2.191793021404152,2.0,92
613056,4130,2.630306716586318,2.630306716586318,0.0,166
613096,4131,1.4357951371027804,1.3557951371027803,4.0,40
613144,4132,2.0250377237132815,2.0250377237132815,0.0,48
613312,4133,2.745493664782729,2.305493664782729,22.0,168
613550,4134,3.367275914851753,2.907275914851752,23.0,238
614050,4135,0.5213865769829984,0.10138657698299827,21.0,500
614155,4136,1.6465132698393674,1.6465132698393674,0.0,105
614340,4137,2.1070181550769167,2.0470181550769166,3.0,185
614399,4138,2.3473704182896205,2.307370418289621,2.0,59
614449,4139,1.531681411920572,1.531681411920572,0.0,50
614590,4140,1.7885770579327391,1.7885770579327391,0.0,141
614648,4141,1.6370257745196173,1.6370257745196173,0.0,58
614964,4142,3.1445812278846645,2.544581227884664,30.0,316
615128,4143,1.6958417369627952,1.6958417369627952,0.0,164
615241,4144,2.044749685845405,1.724749685845405,16.0,113
615316,4145,2.769377804559534,2.489377804559534,14.0,75
615363,4146,1.8293974439314307,1.8293974439314307,0.0,47
615756,4147,3.36841953168406,3.36841953168406,0.0,393
615854,4148,3.156733092998699,2.9167330929987005,12.0,98
616354,4149,-1.416221718672636,-1.416221718672636,0.0,500
616435,4150,2.76812131031699,2.54812131031699,11.0,81
616543,4151,1.91159766432217,1.87159766432217,2.0,108
616638,4152,1.959321628241448,1.7393216282414479,11.0,95
617138,4153,0.2541885588818138,0.2541885588818138,0.0,500
617638,4154,0.29655784843073385,0.29655784843073385,0.0,500
617741,4155,2.3954953260588456,2.3554953260588456,2.0,103
617985,4156,1.7943574272890381,1.474357427289038,16.0,244
618051,4157,2.2292924178306706,2.2292924178306706,0.0,66
618551,4158,0.3674462260418332,-5.672553773958171,302.0,500
618604,4159,2.145244199092529,1.9052441990925288,12.0,53
618681,4160,1.9004310217611675,1.6604310217611673,12.0,77
618753,4161,2.04292747817187,2.04292747817187,0.0,72
618796,4162,1.803702838356131,1.803702838356131,0.0,43
618824,4163,1.3905585339381332,1.3905585339381332,0.0,28
618852,4164,1.3804172842141718,1.3804172842141718,0.0,28
618957,4165,3.346299346392951,3.3262993463929513,1.0,105
619043,4166,3.1228112359181033,3.1228112359181033,0.0,86
619179,4167,2.0869207805980268,2.0869207805980268,0.0,136
619275,4168,1.5672851137020447,1.5672851137020447,0.0,96
619322,4169,1.819480709993859,1.819480709993859,0.0,47
619429,4170,2.1351924685523858,2.1351924685523858,0.0,107
619519,4171,1.4329476721321455,1.4329476721321455,0.0,90
619674,4172,2.427274321357471,2.427274321357471,0.0,155
619750,4173,2.697322260011827,2.6773222600118274,1.0,76
619890,4174,1.4454480282276772,1.4454480282276772,0.0,140
620390,4175,0.3904285192683894,0.3104285192683893,4.0,500
620494,4176,3.52710259351566,3.4271025935156594,5.0,104
620548,4177,2.1821826668068667,2.1821826668068667,0.0,54
620719,4178,2.1822527971737395,1.362252797173739,41.0,171
621219,4179,-2.05813111647015,-2.17813111647015,6.0,500
621315,4180,1.6191838416012079,1.199183841601208,21.0,96
621401,4181,2.3382250337247674,2.1582250337247673,9.0,86
621488,4182,2.5752743335784958,2.5352743335784957,2.0,87
621536,4183,1.975599008856105,1.975599008856105,0.0,48
621593,4184,1.8526067255152645,1.8526067255152645,0.0,57
621622,4185,1.3264923956097325,1.3264923956097325,0.0,29
621754,4186,2.300588318999437,2.300588318999437,0.0,132
621783,4187,1.3949183830433727,1.3949183830433727,0.0,29
622034,4188,2.968243506348104,2.428243506348104,27.0,251
622067,4189,1.4095458119289086,1.3895458119289086,1.0,33
622154,4190,2.7454467730072203,2.7454467730072203,0.0,87
622218,4191,1.5941783661739182,1.5941783661739182,0.0,64
622249,4192,1.3927334742694155,1.3927334742694155,0.0,31
622317,4193,2.530522154121478,2.330522154121479,10.0,68
622454,4194,3.2112956088921223,2.6712956088921223,27.0,137
622571,4195,1.616568813348316,1.616568813348316,0.0,117
622680,4196,2.353953869263509,2.353953869263509,0.0,109
622764,4197,1.9797732332076052,1.5397732332076046,22.0,84
622939,4198,2.4239857643032594,2.1039857643032596,16.0,175
622983,4199,1.880223216952381,1.880223216952381,0.0,44
623035,4200,1.5887413946832198,1.5887413946832198,0.0,52
623123,4201,3.0557385262373944,3.0557385262373944,0.0,88
623272,4202,2.3436357703949713,2.3036357703949712,2.0,149
623506,4203,3.1445092808805244,2.764509280880524,19.0,234
623630,4204,2.0616226407772738,2.0616226407772738,0.0,124
623684,4205,2.103628660645953,2.103628660645953,0.0,54
623750,4206,2.3268504996429997,2.3268504996429997,0.0,66
624128,4207,2.415477689247178,2.0154776892471777,20.0,378
624199,4208,2.5780614514806883,2.5580614514806883,1.0,71
624258,4209,2.3185623863852705,2.3185623863852705,0.0,59
624350,4210,1.500260177112492,1.500260177112492,0.0,92
624449,4211,3.514807530711531,3.2748075307115316,12.0,99
624527,4212,2.921711752527823,2.881711752527823,2.0,78
624581,4213,2.10937517955443,1.92937517955443,9.0,54
625081,4214,0.31916298816148014,0.31916298816148014,0.0,500
625182,4215,3.35964343056256,2.89964343056256,23.0,101
625281,4216,2.450415131560626,2.450415131560626,0.0,99
625333,4217,1.7983017942907509,1.7983017942907509,0.0,52
625550,4218,1.4562958109547015,1.4562958109547015,0.0,217
625587,4219,1.6318432922537363,1.4918432922537361,7.0,37
625668,4220,1.980189885590173,1.980189885590173,0.0,81
625743,4221,2.848822337654336,2.848822337654336,0.0,75
625861,4222,1.8324779383427163,1.8324779383427163,0.0,118
625918,4223,1.3353257664625666,1.3353257664625666,0.0,57
626019,4224,2.190381672114339,2.190381672114339,0.0,101
626096,4225,2.8885791686787687,2.8885791686787687,0.0,77
626204,4226,1.5054472760991242,1.4654472760991242,2.0,108
626257,4227,2.1784003035878405,2.1784003035878405,0.0,53
626350,4228,2.043270503800354,2.043270503800354,0.0,93
626520,4229,2.54490239420507,2.30490239420507,12.0,170
626609,4230,2.423155921806236,2.423155921806236,0.0,89
626716,4231,1.8796241176466455,1.2396241176466454,32.0,107
626826,4232,1.9712827380234716,1.1712827380234714,40.0,110
626896,4233,2.6678087652152733,2.6478087652152738,1.0,70
627072,4234,3.310294412749654,2.910294412749655,20.0,176
627208,4235,2.174944639307925,1.7149446393079244,23.0,136
627287,4236,1.317326544236424,1.317326544236424,0.0,79
627355,4237,2.602884156168294,2.542884156168294,3.0,68
627383,4238,1.3222662420830074,1.3222662420830074,0.0,28
627482,4239,1.5036356364155976,1.2636356364155976,12.0,99
627555,4240,1.3195889607497098,1.3195889607497098,0.0,73
627629,4241,2.90704072583957,2.6870407258395703,11.0,74
627658,4242,1.4309734285829065,1.4309734285829065,0.0,29
627832,4243,3.1721751489332104,2.1121751489332095,53.0,174
627899,4244,2.570488018466752,2.570488018466752,0.0,67
627952,4245,2.034571208213511,2.034571208213511,0.0,53
628046,4246,2.2551002144068812,2.0151002144068815,12.0,94
628141,4247,1.4841702235419336,0.7241702235419335,38.0,95
628209,4248,2.4503740142166075,2.2503740142166073,10.0,68
628242,4249,1.5222770780548371,1.5222770780548371,0.0,33
628367,4250,1.8805068503966504,1.8605068503966504,1.0,125
628867,4251,1.8779200155510307,-2.102079984448965,199.0,500
628991,4252,2.953148932845856,2.6331489328458555,16.0,124
629054,4253,2.3980712675454665,2.3980712675454665,0.0,63
629554,4254,-0.6739151647591375,-0.6739151647591375,0.0,500
630054,4255,-0.9224214191141842,-0.9624214191141842,2.0,500
630554,4256,-0.08946806954030118,-0.14946806954030117,3.0,500
630612,4257,1.5112526409233884,1.5112526409233884,0.0,58
630734,4258,1.716988549311502,0.916988549311502,40.0,122
630933,4259,1.7785751278596629,1.7385751278596628,2.0,199
631048,4260,1.7830209689574645,1.4830209689574647,15.0,115
631091,4261,1.6728856665693965,1.6728856665693965,0.0,43
631189,4262,3.434126014974872,3.2141260149748723,11.0,98
631401,4263,2.881996346591724,1.6019963465917237,64.0,212
631482,4264,1.3145753446695736,1.2545753446695735,3.0,81
631571,4265,3.1590352981745617,3.0990352981745617,3.0,89
631617,4266,1.353630567909486,1.353630567909486,0.0,46
631684,4267,2.6105630976378817,2.6105630976378817,0.0,67
632184,4268,0.6110788419162438,0.6110788419162438,0.0,500
632399,4269,1.862282788330274,1.862282788330274,0.0,215
632557,4270,2.6625572191632516,2.482557219163251,9.0,158
632627,4271,2.5514336179904085,2.4914336179904084,3.0,70
632697,4272,2.586864799008573,2.586864799008573,0.0,70
632738,4273,1.802799405761383,1.5827994057613828,11.0,41
632994,4274,2.500949441026624,2.400949441026624,5.0,256
633041,4275,1.9410494538559164,1.7210494538559165,11.0,47
633086,4276,1.8189249040351805,1.8189249040351805,0.0,45
633175,4277,3.2368153626436875,3.2368153626436875,0.0,89
633309,4278,2.8904584294410047,2.6104584294410045,14.0,134
633549,4279,3.07271850422692,2.7527185042269195,16.0,240
633601,4280,2.068825802904148,1.9288258029041478,7.0,52
633772,4281,2.2550616100593692,2.1350616100593687,6.0,171
633905,4282,2.102942397499471,1.8429423974994712,13.0,133
633965,4283,2.323372950258231,2.323372950258231,0.0,60
634113,4284,2.05659391259695,1.6365939125969495,21.0,148
634217,4285,1.7272692586919087,1.7272692586919087,0.0,104
634245,4286,1.3925833657593158,1.3925833657593158,0.0,28
634362,4287,2.1117470389689874,2.1117470389689874,0.0,117
634487,4288,1.9878213552072956,1.4878213552072952,25.0,125
634588,4289,2.778853134985117,2.7188531349851175,3.0,101
634657,4290,2.514548005572875,2.2945480055728753,11.0,69
634745,4291,2.034669234581969,2.034669234581969,0.0,88
634856,4292,1.739280723841617,1.639280723841617,5.0,111
634950,4293,1.5180369626816788,0.9580369626816788,28.0,94
635177,4294,3.1590674084818366,2.919067408481837,12.0,227
635306,4295,1.9140313245694736,1.4340313245694736,24.0,129
635396,4296,2.4600005346796046,2.280000534679605,9.0,90
635535,4297,2.800003360299783,2.7400033602997826,3.0,139
635626,4298,1.2476352090601253,0.9076352090601252,17.0,91
635821,4299,2.917380829831068,2.7973808298310683,6.0,195
635869,4300,1.5050372627945818,1.5050372627945818,0.0,48
635914,4301,1.9315853582843439,1.7515853582843437,9.0,45
636025,4302,1.7707871567750044,1.0707871567750042,35.0,111
636199,4303,1.966090399384135,1.7660903993841348,10.0,174
636295,4304,1.4827474134645144,0.8427474134645142,32.0,96
636676,4305,3.527623412658298,3.2476234126582977,14.0,381
637128,4306,3.998186205011576,3.558186205011576,22.0,452
637163,4307,1.5703403554277866,1.5703403554277866,0.0,35
637254,4308,2.1730473811184794,2.1130473811184793,3.0,91
637299,4309,1.789461873556613,1.789461873556613,0.0,45
637355,4310,1.828457782898095,1.828457782898095,0.0,56
637455,4311,3.4802457413892465,3.4802457413892465,0.0,100
637595,4312,2.1620287846170805,1.6220287846170804,27.0,140
637692,4313,1.8154214414443874,1.8154214414443874,0.0,97
638192,4314,1.1009801478530221,-1.359019852146979,123.0,500
638692,4315,0.21542587797764035,0.21542587797764035,0.0,500
638852,4316,2.2015353029692593,2.141535302969259,3.0,160
638929,4317,2.7996136703154653,2.4996136703154654,15.0,77
639041,4318,2.160278810236342,1.9002788102363415,13.0,112
639089,4319,1.993101100747598,1.993101100747598,0.0,48
639165,4320,2.338002091417377,2.338002091417377,0.0,76
639665,4321,1.1972516862581541,1.1972516862581541,0.0,500
639760,4322,1.4647629880920827,1.4647629880920827,0.0,95
640071,4323,3.359872545088936,3.079872545088936,14.0,311
640112,4324,1.8169239805618904,1.8169239805618904,0.0,41
640185,4325,2.201135077478191,2.201135077478191,0.0,73
640335,4326,2.2696074668604944,2.1896074668604943,4.0,150
640452,4327,1.645145763425792,1.625145763425792,1.0,117
640952,4328,1.377043551134355,-3.4029564488656407,239.0,500
641098,4329,1.7153145350924688,1.7153145350924688,0.0,146
641223,4330,3.7782667170974253,3.2782667170974245,25.0,125
641344,4331,2.205435106795047,2.205435106795047,0.0,121
641515,4332,3.5348349465402267,2.834834946540227,35.0,171
641614,4333,3.1739200888884183,2.713920088888419,23.0,99
641650,4334,1.5408083647337385,1.5408083647337385,0.0,36
641777,4335,2.4760010288855065,2.396001028885506,4.0,127
641883,4336,1.5889050585750664,1.5889050585750664,0.0,106
642273,4337,2.4966140441088984,2.4966140441088984,0.0,390
642382,4338,1.6728962346643996,1.6728962346643996,0.0,109
642444,4339,2.059099693118866,2.059099693118866,0.0,62
642472,4340,1.3385826234470293,1.3385826234470293,0.0,28
642552,4341,1.4209359817865599,1.4209359817865599,0.0,80
642606,4342,2.099929998819207,2.059929998819207,2.0,54
642696,4343,2.766293209690976,2.626293209690976,7.0,90
643196,4344,-0.7112374405693491,-0.7112374405693491,0.0,500
643233,4345,1.43004606760868,1.43004606760868,0.0,37
643503,4346,3.4127259042127975,3.172725904212798,12.0,270
644003,4347,-0.8082827275844585,-2.068282727584459,63.0,500
644156,4348,2.4415789257964304,2.4415789257964304,0.0,153
644656,4349,-1.516935563937806,-1.576935563937806,3.0,500
644746,4350,3.021428351817133,2.941428351817133,4.0,90
644811,4351,2.1587608268814935,2.1587608268814935,0.0,65
644861,4352,1.971101270553087,1.931101270553087,2.0,50
644899,4353,1.6796459647183757,1.6796459647183757,0.0,38
645399,4354,-0.02272942913034326,-0.02272942913034326,0.0,500
645746,4355,3.0498361510965166,2.6698361510965163,19.0,347
645970,4356,1.9980271337245414,1.2980271337245406,35.0,224
646035,4357,1.7255558669958488,1.7255558669958488,0.0,65
646101,4358,1.9353172014941926,1.8753172014941928,3.0,66
646601,4359,-0.032837012353637896,-0.032837012353637896,0.0,500
646639,4360,1.7012927752014453,1.7012927752014453,0.0,38
646692,4361,2.007335979988061,1.8673359799880604,7.0,53
646757,4362,2.4130006396762242,2.3330006396762246,4.0,65
646894,4363,2.5485622529437304,2.348562252943731,10.0,137
647004,4364,1.2719648072464735,1.2719648072464735,0.0,110
647137,4365,2.1314345855125008,2.1314345855125008,0.0,133
647637,4366,1.0909694218237715,-3.4290305781762247,226.0,500
647736,4367,2.9745229608642125,2.9545229608642125,1.0,99
647790,4368,1.8157454718220758,1.5157454718220755,15.0,54
647950,4369,2.1992161374253687,1.6192161374253686,29.0,160
648021,4370,2.3827197560833806,2.04271975608338,17.0,71
648521,4371,0.19112914453498253,0.19112914453498253,0.0,500
649021,4372,0.18344679231942207,-0.7165532076805785,45.0,500
649111,4373,2.468372302778765,2.1083723027787653,18.0,90
649188,4374,2.113157713021036,1.973157713021036,7.0,77
649309,4375,3.814755814790586,3.314755814790588,25.0,121
649337,4376,1.3813121816713592,1.3813121816713592,0.0,28
649374,4377,1.6692648280929698,1.6692648280929698,0.0,37
649455,4378,2.9867296862234474,2.786729686223447,10.0,81
649516,4379,2.2905788923260832,2.010578892326083,14.0,61
649570,4380,2.1648083136168896,2.1648083136168896,0.0,54
649623,4381,2.1490163885889437,1.8890163885889435,13.0,53
649830,4382,2.4343299785688277,2.154329978568828,14.0,207
649912,4383,1.3494418588071266,1.2694418588071268,4.0,82
650053,4384,2.597377023759886,2.217377023759886,19.0,141
650149,4385,3.0923535952521677,3.0923535952521677,0.0,96
650314,4386,2.4727510650470927,1.9127510650470931,28.0,165
650370,4387,1.7783118758767014,1.4983118758767011,14.0,56
650576,4388,3.5508517229796013,2.8708517229796007,34.0,206
650682,4389,2.0925741624244125,1.9125741624244124,9.0,106
650780,4390,1.5017140390600021,1.341714039060002,8.0,98
650926,4391,1.7269482009362482,1.4669482009362482,13.0,146
651322,4392,2.0968722207504755,-0.803127779249523,145.0,396
651711,4393,3.143483856986265,2.8234838569862646,16.0,389
652104,4394,3.125729175944778,1.545729175944778,79.0,393
652276,4395,2.769261758024885,2.3892617580248845,19.0,172
652360,4396,2.071475240827258,1.6714752408272582,20.0,84
652396,4397,1.6810538265701387,1.6810538265701387,0.0,36
652454,4398,2.053904274861842,1.9739042748618423,4.0,58
652594,4399,2.4026227208743998,1.6826227208743987,36.0,140
652813,4400,1.808140910424366,1.5681409104243658,12.0,219
652951,4401,2.667332941511807,2.667332941511807,0.0,138
653084,4402,1.911434262405677,1.891434262405677,1.0,133
653228,4403,1.532011863672401,1.2520118636724011,14.0,144
653289,4404,2.3541211678918197,2.3141211678918197,2.0,61
653370,4405,3.00156205214515,3.00156205214515,0.0,81
653491,4406,2.6798046675737117,2.6598046675737113,1.0,121
653543,4407,2.192935699521964,2.1329356995219646,3.0,52
653661,4408,2.380515779652147,1.8805157796521468,25.0,118
653710,4409,1.533323839482696,1.533323839482696,0.0,49
653758,4410,1.8003891625521606,1.8003891625521606,0.0,48
653883,4411,1.9283537595240865,1.6483537595240862,14.0,125
653968,4412,2.8471919065645412,2.6071919065645415,12.0,85
654124,4413,1.891887411647203,1.8318874116472033,3.0,156
654185,4414,2.4243751326735294,2.4243751326735294,0.0,61
654458,4415,2.1108308930785893,2.1108308930785893,0.0,273
654607,4416,2.087231261509622,1.9072312615096219,9.0,149
654657,4417,2.084974617507773,2.084974617507773,0.0,50
654758,4418,2.4563134257040997,2.4563134257040997,0.0,101
654886,4419,1.7435712914131132,1.7435712914131132,0.0,128
654919,4420,1.4886117805658723,1.4886117805658723,0.0,33
655264,4421,2.194367789918567,2.114367789918567,4.0,345
655452,4422,3.3457759031419734,3.045775903141973,15.0,188
655555,4423,3.193218707600125,3.0532187076001254,7.0,103
655651,4424,1.8598988985285776,1.8598988985285776,0.0,96
655732,4425,2.691373400750587,2.691373400750587,0.0,81
655783,4426,2.1529614738262595,2.1529614738262595,0.0,51
656089,4427,3.36785026825027,2.94785026825027,21.0,306
656179,4428,2.3475522522938563,2.047552252293857,15.0,90
656250,4429,2.7184356703854506,2.578435670385451,7.0,71
656322,4430,1.4117302611073819,1.4117302611073819,0.0,72
656410,4431,1.5172531233624456,1.5172531233624456,0.0,88
656678,4432,2.058044479272745,0.9380444792727448,56.0,268
657055,4433,2.8895552168676284,1.7495552168676287,57.0,377
657199,4434,2.5408416511276717,2.4808416511276716,3.0,144
657254,4435,2.0403196749347883,1.7403196749347878,15.0,55
657290,4436,1.649290895697491,1.649290895697491,0.0,36
657517,4437,1.4362834619919458,1.4362834619919458,0.0,227
657587,4438,1.3435550991167584,1.3435550991167584,0.0,70
657658,4439,2.41358002719638,2.1735800271963797,12.0,71
657926,4440,4.217432509005123,3.637432509005124,29.0,268
658002,4441,2.588287588483216,2.488287588483216,5.0,76
658149,4442,2.7051266991191656,1.5451266991191654,58.0,147
658206,4443,2.1976272416188527,1.9176272416188527,14.0,57
658309,4444,1.5213291384092802,1.5213291384092802,0.0,103
658343,4445,1.4166229312223466,1.4166229312223466,0.0,34
658456,4446,2.5513967624583636,2.5513967624583636,0.0,113
658695,4447,2.5681784381623,2.3881784381622992,9.0,239
658768,4448,2.8043777186519883,2.8043777186519883,0.0,73
658852,4449,2.574192335396912,2.454192335396913,6.0,84
658947,4450,1.58235265926672,1.5423526592667198,2.0,95
658994,4451,1.9714166544388563,1.7114166544388563,13.0,47
659050,4452,2.2753075815958455,2.2753075815958455,0.0,56
659182,4453,2.8937637687256332,2.8937637687256332,0.0,132
659276,4454,3.4947211247859267,3.1347211247859263,18.0,94
659378,4455,2.3321855634867594,2.0121855634867596,16.0,102
659521,4456,2.5907852805076823,2.0307852805076823,28.0,143
659683,4457,2.3269986993041867,2.146998699304187,9.0,162
659845,4458,2.225501279928421,1.5655012799284203,33.0,162
660134,4459,2.863048897455931,2.223048897455931,32.0,289
660257,4460,1.9354825061586323,1.8554825061586322,4.0,123
660301,4461,1.4635193602270582,1.4635193602270582,0.0,44
660402,4462,1.5430413422005906,1.5430413422005906,0.0,101
660492,4463,3.2262286052757387,3.046228605275739,9.0,90
660535,4464,1.8195276860046505,1.8195276860046505,0.0,43
660775,4465,3.0046419000487488,2.8446419000487486,8.0,240
660818,4466,1.7804736724270838,1.7804736724270838,0.0,43
660878,4467,2.314275413032865,2.2942754130328646,1.0,60
661378,4468,-1.5189889253416462,-1.5189889253416462,0.0,500
661455,4469,2.4460059125905516,2.266005912590551,9.0,77
661635,4470,3.487247528613861,3.4272475286138606,3.0,180
661694,4471,1.9495045265510738,1.7095045265510738,12.0,59
661894,4472,2.094583377208979,2.094583377208979,0.0,200
662394,4473,-0.11334845819132155,-0.11334845819132155,0.0,500
662595,4474,2.861888773621273,2.401888773621273,23.0,201
662638,4475,1.5805914425236056,1.5805914425236056,0.0,43
662757,4476,1.8649660094365297,1.8649660094365297,0.0,119
662935,4477,2.3627011874172563,1.8827011874172563,24.0,178
663045,4478,1.356367778742769,1.356367778742769,0.0,110
663069,4479,1.2573167139689372,1.2573167139689372,0.0,24
663150,4480,2.8631632005564316,2.583163200556431,14.0,81
663193,4481,1.7038698231525924,1.7038698231525924,0.0,43
663294,4482,1.663324153751122,1.663324153751122,0.0,101
663385,4483,1.468440019984926,1.468440019984926,0.0,91
663885,4484,0.3727340347322944,-5.027265965267693,270.0,500
663968,4485,3.0204697160396514,3.0204697160396514,0.0,83
664043,4486,1.7287959661524097,1.7287959661524097,0.0,75
664103,4487,2.057275561740861,2.057275561740861,0.0,60
664245,4488,1.5067321805865017,1.226732180586502,14.0,142
664309,4489,2.1405825696515803,1.7405825696515798,20.0,64
664341,4490,1.3385257037673823,1.3385257037673823,0.0,32
664384,4491,1.8415414744939436,1.8415414744939436,0.0,43
664452,4492,2.597548026262126,2.597548026262126,0.0,68
664756,4493,3.2906823608443823,2.390682360844381,45.0,304
664976,4494,3.1335939308735217,2.4735939308735215,33.0,220
665153,4495,1.9230316686611952,1.2830316686611951,32.0,177
665229,4496,2.1701822355741207,2.1301822355741207,2.0,76
665270,4497,1.8128426373469335,1.8128426373469335,0.0,41
665770,4498,-1.0997980292473355,-1.0997980292473355,0.0,500
665858,4499,3.1042584640026716,2.8642584640026714,12.0,88
665902,4500,1.5051588078203268,1.5051588078203268,0.0,44
665978,4501,2.8330532941156408,2.6930532941156407,7.0,76
666027,4502,1.98686147919966,1.98686147919966,0.0,49
666140,4503,3.506284016772822,3.3262840167728216,9.0,113
666194,4504,1.2594732817260708,1.2594732817260708,0.0,54
666302,4505,1.6977744007904627,1.6977744007904627,0.0,108
666427,4506,3.1045752716477657,3.044575271647766,3.0,125
666490,4507,2.522566475525146,2.522566475525146,0.0,63
666557,4508,2.3984021006342475,1.9584021006342478,22.0,67
666662,4509,3.1334457749775444,2.8334457749775437,15.0,105
666754,4510,2.0583826577984956,2.0583826577984956,0.0,92
667028,4511,1.9125018625831274,0.19250186258312807,86.0,274
667409,4512,2.27278521816363,1.5127852181636299,38.0,381
667539,4513,2.0165965344279146,1.9765965344279146,2.0,130
667818,4514,3.340118030995894,3.000118030995893,17.0,279
667955,4515,3.198592572675599,2.7185925726755986,24.0,137
667992,4516,1.6617144816252576,1.4617144816252574,10.0,37
668061,4517,1.8432497845785993,1.8432497845785993,0.0,69
668561,4518,-0.08271769444217592,-0.08271769444217592,0.0,500
668617,4519,1.7241559610702883,1.7241559610702883,0.0,56
668998,4520,1.624517751574282,1.3645177515742817,13.0,381
669074,4521,1.4775079247944234,1.4775079247944234,0.0,76
669174,4522,2.880334582873828,2.8203345828738273,3.0,100
669244,4523,2.6390954973460476,2.6390954973460476,0.0,70
669376,4524,2.0494133977401994,1.7894133977401987,13.0,132
669469,4525,3.5083661487130406,3.28836614871304,11.0,93
669558,4526,1.2862825827827438,1.0662825827827438,11.0,89
669631,4527,2.881332898058867,2.881332898058867,0.0,73
669712,4528,1.3036916719935236,1.3036916719935236,0.0,81
669814,4529,2.8456621784353233,2.8256621784353233,1.0,102
670017,4530,2.4735460978234016,2.0135460978234017,23.0,203
670079,4531,2.4822697658288284,2.4822697658288284,0.0,62
670186,4532,2.363311223967866,2.0833112239678657,14.0,107
670344,4533,2.6966493733363475,2.2566493733363484,22.0,158
670395,4534,2.0240307035366154,2.004030703536615,1.0,51
670686,4535,2.299917849045158,0.7799178490451566,76.0,291
670728,4536,1.813852396606579,1.5738523966065787,12.0,42
670828,4537,2.029947162904039,2.029947162904039,0.0,100
670916,4538,1.4030923137450924,1.4030923137450924,0.0,88
670994,4539,2.991905895327001,2.991905895327001,0.0,78
671022,4540,1.3716920105889019,1.3716920105889019,0.0,28
671081,4541,2.2237740771248538,2.203774077124854,1.0,59
671335,4542,2.389466523569226,1.7894665235692255,30.0,254
671607,4543,3.030899129615067,2.150899129615066,44.0,272
671974,4544,2.3331800936972464,1.7931800936972462,27.0,367
672105,4545,1.2896810326212613,1.1896810326212615,5.0,131
672186,4546,2.9107311325990457,2.6307311325990455,14.0,81
672276,4547,3.03295477877383,3.03295477877383,0.0,90
672317,4548,1.7930022392955465,1.7930022392955465,0.0,41
672405,4549,3.1776349912168467,3.1776349912168467,0.0,88
672905,4550,0.08261508987864996,0.06261508987864996,1.0,500
673003,4551,1.7550436274055259,1.7550436274055259,0.0,98
673079,4552,2.4062279832807905,2.04622798328079,18.0,76
673265,4553,2.2205824502544624,1.4005824502544615,41.0,186
673327,4554,1.4627643802183303,1.4627643802183303,0.0,62
673358,4555,1.290404446378631,1.290404446378631,0.0,31
673514,4556,1.7700825852624489,1.7700825852624489,0.0,156
673572,4557,2.4089907337270207,2.388990733727021,1.0,58
673842,4558,3.4515615798171666,3.031561579817166,21.0,270
674036,4559,3.6135926485086087,3.353592648508608,13.0,194
674536,4560,-0.28887029665114605,-0.28887029665114605,0.0,500
674720,4561,2.1536022183444254,1.7736022183444249,19.0,184
674758,4562,1.6858704893733734,1.6858704893733734,0.0,38
675258,4563,-3.2779472193766583,-3.2779472193766583,0.0,500
675324,4564,2.1263594237934784,2.0863594237934784,2.0,66
675404,4565,1.9376383176105705,1.9376383176105705,0.0,80
675666,4566,2.9233562639970634,2.683356263997064,12.0,262
675697,4567,1.4685231688459033,1.4685231688459033,0.0,31
675723,4568,1.2855242074726014,1.2855242074726014,0.0,26
676223,4569,-0.7327446184148432,-0.7327446184148432,0.0,500
676306,4570,3.0211738365778875,3.0211738365778875,0.0,83
676397,4571,2.159343659616023,2.159343659616023,0.0,91
676897,4572,0.5044022013493317,0.5044022013493317,0.0,500
676990,4573,3.248931867828078,2.888931867828078,18.0,93
677118,4574,2.222264337071776,1.742264337071775,24.0,128
677158,4575,1.6897697591933727,1.6897697591933727,0.0,40
677336,4576,3.241638211958633,2.6416382119586324,30.0,178
677421,4577,2.71843007777994,2.69843007777994,1.0,85
677484,4578,1.9388078208600674,1.9388078208600674,0.0,63
677648,4579,2.5149800727094522,2.474980072709452,2.0,164
677800,4580,2.995410286260581,2.4354102862605806,28.0,152
677844,4581,1.768857361193882,1.768857361193882,0.0,44
677974,4582,1.461342278656747,1.461342278656747,0.0,130
678051,4583,2.620078473730837,2.600078473730837,1.0,77
678551,4584,0.00666109759823863,0.00666109759823863,0.0,500
678654,4585,1.3729961565139015,1.0529961565139014,16.0,103
678689,4586,1.603995925385186,1.603995925385186,0.0,35
678810,4587,2.8988600520105052,2.818860052010505,4.0,121
679310,4588,-0.017538970925917052,-0.017538970925917052,0.0,500
679454,4589,2.6496663573845325,2.409666357384533,12.0,144
679511,4590,2.2851868957931556,2.2851868957931556,0.0,57
679549,4591,1.6690251710828168,1.6690251710828168,0.0,38
679633,4592,2.0618248201995613,2.0618248201995613,0.0,84
679659,4593,1.3421548513346344,1.3421548513346344,0.0,26
679691,4594,1.360007703380506,1.360007703380506,0.0,32
679793,4595,1.7313329854887802,1.7313329854887802,0.0,102
679879,4596,2.96589837718678,2.7458983771867804,11.0,86
679984,4597,3.444603339803347,3.404603339803347,2.0,105
680104,4598,1.8668851937369386,1.8068851937369388,3.0,120
680157,4599,2.209075385698629,2.209075385698629,0.0,53
680295,4600,1.491534228866832,1.471534228866832,1.0,138
680408,4601,1.5902662285941205,1.4702662285941204,6.0,113
680511,4602,2.64704153815849,2.34704153815849,15.0,103
681011,4603,0.33954392575478165,-6.300456074245201,332.0,500
681082,4604,2.508947593312729,2.488947593312729,1.0,71
681201,4605,2.2059718593482938,2.2059718593482938,0.0,119
681416,4606,2.6797618984250686,1.9797618984250689,35.0,215
681488,4607,2.7420406150964207,2.602040615096421,7.0,72
681792,4608,3.020077751146194,1.0000777511461933,101.0,304
682292,4609,0.029078595921304018,0.029078595921304018,0.0,500
682358,4610,2.4922715511455995,2.4922715511455995,0.0,66
682403,4611,1.5705645889358046,1.5705645889358046,0.0,45
682444,4612,1.7877726959520788,1.7877726959520788,0.0,41
682557,4613,2.4697123292219345,2.2097123292219347,13.0,113
682676,4614,1.7926946683872376,1.7326946683872375,3.0,119
682749,4615,2.6717039661702042,2.591703966170204,4.0,73
683081,4616,1.7170261546984549,1.317026154698455,20.0,332
683154,4617,2.6164741925883184,2.2764741925883176,17.0,73
683654,4618,0.031881172194787144,0.031881172194787144,0.0,500
683706,4619,2.1843297625927454,1.9443297625927451,12.0,52
683763,4620,1.6353631428307334,1.6153631428307333,1.0,57
684154,4621,2.327215922990118,0.10721592299011706,111.0,391
684654,4622,0.030048945071204702,0.030048945071204702,0.0,500
684828,4623,2.869567502630506,2.789567502630506,4.0,174
684898,4624,1.5810002905086882,1.5810002905086882,0.0,70
684973,4625,2.0169154835454397,1.8769154835454396,7.0,75
685056,4626,2.2662487622501515,2.2662487622501515,0.0,83
685126,4627,2.660649824003386,2.460649824003386,10.0,70
685175,4628,1.8364543247485403,1.8364543247485403,0.0,49
685675,4629,0.13186149573810813,-1.0681385042618927,60.0,500
685775,4630,1.4063844390675906,1.4063844390675906,0.0,100
685884,4631,1.983373847695754,1.983373847695754,0.0,109
685909,4632,1.2912013722155895,1.2912013722155895,0.0,25
686409,4633,-0.3404715621447649,-1.2804715621447658,47.0,500
686495,4634,1.6803203934840452,1.6803203934840452,0.0,86
686537,4635,1.7541876635153488,1.7541876635153488,0.0,42
686580,4636,1.8044715660147532,1.8044715660147532,0.0,43
687080,4637,1.3869829332944847,-3.9730170667055082,268.0,500
687160,4638,1.759480757295933,1.1194807572959324,32.0,80
687253,4639,2.870663790082917,2.5906637900829166,14.0,93
687327,4640,2.5178838083962565,2.5178838083962565,0.0,74
687423,4641,1.4625703375513188,1.4625703375513188,0.0,96
687528,4642,3.1953559349266007,3.1953559349266007,0.0,105
687659,4643,2.1023012524411726,1.8823012524411724,11.0,131
687744,4644,1.5206937077437361,1.5206937077437361,0.0,85
688046,4645,3.2259283701336043,3.1059283701336042,6.0,302
688162,4646,2.1851906775548957,1.865190677554895,16.0,116
688425,4647,2.764156519416992,2.384156519416992,19.0,263
688479,4648,2.114715790053978,1.934715790053978,9.0,54
688552,4649,2.7895332526754295,2.7895332526754295,0.0,73
688720,4650,3.044826145506308,2.9848261455063074,3.0,168
688841,4651,1.5083262180196617,1.5083262180196617,0.0,121
688935,4652,2.315079814364533,2.1750798143645325,7.0,94
689131,4653,4.026998231231673,3.7869982312316726,12.0,196
689212,4654,2.1121577850986375,2.1121577850986375,0.0,81
689712,4655,-0.49887410025155665,-1.4188741002515575,46.0,500
689781,4656,2.448623431767488,2.3086234317674874,7.0,69
690281,4657,0.23738112413807366,0.23738112413807366,0.0,500
690337,4658,2.2247456889202266,2.064745688920227,8.0,56
690456,4659,2.0867800851308127,2.0867800851308127,0.0,119
690492,4660,1.6262395312811375,1.6262395312811375,0.0,36
690607,4661,2.8552418954389287,2.415241895438929,22.0,115
690773,4662,2.935309371592078,2.195309371592078,37.0,166
690989,4663,3.536113472449706,2.056113472449705,74.0,216
691061,4664,2.4973152309118305,2.3373152309118304,8.0,72
691161,4665,1.3600202432702804,1.3600202432702804,0.0,100
691222,4666,2.257340899238331,2.257340899238331,0.0,61
691367,4667,1.703697620804105,1.663697620804105,2.0,145
691440,4668,1.3324971781826194,1.3324971781826194,0.0,73
691636,4669,3.0257049491831034,2.8657049491831033,8.0,196
691689,4670,2.059564729172787,2.059564729172787,0.0,53
691799,4671,2.6490957595711695,2.4090957595711697,12.0,110
691895,4672,3.4998052391501417,3.4998052391501417,0.0,96
692395,4673,0.8372540678512921,0.6772540678512919,8.0,500
692588,4674,3.0710989818937824,2.811098981893783,13.0,193
692756,4675,2.265325042894694,2.265325042894694,0.0,168
693256,4676,-0.0038068271951525734,-0.0038068271951525734,0.0,500
693364,4677,1.2925626712030767,1.2925626712030767,0.0,108
693615,4678,3.113945168525907,2.493945168525907,31.0,251
693714,4679,3.063615992355861,3.063615992355861,0.0,99
694214,4680,0.6998275535125833,-0.1601724464874174,43.0,500
694261,4681,1.9513028682919358,1.9513028682919358,0.0,47
694330,4682,2.7226690148254242,2.7226690148254242,0.0,69
694393,4683,2.5491375464218873,2.5491375464218873,0.0,63
694505,4684,2.6339866712497177,2.6339866712497177,0.0,112
694592,4685,1.3163481210393009,1.3163481210393009,0.0,87
694680,4686,3.3035274329903874,3.063527432990388,12.0,88
694785,4687,1.8779473295427902,1.5979473295427904,14.0,105
694843,4688,2.362980856550858,2.322980856550858,2.0,58
694938,4689,3.145044124901921,2.905044124901921,12.0,95
695119,4690,2.428751321393756,2.148751321393756,14.0,181
695223,4691,2.9852707090301487,2.785270709030149,10.0,104
695282,4692,2.238130771613955,2.078130771613955,8.0,59
695382,4693,2.514883492564879,2.2948834925648787,11.0,100
695882,4694,0.9549044275258152,-5.2850955724741695,312.0,500
695971,4695,2.697692219919878,2.6376922199198773,3.0,89
696069,4696,1.6768315752328087,1.6768315752328087,0.0,98
696152,4697,2.937231686778678,2.8772316867786785,3.0,83
696281,4698,2.4247971664106114,2.3447971664106104,4.0,129
696388,4699,1.5489729191440307,1.5489729191440307,0.0,107
696619,4700,3.2175558239441195,3.1975558239441195,1.0,231
697119,4701,0.0353187716873844,0.0353187716873844,0.0,500
697297,4702,3.2624548441421553,3.2624548441421553,0.0,178
697797,4703,-1.5580751427976947,-2.5780751427976956,51.0,500
697876,4704,2.6803916293062855,2.280391629306286,20.0,79
697995,4705,3.566195748284031,3.28619574828403,14.0,119
698257,4706,2.60209021594233,1.9020902159423305,35.0,262
698310,4707,2.1794560300708548,2.1794560300708548,0.0,53
698410,4708,2.7149301719994314,2.694930171999431,1.0,100
698789,4709,1.8174810173414646,-2.9825189826585268,240.0,379
699023,4710,2.7028738153918876,1.942873815391888,38.0,234
699071,4711,1.3663651382403679,1.3663651382403679,0.0,48
699112,4712,1.759372871921316,1.759372871921316,0.0,41
699222,4713,3.482302104564888,3.222302104564888,13.0,110
699287,4714,2.3581009953015406,1.9381009953015402,21.0,65
699350,4715,1.855083441938664,1.855083441938664,0.0,63
699436,4716,1.4989462649162206,1.4589462649162206,2.0,86
699535,4717,2.5529357999142084,2.2129357999142076,17.0,99
699655,4718,1.7945325008772814,1.7945325008772814,0.0,120
699738,4719,3.0023488702502723,2.882348870250272,6.0,83
699914,4720,2.1777508813841404,1.25775088138414,46.0,176
700414,4721,0.045050061940978825,-5.6349499380590125,284.0,500
700477,4722,2.5079819059111124,2.5079819059111124,0.0,63
700559,4723,3.0038199466927313,2.743819946692731,13.0,82
700617,4724,1.485017105487598,1.385017105487598,5.0,58
700740,4725,1.7283148183906496,1.4683148183906496,13.0,123
700827,4726,2.742215093563951,2.3622150935639508,19.0,87
700883,4727,2.1057694956116055,2.0257694956116055,4.0,56
701018,4728,2.280772468671289,2.160772468671289,6.0,135
701149,4729,1.4898591596348685,0.9898591596348686,25.0,131
701308,4730,2.921870925284482,2.6218709252844823,15.0,159
701387,4731,2.995210407796137,2.955210407796137,2.0,79
701618,4732,3.4201412610535713,3.1401412610535715,14.0,231
701726,4733,1.9457134790741781,1.9457134790741781,0.0,108
701766,4734,1.7554872978877054,1.7554872978877054,0.0,40
702013,4735,3.9440819134713427,3.9040819134713427,2.0,247
702176,4736,2.71984461551663,2.71984461551663,0.0,163
702376,4737,2.414632716964523,2.2946327169645233,6.0,200
702562,4738,2.7017577055324846,2.5417577055324845,8.0,186
702918,4739,3.611024267734458,3.0910242677344577,26.0,356
702954,4740,1.6194606830152727,1.6194606830152727,0.0,36
703244,4741,3.1152807412226675,2.4552807412226674,33.0,290
703325,4742,3.061823713209362,2.781823713209362,14.0,81
703825,4743,0.024133005719679357,0.024133005719679357,0.0,500
703950,4744,3.711815052057897,3.3518150520578978,18.0,125
704011,4745,2.089723861316979,2.089723861316979,0.0,61
704153,4746,2.7590972524174155,2.4790972524174153,14.0,142
704259,4747,2.154766540674072,2.154766540674072,0.0,106
704289,4748,1.4479535457383998,1.4479535457383998,0.0,30
704315,4749,1.3111519403986993,1.3111519403986993,0.0,26
704370,4750,2.0970137898669003,2.0970137898669003,0.0,55
704422,4751,1.9290126673678611,1.9290126673678611,0.0,52
704477,4752,1.5784772129246813,1.5784772129246813,0.0,55
704539,4753,2.3170504527507942,2.0970504527507945,11.0,62
704643,4754,2.3941000579884184,2.374100057988419,1.0,104
704789,4755,2.4375309446584663,1.9375309446584659,25.0,146
704901,4756,1.6655678422991145,1.6655678422991145,0.0,112
705027,4757,3.2008935597317847,2.9008935597317853,15.0,126
705527,4758,0.6032450298056236,0.22324502980562322,19.0,500
705622,4759,1.8916750519186134,1.6516750519186134,12.0,95
705647,4760,1.309879029718824,1.309879029718824,0.0,25
705717,4761,2.6413266850992194,2.401326685099219,12.0,70
705842,4762,1.589614694451664,1.189614694451664,20.0,125
705918,4763,2.185585692310232,2.185585692310232,0.0,76
705981,4764,2.236872455268095,2.236872455268095,0.0,63
706136,4765,2.6097332876025323,2.6097332876025323,0.0,155
706184,4766,2.058804685938286,2.058804685938286,0.0,48
706227,4767,1.7315948090302797,1.7315948090302797,0.0,43
706356,4768,2.4821194398993662,2.0021194398993654,24.0,129
706410,4769,2.2195286798079725,2.2195286798079725,0.0,54
706518,4770,1.7147761028942141,1.7147761028942141,0.0,108
706555,4771,1.6537551838539435,1.6537551838539435,0.0,37
706621,4772,2.3043877103245705,2.2643877103245704,2.0,66
706688,4773,2.1685899210849082,1.7885899210849083,19.0,67
706888,4774,2.746894219236517,2.666894219236517,4.0,200
706982,4775,3.343122176762879,3.343122176762879,0.0,94
707105,4776,2.058229037795238,1.7982290377952377,13.0,123
707159,4777,1.8281162510993059,1.7281162510993058,5.0,54
707222,4778,2.484240889805178,2.404240889805179,4.0,63
707722,4779,-0.6287181884083006,-5.128718188408292,225.0,500
707773,4780,2.0792766856298277,2.0792766856298277,0.0,51
707890,4781,1.790522814155731,1.790522814155731,0.0,117
708001,4782,2.469057903203508,2.469057903203508,0.0,111
708089,4783,1.7065193773194935,1.7065193773194935,0.0,88
708210,4784,1.8205201200297378,1.7605201200297378,3.0,121
708302,4785,2.9274436561089274,2.5874436561089276,17.0,92
708399,4786,3.3040873415341387,3.204087341534138,5.0,97
708497,4787,3.2755025002677085,3.2755025002677085,0.0,98
708777,4788,3.4249998268671904,2.0449998268671887,69.0,280
709134,4789,2.518903952219149,2.2189039522191485,15.0,357
709201,4790,2.070363123278402,2.0103631232784016,3.0,67
709283,4791,1.4896662508928662,1.4496662508928662,2.0,82
709377,4792,1.4024813100869824,1.4024813100869824,0.0,94
709430,4793,1.3881275583088644,1.3881275583088644,0.0,53
709662,4794,2.6666736636217414,2.6466736636217414,1.0,232
709731,4795,1.5074487049602627,1.5074487049602627,0.0,69
709879,4796,2.898628965534006,2.6186289655340067,14.0,148
709941,4797,1.4511091418414606,1.4511091418414606,0.0,62
710070,4798,2.286010296115175,1.6460102961151746,32.0,129
710288,4799,2.457681011397254,2.0176810113972534,22.0,218
710489,4800,2.6051391644918835,2.0651391644918835,27.0,201
710537,4801,1.943091257101466,1.703091257101466,12.0,48
710642,4802,2.6427824422157142,2.602782442215714,2.0,105
710723,4803,2.513101197540146,2.513101197540146,0.0,81
710823,4804,2.645649571927466,2.425649571927466,11.0,100
710857,4805,1.5670967074593736,1.5670967074593736,0.0,34
711357,4806,0.20640840394514626,-4.053591596054845,213.0,500
711458,4807,3.461514281927262,3.301514281927262,8.0,101
711527,4808,2.6095875495454384,2.389587549545438,11.0,69
712027,4809,0.045149171237889085,0.045149171237889085,0.0,500
712092,4810,2.5993283862440046,2.5993283862440046,0.0,65
712592,4811,-0.2663934368529808,-0.4263934368529809,8.0,500
713092,4812,0.2361786578501719,-0.2638213421498281,25.0,500
713149,4813,2.3239489913073514,2.0839489913073512,12.0,57
713181,4814,1.3724608297695766,1.3724608297695766,0.0,32
713432,4815,2.929654879229368,2.409654879229368,26.0,251
713484,4816,1.7220503729375778,1.6620503729375777,3.0,52
713534,4817,1.9353559774574165,1.8553559774574164,4.0,50
713885,4818,3.3376022805378165,1.6176022805378167,86.0,351
713977,4819,1.710170742804738,1.710170742804738,0.0,92
714041,4820,2.4685003684729114,2.368500368472912,5.0,64
714127,4821,2.8202392555184788,2.5602392555184785,13.0,86
714178,4822,2.132323610202887,2.132323610202887,0.0,51
714508,4823,1.953387153937194,0.5933871539371938,68.0,330
714539,4824,1.4072910812685246,1.4072910812685246,0.0,31
714660,4825,1.772542352330278,1.772542352330278,0.0,121
714810,4826,1.9760029266626182,1.9760029266626182,0.0,150
714956,4827,2.6617214749295983,2.481721474929598,9.0,146
715118,4828,2.682368908262858,2.2823689082628578,20.0,162
715164,4829,1.8289606534823468,1.8289606534823468,0.0,46
715257,4830,2.787378667336094,2.587378667336094,10.0,93
715320,4831,2.3449558969011117,2.3449558969011117,0.0,63
715527,4832,2.8252716860677944,2.4052716860677945,21.0,207
715676,4833,2.357050632387576,1.4970506323875759,43.0,149
715759,4834,3.022833419049676,2.822833419049676,10.0,83
715816,4835,2.2498707926167087,2.0298707926167086,11.0,57
715964,4836,2.2154613941039543,1.2154613941039547,50.0,148
716052,4837,3.1097528456765327,3.0097528456765326,5.0,88
716119,4838,2.6745154853749193,2.614515485374919,3.0,67
716146,4839,1.368825786652382,1.368825786652382,0.0,27
716244,4840,2.287253777610394,1.7272537776103944,28.0,98
716347,4841,1.5682188262404522,1.248218826240452,16.0,103
716792,4842,3.4752952689220575,3.4752952689220575,0.0,445
716856,4843,2.141050707917771,1.8810507079177707,13.0,64
716933,4844,2.0867293801559748,2.0867293801559748,0.0,77
717004,4845,2.697090178122381,2.457090178122381,12.0,71
717112,4846,1.7996335436030642,1.5596335436030637,12.0,108
717165,4847,2.210215119177928,2.210215119177928,0.0,53
717255,4848,2.8078037274831287,2.707803727483129,5.0,90
717381,4849,2.131445718706897,1.7314457187068968,20.0,126
717448,4850,2.6075130497104544,2.3875130497104546,11.0,67
717520,4851,1.7879498094527158,1.7879498094527158,0.0,72
717544,4852,1.2935770649705,1.2935770649705,0.0,24
717627,4853,3.109703667163645,2.909703667163645,10.0,83
717669,4854,1.8283499423740395,1.8283499423740395,0.0,42
717737,4855,2.5311006490563375,2.5311006490563375,0.0,68
717838,4856,1.6019524531076728,1.541952453107673,3.0,101
717911,4857,1.825578127919113,1.765578127919113,3.0,73
717953,4858,1.8416653774707292,1.8416653774707292,0.0,42
718021,4859,2.6296749976540426,2.3896749976540423,12.0,68
718050,4860,1.4170945334619598,1.4170945334619598,0.0,29
718101,4861,2.1011939706907485,1.9811939706907487,6.0,51
718320,4862,2.5487761274611684,1.5887761274611678,48.0,219
718345,4863,1.3092374858675428,1.3092374858675428,0.0,25
718481,4864,2.3588859006687697,1.9988859006687698,18.0,136
718640,4865,2.311756878230094,2.1717568782300933,7.0,159
718730,4866,3.1003609961971357,3.0403609961971356,3.0,90
719230,4867,-0.30593182992727064,-0.30593182992727064,0.0,500
719293,4868,2.3753182677633844,2.3753182677633844,0.0,63
719346,4869,2.0028161997236094,2.0028161997236094,0.0,53
719483,4870,2.5519112690758465,2.5119112690758465,2.0,137
719983,4871,0.4840313879235928,-4.135968612076403,231.0,500
720038,4872,2.0142387248538367,2.0142387248538367,0.0,55
720152,4873,2.1082133643815997,1.7482133643815998,18.0,114
720239,4874,2.0598279102809207,2.0198279102809207,2.0,87
720353,4875,4.003873428737492,3.843873428737492,8.0,114
720398,4876,1.594608531339674,1.594608531339674,0.0,45
720451,4877,2.157018304572416,1.8970183045724156,13.0,53
720786,4878,1.9746982463084413,1.3946982463084407,29.0,335
721286,4879,0.9630412902064338,0.32304129020643313,32.0,500
721390,4880,3.4466844295999635,3.186684429599964,13.0,104
721592,4881,2.2598737597811036,1.7398737597811027,26.0,202
721648,4882,2.23189425938928,2.23189425938928,0.0,56
721897,4883,3.7773702046596576,1.097370204659654,134.0,249
722121,4884,2.992086826490217,2.832086826490217,8.0,224
722150,4885,1.4173129073153259,1.4173129073153259,0.0,29
722208,4886,2.141222058932328,2.081222058932328,3.0,58
722259,4887,2.1010530190945333,2.1010530190945333,0.0,51
722350,4888,2.9306815150128633,2.8506815150128633,4.0,91
722463,4889,1.78255508712136,1.78255508712136,0.0,113
722554,4890,3.10265650852811,3.06265650852811,2.0,91
722691,4891,4.025109209343977,3.545109209343978,24.0,137
722786,4892,1.5004462267389147,1.5004462267389147,0.0,95
722878,4893,3.2742918063987174,3.2742918063987174,0.0,92
722960,4894,1.731707851707367,1.3317078517073668,20.0,82
723110,4895,3.256308226413797,3.1363082264137967,6.0,150
723208,4896,2.3790664029097917,2.3790664029097917,0.0,98
723315,4897,1.768980125755467,1.4689801257554664,15.0,107
723353,4898,1.6865950044390352,1.6865950044390352,0.0,38
723496,4899,2.4922345815979146,2.4522345815979145,2.0,143
723566,4900,2.575041490417492,2.2750414904174914,15.0,70
723622,4901,2.2898655571192448,2.1498655571192447,7.0,56
723668,4902,1.9286755596198581,1.808675559619858,6.0,46
723761,4903,1.7112474192598792,1.6712474192598792,2.0,93
723885,4904,2.0723666606566677,2.0723666606566677,0.0,124
724136,4905,3.520646596835897,3.520646596835897,0.0,251
724213,4906,2.8574626301923414,2.8374626301923414,1.0,77
724340,4907,1.9375708752467462,1.5175708752467458,21.0,127
724840,4908,0.6095882476266969,0.6095882476266969,0.0,500
724872,4909,1.4578583759330146,1.4578583759330146,0.0,32
724979,4910,2.0618754350735093,2.0618754350735093,0.0,107
725074,4911,2.2252147433593894,2.2252147433593894,0.0,95
725179,4912,1.3321564082373258,1.3321564082373258,0.0,105
725398,4913,2.7169785692186332,2.336978569218633,19.0,219
725465,4914,1.4104067129670512,1.4104067129670512,0.0,67
725583,4915,3.020589737163012,2.6805897371630127,17.0,118
725707,4916,1.8519951272135906,0.9519951272135903,45.0,124
725939,4917,2.4414600309157146,2.0414600309157143,20.0,232
726040,4918,2.0111816861854335,1.8511816861854333,8.0,101
726229,4919,2.9162392273841453,2.8962392273841457,1.0,189
726397,4920,2.567721825784333,2.287721825784333,14.0,168
726545,4921,2.790750726475185,1.970750726475185,41.0,148
726722,4922,3.706869374131214,3.586869374131214,6.0,177
726772,4923,2.048971158670965,2.048971158670965,0.0,50
726836,4924,2.1142745718462126,2.0742745718462126,2.0,64
726929,4925,2.982916164885167,2.982916164885167,0.0,93
726996,4926,2.587675856078201,2.587675856078201,0.0,67
727074,4927,2.464316010012963,2.4043160100129635,3.0,78
727121,4928,1.914456395573895,1.914456395573895,0.0,47
727219,4929,2.3241756139813927,1.5641756139813934,38.0,98
727522,4930,1.8444132721059323,1.304413272105932,27.0,303
727873,4931,2.093513704391401,1.2935137043914007,40.0,351
727968,4932,3.4749710668755505,3.2749710668755503,10.0,95
728089,4933,1.8760397756723968,1.8760397756723968,0.0,121
728216,4934,2.10366644874048,2.06366644874048,2.0,127
728538,4935,3.755300946597495,3.4953009465974936,13.0,322
728604,4936,2.543850913868444,2.3038509138684438,12.0,66
728840,4937,2.48400086944393,2.1840008694439303,15.0,236
728923,4938,2.8326373090616572,2.592637309061658,12.0,83
729015,4939,1.3340175904374265,1.3340175904374265,0.0,92
729107,4940,2.589251844449991,2.209251844449991,19.0,92
729168,4941,2.3335003613598664,2.3335003613598664,0.0,61
729222,4942,1.4602654661410677,1.4602654661410677,0.0,54
729256,4943,1.505243393397446,1.505243393397446,0.0,34
729294,4944,1.36262233971981,1.36262233971981,0.0,38
729377,4945,2.077220293277427,1.8972202932774267,9.0,83
729438,4946,2.3709166701414133,2.3709166701414133,0.0,61
729480,4947,1.8082760186735332,1.8082760186735332,0.0,42
729582,4948,3.320255478371326,3.0402554783713254,14.0,102
729736,4949,3.700419620295545,3.100419620295545,30.0,154
729834,4950,3.3875895618117617,3.3475895618117617,2.0,98
729950,4951,2.0897697331062566,2.0897697331062566,0.0,116
730071,4952,2.5236516701375784,2.5236516701375784,0.0,121
730107,4953,1.6407475107612128,1.6407475107612128,0.0,36
730218,4954,2.4433061673038634,2.4433061673038634,0.0,111
730283,4955,1.4164614060472729,1.2764614060472728,7.0,65
730459,4956,2.5243210049853304,2.20432100498533,16.0,176
730604,4957,2.160599366121619,1.960599366121619,10.0,145
731104,4958,-0.8448604649539633,-1.0048604649539634,8.0,500
731447,4959,3.93460073641418,3.89460073641418,2.0,343
731480,4960,1.4674676277935914,1.4674676277935914,0.0,33
731530,4961,2.085310719888388,2.0453107198883878,2.0,50
731634,4962,1.761466456598091,1.741466456598091,1.0,104
731692,4963,2.3498200577997466,2.329820057799746,1.0,58
732130,4964,2.9467600835056422,1.6067600835056408,67.0,438
732205,4965,2.9501064446096064,2.6501064446096065,15.0,75
732301,4966,3.2357964750076746,3.135796475007675,5.0,96
732417,4967,1.7114011169575298,1.6514011169575298,3.0,116
732452,4968,1.3309520234129628,1.3309520234129628,0.0,35
732554,4969,3.41804173753232,3.11804173753232,15.0,102
733054,4970,-0.33018973184487654,-0.33018973184487654,0.0,500
733108,4971,2.134383130553987,2.054383130553987,4.0,54
733608,4972,-2.981812293907367,-4.881812293907369,95.0,500
733766,4973,1.2666584308565056,1.2666584308565056,0.0,158
733906,4974,3.326717910447569,2.7867179104475683,27.0,140
733967,4975,2.205427671007212,2.1254276710072117,4.0,61
734013,4976,1.6053842970073697,1.6053842970073697,0.0,46
734052,4977,1.6773522119544273,1.6773522119544273,0.0,39
734116,4978,2.2670458019172948,2.1870458019172947,4.0,64
734227,4979,2.5337326270445604,2.273732627044561,13.0,111
734390,4980,3.576361900261184,3.1363619002611838,22.0,163
734467,4981,2.8493114897702383,2.4693114897702384,19.0,77
734656,4982,2.5408053951003193,2.5008053951003193,2.0,189
734783,4983,2.9492724547413443,2.9292724547413442,1.0,127
734883,4984,1.967697710687341,1.967697710687341,0.0,100
734918,4985,1.6114780004350073,1.6114780004350073,0.0,35
735217,4986,3.0108374757991765,1.930837475799178,54.0,299
735318,4987,2.8885190142820854,2.8885190142820854,0.0,101
735364,4988,1.9524854277991484,1.9524854277991484,0.0,46
735458,4989,3.1738707065928504,3.1738707065928504,0.0,94
735958,4990,-3.3964227582550413,-3.3964227582550413,0.0,500
736102,4991,2.7531733751910856,2.7531733751910856,0.0,144
736602,4992,-0.09789092576973935,-0.09789092576973935,0.0,500
736841,4993,3.4521694402627956,2.9121694402627956,27.0,239
736923,4994,1.5969486982662018,1.5969486982662018,0.0,82
737021,4995,2.5824325109428288,2.0624325109428283,26.0,98
737065,4996,1.8450665310062646,1.6650665310062647,9.0,44
737141,4997,1.9702373282628636,1.9702373282628636,0.0,76
737258,4998,3.036373166418171,2.956373166418171,4.0,117
737542,4999,2.725765192963298,2.725765192963298,0.0,284
737659,5000,1.8162925108582444,1.8162925108582444,0.0,117
737919,5001,2.6771051217414117,2.417105121741412,13.0,260
738075,5002,2.9523505572038395,2.81235055720384,7.0,156
738259,5003,2.041514470964497,1.6415144709644973,20.0,184
738324,5004,1.739644957440103,1.5796449574401032,8.0,65
738367,5005,1.8432968990777256,1.8432968990777256,0.0,43
738486,5006,3.959056624463676,3.779056624463676,9.0,119
738580,5007,3.0175860812599153,2.757586081259915,13.0,94
738866,5008,2.269256500703664,2.1492565007036637,6.0,286
738987,5009,2.093498210525419,2.093498210525419,0.0,121
739045,5010,1.9689836106029817,1.9689836106029817,0.0,58
739166,5011,2.178017871628856,2.178017871628856,0.0,121
739341,5012,1.41759766834287,1.41759766834287,0.0,175
739841,5013,0.22254367851312706,0.22254367851312706,0.0,500
739889,5014,2.0076002164313276,2.0076002164313276,0.0,48
740172,5015,2.8517623828112195,0.9517623828112182,95.0,283
740231,5016,2.3394357649780737,2.3194357649780732,1.0,59
740314,5017,2.8808773241678387,2.740877324167839,7.0,83
740814,5018,-0.9450439570791138,-1.105043957079114,8.0,500
741012,5019,3.2970481394701427,3.1770481394701426,6.0,198
741059,5020,1.6137439687419959,1.6137439687419959,0.0,47
741174,5021,1.8220832913970841,1.582083291397084,12.0,115
741245,5022,1.6523387449323406,1.6523387449323406,0.0,71
741285,5023,1.6906457259858485,1.6906457259858485,0.0,40
741539,5024,3.6132776527369503,2.7932776527369505,41.0,254
741717,5025,2.975694694868791,2.595694694868791,19.0,178
741770,5026,2.164718947080857,2.144718947080857,1.0,53
741914,5027,2.0514308737870506,1.6114308737870504,22.0,144
742414,5028,0.49050953524403895,0.49050953524403895,0.0,500
742657,5029,2.4594085960540175,2.359408596054017,5.0,243
742707,5030,1.9966819265732947,1.9966819265732947,0.0,50
742849,5031,2.1703836986353107,2.1503836986353106,1.0,142
742906,5032,1.52675595548244,1.52675595548244,0.0,57
743406,5033,-1.0114977281884272,-1.0114977281884272,0.0,500
743437,5034,1.4770794001823035,1.4770794001823035,0.0,31
743521,5035,2.969200039689137,2.8292000396891366,7.0,84
743615,5036,3.4061142868012872,3.206114286801287,10.0,94
743886,5037,2.573414640413613,2.2734146404136126,15.0,271
744107,5038,2.898250454627206,0.8782504546272059,101.0,221
744169,5039,2.4692324987651206,2.3692324987651205,5.0,62
744361,5040,2.646305917464867,2.3463059174648664,15.0,192
744457,5041,3.172607161078486,2.7326071610784863,22.0,96
744571,5042,1.4493768753158518,1.4493768753158518,0.0,114
745071,5043,-0.7784387049036483,-5.058438704903642,214.0,500
745143,5044,2.7365298363209636,2.5765298363209634,8.0,72
745254,5045,1.8250488928489506,1.7850488928489505,2.0,111
745304,5046,2.082572461902564,2.082572461902564,0.0,50
745423,5047,2.161890427865939,2.121890427865939,2.0,119
745551,5048,2.834959186401983,2.4749591864019824,18.0,128
745590,5049,1.6759701592833007,1.4959701592833006,9.0,39
745682,5050,3.0225211171765833,2.762521117176583,13.0,92
745832,5051,2.6732328690645364,2.633232869064537,2.0,150
745921,5052,3.209254473489228,2.9892544734892272,11.0,89
746421,5053,0.08710782997424937,0.08710782997424937,0.0,500
746480,5054,1.4129942504101345,1.4129942504101345,0.0,59
746565,5055,3.1654063295222863,3.085406329522286,4.0,85
746720,5056,2.543781890034322,2.263781890034322,14.0,155
746781,5057,2.3775423524112,2.2175423524112006,8.0,61
746869,5058,1.4477075416387577,1.3677075416387576,4.0,88
746951,5059,3.100939029541352,2.8809390295413513,11.0,82
747077,5060,1.8850028645863286,1.6450028645863286,12.0,126
747205,5061,2.114265912272382,2.114265912272382,0.0,128
747294,5062,2.522229997667364,2.2022299976673647,16.0,89
747405,5063,3.8698261452215315,3.5898261452215303,14.0,111
747524,5064,1.944611838776139,1.944611838776139,0.0,119
747629,5065,2.66556614000569,2.2655661400056903,20.0,105
747862,5066,3.293042669676627,3.0130426696766266,14.0,233
748333,5067,2.2112929773210963,-1.2487070226789,173.0,471
748439,5068,1.7867537719405309,1.5067537719405308,14.0,106
748557,5069,3.985297615455002,3.585297615455002,20.0,118
748612,5070,2.274331130179488,2.0343311301794884,12.0,55
748665,5071,2.0473238772333495,1.7873238772333493,13.0,53
748921,5072,3.1029925940881204,2.82299259408812,14.0,256
749032,5073,3.5384708914486156,3.5384708914486156,0.0,111
749180,5074,2.005433821036893,2.005433821036893,0.0,148
749256,5075,2.880381733978873,2.640381733978873,12.0,76
749306,5076,2.1408772317768356,2.1008772317768356,2.0,50
749806,5077,0.429724865130944,0.429724865130944,0.0,500
749892,5078,2.6025355956063123,2.5425355956063123,3.0,86
749929,5079,1.655923966492721,1.655923966492721,0.0,37
750007,5080,2.8360438427441723,2.8360438427441723,0.0,78
750086,5081,2.6946918347980606,2.5346918347980614,8.0,79
750145,5082,2.205096852747924,2.205096852747924,0.0,59
750193,5083,1.6598272722601075,1.6598272722601075,0.0,48
750407,5084,2.855630665973008,2.1756306659730082,34.0,214
750542,5085,2.3788379197531233,2.1188379197531235,13.0,135
750592,5086,2.0519813314800466,2.0119813314800465,2.0,50
750652,5087,1.434410311754768,1.434410311754768,0.0,60
750842,5088,2.6055875476342587,2.585587547634259,1.0,190
751041,5089,3.366336574001198,3.086336574001198,14.0,199
751318,5090,2.79460152011006,1.834601520110059,48.0,277
751408,5091,2.1059075872089714,1.9459075872089713,8.0,90
751498,5092,3.0970201059119704,2.85702010591197,12.0,90
751559,5093,2.3780701694047126,2.3780701694047126,0.0,61
752012,5094,2.9520953966068344,2.6920953966068346,13.0,453
752131,5095,2.4175052311702148,2.3975052311702143,1.0,119
752173,5096,1.5734189762864967,1.5734189762864967,0.0,42
752234,5097,2.0219051705959776,2.0219051705959776,0.0,61
752284,5098,2.0469187333469376,2.0469187333469376,0.0,50
752322,5099,1.7076957041673078,1.7076957041673078,0.0,38
752401,5100,2.7696765577763593,2.7296765577763593,2.0,79
752442,5101,1.7476566685856922,1.507656668585692,12.0,41
752492,5102,1.9888930665064635,1.9888930665064635,0.0,50
752546,5103,2.200353474683975,2.200353474683975,0.0,54
752640,5104,2.475639924725536,2.475639924725536,0.0,94
752755,5105,1.598127541934349,1.598127541934349,0.0,115
752848,5106,1.386242970630023,1.386242970630023,0.0,93
753313,5107,3.3113290767712673,3.2713290767712673,2.0,465
753620,5108,2.47113249624816,2.15113249624816,16.0,307
753675,5109,2.282758358729713,2.282758358729713,0.0,55
753743,5110,2.5475125771000577,2.5475125771000577,0.0,68
753876,5111,2.488630391305143,2.208630391305143,14.0,133
753924,5112,1.9396387778094784,1.6996387778094781,12.0,48
753988,5113,2.3267877382536417,2.3267877382536417,0.0,64
754140,5114,2.5551757097431267,2.5551757097431267,0.0,152
754205,5115,2.444271814991969,2.344271814991969,5.0,65
754318,5116,2.046108809598806,1.7661088095988056,14.0,113
754350,5117,1.5044140374679793,1.5044140374679793,0.0,32
754405,5118,2.196780733795742,2.196780733795742,0.0,55
754477,5119,1.829350864032452,1.829350864032452,0.0,72
754529,5120,2.1247502867650634,2.1247502867650634,0.0,52
754643,5121,1.6832066594394535,1.6832066594394535,0.0,114
754741,5122,3.4617808291906984,3.301780829190699,8.0,98
755069,5123,2.0106084822204617,1.1306084822204614,44.0,328
755202,5124,2.5205079784945497,2.4805079784945496,2.0,133
755322,5125,2.8413028998878618,2.8013028998878617,2.0,120
755437,5126,3.9443130904979666,3.7043130904979673,12.0,115
755705,5127,3.575407323619197,2.8554073236191977,36.0,268
755931,5128,4.049515737802959,3.7695157378029602,14.0,226
756028,5129,2.7570613977322593,2.497061397732259,13.0,97
756479,5130,3.6228929825553897,-0.37710701744461095,200.0,451
756532,5131,1.9078609885109046,1.9078609885109046,0.0,53
756570,5132,1.6131606664568399,1.6131606664568399,0.0,38
756639,5133,1.7605073623922607,1.6005073623922605,8.0,69
756665,5134,1.282944931969812,1.282944931969812,0.0,26
756748,5135,2.78429730383409,2.60429730383409,9.0,83
756859,5136,3.323541576957842,3.163541576957842,8.0,111
756890,5137,1.3895446738348771,1.3895446738348771,0.0,31
756981,5138,3.2532673293645757,3.2332673293645753,1.0,91
757038,5139,2.330210605477002,2.330210605477002,0.0,57
757074,5140,1.5162572575102753,1.5162572575102753,0.0,36
757166,5141,2.490630033597511,2.13063003359751,18.0,92
757299,5142,2.2585366126526307,2.2585366126526307,0.0,133
757364,5143,2.390234823333508,2.370234823333508,1.0,65
757864,5144,0.7431692625409987,-4.576830737458996,266.0,500
757941,5145,2.9323834979453975,2.9323834979453975,0.0,77
757972,5146,1.4547350457108787,1.4547350457108787,0.0,31
758081,5147,1.3607380645669636,0.42073806456696294,47.0,109
758245,5148,2.2700697150353415,2.2700697150353415,0.0,164
758300,5149,2.2295086174769096,2.04950861747691,9.0,55
758800,5150,1.085566691031781,-3.8744333089682117,248.0,500
759300,5151,-0.9565077199412442,-0.9565077199412442,0.0,500
759398,5152,3.5529985668845088,3.3129985668845086,12.0,98
759477,5153,2.960022178136029,2.960022178136029,0.0,79
759574,5154,2.9441444484588972,2.764144448458897,9.0,97
759701,5155,1.5368242980327143,1.5368242980327143,0.0,127
759807,5156,2.42685391479177,2.1068539147917686,16.0,106
759931,5157,2.5382596818402865,1.6782596818402857,43.0,124
759980,5158,1.90458214029314,1.66458214029314,12.0,49
760130,5159,2.352853363477398,2.352853363477398,0.0,150
760499,5160,2.2821449344911215,2.1621449344911214,6.0,369
760596,5161,2.295454006754486,2.295454006754486,0.0,97
760675,5162,1.5526029209670411,1.5526029209670411,0.0,79
761175,5163,0.6903480271683162,0.6903480271683162,0.0,500
761333,5164,1.8323194991611609,1.612319499161161,11.0,158
761517,5165,2.579811136917983,2.0598111369179826,26.0,184
761608,5166,2.796852160343387,2.456852160343386,17.0,91
761662,5167,2.212050186791603,2.0120501867916034,10.0,54
762162,5168,0.6534507189056569,0.6534507189056569,0.0,500
762185,5169,1.2762685134570222,1.2762685134570222,0.0,23
762685,5170,-0.2902865720463135,-0.2902865720463135,0.0,500
762750,5171,1.908692867143383,1.5286928671433828,19.0,65
762836,5172,2.61238448768043,2.57238448768043,2.0,86
762932,5173,2.995141489693286,2.7751414896932856,11.0,96
762986,5174,2.139175828421121,2.139175828421121,0.0,54
763153,5175,3.059300573683648,2.3993005736836475,33.0,167
763372,5176,2.7307086750345952,2.690708675034595,2.0,219
763404,5177,1.475887554076576,1.475887554076576,0.0,32
763521,5178,1.922633552814228,1.922633552814228,0.0,117
763702,5179,1.8339436069946777,1.4939436069946777,17.0,181
763754,5180,2.1515526374969873,2.0915526374969873,3.0,52
763838,5181,3.036437454725327,2.7564374547253268,14.0,84
763883,5182,1.84472481341656,1.6847248134165598,8.0,45
764024,5183,2.2498693904392595,2.2498693904392595,0.0,141
764148,5184,1.3962817261243339,1.3962817261243339,0.0,124
764223,5185,2.8849590112807344,2.7449590112807343,7.0,75
764384,5186,2.0178445143596324,1.3978445143596323,31.0,161
764452,5187,2.646238925494358,2.6262389254943574,1.0,68
764488,5188,1.657903210464351,1.657903210464351,0.0,36
764692,5189,3.0190983500008097,2.479098350000809,27.0,204
764829,5190,2.2191509472169706,2.119150947216971,5.0,137
764896,5191,2.5554927391866538,2.3354927391866536,11.0,67
765030,5192,1.6708528638088314,1.6708528638088314,0.0,134
765089,5193,2.3563854835394054,2.3563854835394054,0.0,59
765127,5194,1.7143100905438613,1.5343100905438611,9.0,38
765242,5195,1.7024414505788013,1.7024414505788013,0.0,115
765284,5196,1.4375665062944887,1.4375665062944887,0.0,42
765353,5197,2.620328163140776,2.200328163140776,21.0,69
765412,5198,1.4699255635105961,1.4699255635105961,0.0,59
765462,5199,2.054427463849786,2.054427463849786,0.0,50
765520,5200,2.3150397902286532,2.075039790228653,12.0,58
766020,5201,0.34107186158729363,0.34107186158729363,0.0,500
766148,5202,2.3983803057425535,2.2583803057425533,7.0,128
766214,5203,2.477879524708332,2.457879524708332,1.0,66
766383,5204,3.43209718884801,3.152097188848009,14.0,169
766666,5205,3.789463797598196,3.3094637975981964,24.0,283
766762,5206,3.3885167822722466,3.3885167822722466,0.0,96
766803,5207,1.7139205646010007,1.7139205646010007,0.0,41
766898,5208,2.653153065701951,2.3531530657019513,15.0,95
766944,5209,1.737298357996275,1.737298357996275,0.0,46
767009,5210,1.5611888676625658,1.5611888676625658,0.0,65
767066,5211,2.238431465195811,2.238431465195811,0.0,57
767149,5212,1.307394418518125,1.307394418518125,0.0,83
767217,5213,2.0832999721650167,2.0832999721650167,0.0,68
767342,5214,2.3410242666034584,2.081024266603458,13.0,125
767451,5215,2.101229742057743,1.7812297420577428,16.0,109
767532,5216,1.9871108470244419,1.667110847024442,16.0,81
767613,5217,2.788351534792265,2.788351534792265,0.0,81
767762,5218,2.64113782603937,2.56113782603937,4.0,149
767798,5219,1.65522761019651,1.65522761019651,0.0,36
768298,5220,-0.07128121782377139,-0.07128121782377139,0.0,500
768425,5221,2.1517292912570043,2.0717292912570042,4.0,127
768464,5222,1.719850067789236,1.719850067789236,0.0,39
768530,5223,2.5882148451276836,2.5882148451276836,0.0,66
768571,5224,1.7464160565274527,1.7464160565274527,0.0,41
768684,5225,2.0871617698363503,2.02716176983635,3.0,113
768878,5226,3.458090014470354,3.258090014470354,10.0,194
769082,5227,4.0685987580627385,3.9485987580627384,6.0,204
769200,5228,2.759808900750452,2.1998089007504524,28.0,118
769297,5229,1.323583101784895,1.323583101784895,0.0,97
769366,5230,2.706802555362991,2.706802555362991,0.0,69
769490,5231,2.9731024366230203,2.313102436623021,33.0,124
769614,5232,2.014732836571044,2.014732836571044,0.0,124
770090,5233,3.464794900665929,1.3047949006659265,108.0,476
770255,5234,2.697272230508508,2.3172722305085083,19.0,165
770419,5235,2.978338885732697,2.598338885732697,19.0,164
770507,5236,1.610432898717306,1.610432898717306,0.0,88
770788,5237,2.5707244119467574,2.5507244119467574,1.0,281
770851,5238,2.4143275184676325,2.2543275184676324,8.0,63
770923,5239,2.395968790869965,2.3359687908699653,3.0,72
771046,5240,3.909363903858589,3.6693639038585895,12.0,123
771546,5241,-0.8100127557973782,-1.1900127557973785,19.0,500
772005,5242,1.5852768646609832,1.5852768646609832,0.0,459
772072,5243,1.902512634931667,1.802512634931667,5.0,67
772154,5244,2.9376566968534576,2.677656696853458,13.0,82
772304,5245,2.794669861993705,2.7346698619937055,3.0,150
772360,5246,2.2483116000064056,2.0083116000064054,12.0,56
772482,5247,2.013743024777154,1.8937430247771538,6.0,122
772613,5248,1.880270537737947,1.880270537737947,0.0,131
772728,5249,1.7414411930491518,1.7214411930491518,1.0,115
772800,5250,2.4675933695416656,2.407593369541665,3.0,72
772905,5251,1.9369924096678321,1.756992409667832,9.0,105
773405,5252,0.2617753527048122,-4.13822464729518,220.0,500
773473,5253,1.3954723492239158,1.3954723492239158,0.0,68
773595,5254,1.5789101260743164,1.5789101260743164,0.0,122
774095,5255,0.20887535375876465,-0.7311246462412356,47.0,500
774595,5256,0.07981169817231004,0.07981169817231004,0.0,500
774877,5257,3.1217039429247113,2.8017039429247115,16.0,282
775000,5258,3.583497865832693,3.583497865832693,0.0,123
775079,5259,1.3947334442688546,1.3947334442688546,0.0,79
775115,5260,1.3982794196199788,1.3982794196199788,0.0,36
775172,5261,2.0058799581158357,1.845879958115836,8.0,57
775201,5262,1.4181661181516663,1.4181661181516663,0.0,29
775261,5263,2.150870767735371,2.150870767735371,0.0,60
775294,5264,1.4911194996510915,1.4911194996510915,0.0,33
775382,5265,2.7489598651604483,2.5689598651604486,9.0,88
775524,5266,2.797521555665976,2.797521555665976,0.0,142
775550,5267,1.325302159038138,1.325302159038138,0.0,26
775674,5268,1.8786846475636723,1.8786846475636723,0.0,124
775739,5269,2.4688289276651068,2.4688289276651068,0.0,65
775799,5270,1.4975923086553329,1.4975923086553329,0.0,60
775887,5271,1.956690447254228,1.5366904472542275,21.0,88
776004,5272,1.6421879104501134,1.6421879104501134,0.0,117
776101,5273,1.4063787381476698,1.4063787381476698,0.0,97
776160,5274,1.4038491879167347,1.4038491879167347,0.0,59
776227,5275,2.60004210534191,2.52004210534191,4.0,67
776727,5276,0.027224644023001954,-0.05277535597699805,4.0,500
776794,5277,2.546256239437185,2.506256239437185,2.0,67
776864,5278,2.4155163870289122,2.4155163870289122,0.0,70
776923,5279,2.3388227188786344,2.318822718878634,1.0,59
777031,5280,1.8117277975303665,1.7917277975303665,1.0,108
777232,5281,3.3830929554625113,2.943092955462511,22.0,201
777296,5282,2.377395439337948,2.377395439337948,0.0,64
777345,5283,2.0198091145733406,1.8798091145733404,7.0,49
777430,5284,1.5349718937876762,1.5349718937876762,0.0,85
777540,5285,2.0094918176900687,1.9694918176900686,2.0,110
777577,5286,1.3717634513983763,1.3717634513983763,0.0,37
777663,5287,3.1137363888086984,3.013736388808699,5.0,86
777771,5288,1.3332840473560559,1.3332840473560559,0.0,108
777811,5289,1.7461849556778932,1.7461849556778932,0.0,40
778311,5290,-0.013229716805679193,-0.013229716805679193,0.0,500
778337,5291,1.3172402678346313,1.3172402678346313,0.0,26
778455,5292,3.6430345372411237,3.463034537241123,9.0,118
778538,5293,3.0201748562780324,2.760174856278033,13.0,83
778650,5294,3.406510935706925,3.3465109357069247,3.0,112
778702,5295,2.006932784780562,1.8069327847805616,10.0,52
778828,5296,2.1053714501459373,2.1053714501459373,0.0,126
778885,5297,2.1854467138411033,2.085446713841103,5.0,57
779013,5298,3.1352093796871365,2.715209379687137,21.0,128
779110,5299,1.5203579183990308,1.5203579183990308,0.0,97
779158,5300,1.6375380655108893,1.6375380655108893,0.0,48
779288,5301,2.050782587972769,1.7707825879727688,14.0,130
779321,5302,1.5086355894271573,1.5086355894271573,0.0,33
779377,5303,1.9983586133966078,1.9983586133966078,0.0,56
779646,5304,3.0640363201219323,3.0640363201219323,0.0,269
779676,5305,1.4280713593319796,1.4280713593319796,0.0,30
779807,5306,2.630998518964881,2.630998518964881,0.0,131
779863,5307,2.253454198210945,2.253454198210945,0.0,56
779955,5308,1.7822036171211835,1.7422036171211834,2.0,92
780016,5309,1.7802379917628435,1.4602379917628434,16.0,61
780256,5310,2.821054813014489,2.1810548130144882,32.0,240
780325,5311,2.0394356381558056,2.0394356381558056,0.0,69
780490,5312,2.3771133284856347,1.2371133284856346,57.0,165
780647,5313,2.1060007729969508,2.046000772996951,3.0,157
780772,5314,1.5204897351180886,1.4404897351180885,4.0,125
780828,5315,2.140678629390493,2.020678629390493,6.0,56
781020,5316,3.0762531249973746,2.9562531249973745,6.0,192
781091,5317,2.7021878435337845,2.7021878435337845,0.0,71
781148,5318,1.9597485470061038,1.7197485470061036,12.0,57
781339,5319,2.0843935596059877,1.8243935596059877,13.0,191
781549,5320,1.988406667647229,1.328406667647229,33.0,210
781621,5321,1.4387040689185853,1.4387040689185853,0.0,72
781957,5322,2.3415160537829607,1.7015160537829606,32.0,336
782136,5323,2.48509485003144,2.48509485003144,0.0,179
782636,5324,0.5790889843973104,0.4590889843973103,6.0,500
782749,5325,1.5560571960876834,1.5560571960876834,0.0,113
783016,5326,2.1809478901312196,-0.19905210986877986,119.0,267
783516,5327,0.3899747755948517,0.2699747755948516,6.0,500
783562,5328,1.8714859355186289,1.8714859355186289,0.0,46
783738,5329,3.8863497532435227,3.1063497532435234,39.0,176
783847,5330,1.7074653088043343,1.2674653088043342,22.0,109
783926,5331,2.728542362611028,2.5485423626110277,9.0,79
784038,5332,2.117891492126012,2.117891492126012,0.0,112
784191,5333,1.7345154611799019,1.6945154611799018,2.0,153
784250,5334,1.9687845465112048,1.9687845465112048,0.0,59
784508,5335,2.2872315011061772,1.8272315011061766,23.0,258
784718,5336,2.2845194073480193,2.0045194073480195,14.0,210
784793,5337,2.456320872143422,2.456320872143422,0.0,75
784930,5338,3.155724439865437,2.975724439865438,9.0,137
785042,5339,3.4489450882528194,3.2689450882528197,9.0,112
785186,5340,1.7561305845395432,1.256130584539543,25.0,144
785220,5341,1.5275747324093176,1.5275747324093176,0.0,34
785372,5342,2.6588244402191656,2.6588244402191656,0.0,152
785427,5343,1.9972455946213912,1.9972455946213912,0.0,55
785564,5344,2.05960196582202,1.77960196582202,14.0,137
785687,5345,2.534299904840905,2.534299904840905,0.0,123
785756,5346,2.1028068137645564,1.9428068137645562,8.0,69
785935,5347,1.818724583082815,1.3787245830828148,22.0,179
786025,5348,2.4115387954876732,1.6715387954876726,37.0,90
786061,5349,1.635809100671835,1.595809100671835,2.0,36
786136,5350,2.9112046131960745,2.771204613196075,7.0,75
786636,5351,-0.565011207272325,-1.2250112072723256,33.0,500
786689,5352,1.635421574080692,1.635421574080692,0.0,53
786776,5353,3.224709551970201,3.0647095519702,8.0,87
787079,5354,3.5915403916697106,3.3915403916697104,10.0,303
787192,5355,1.9078816733773465,1.9078816733773465,0.0,113
787350,5356,2.552251719729978,2.552251719729978,0.0,158
787501,5357,3.723233469442641,3.683233469442641,2.0,151
787618,5358,2.061523222507108,1.7215232225071075,17.0,117
787848,5359,2.0313012759614653,1.8313012759614653,10.0,230
787972,5360,2.1996393450139213,2.019639345013921,9.0,124
788472,5361,-0.022850576352256402,-6.122850576352254,305.0,500
788554,5362,2.9164260600649126,2.636426060064913,14.0,82
788728,5363,2.4786804663343527,2.318680466334353,8.0,174
788795,5364,1.9637007861016522,1.9637007861016522,0.0,67
789295,5365,1.831644455628764,1.271644455628764,28.0,500
789396,5366,1.5049035217584166,1.5049035217584166,0.0,101
789533,5367,2.305155970864907,2.265155970864907,2.0,137
789599,5368,2.042502643900063,2.042502643900063,0.0,66
789665,5369,2.31062136365236,2.29062136365236,1.0,66
789753,5370,1.8782947709525764,1.7582947709525762,6.0,88
789885,5371,3.2706516519883992,3.230651651988399,2.0,132
789965,5372,2.4633211695463038,2.3633211695463032,5.0,80
790175,5373,2.8520089901704853,2.6520089901704855,10.0,210
790276,5374,3.0777375779564733,2.9977375779564737,4.0,101
790316,5375,1.729419218883365,1.729419218883365,0.0,40
790375,5376,2.282598718427666,2.262598718427666,1.0,59
790469,5377,1.5732328631383607,1.4532328631383609,6.0,94
790597,5378,2.273592988313952,2.253592988313952,1.0,128
790781,5379,1.7327234545789412,1.7327234545789412,0.0,184
790844,5380,2.3015462880938715,1.8415462880938713,23.0,63
790954,5381,3.1377876544727785,2.9177876544727788,11.0,110
791116,5382,1.5724950865856386,1.5724950865856386,0.0,162
791313,5383,2.0586502820034256,2.0586502820034256,0.0,197
791813,5384,1.3935825795752037,1.2735825795752036,6.0,500
791999,5385,2.5788197573334988,1.978819757333498,30.0,186
792066,5386,2.4993534118878937,2.4993534118878937,0.0,67
792104,5387,1.3688246099151726,1.3688246099151726,0.0,38
792193,5388,2.921451845605965,2.541451845605965,19.0,89
792317,5389,2.780038072920739,2.6600380729207393,6.0,124
792567,5390,2.551606263779026,1.691606263779026,43.0,250
792706,5391,1.7317325366481786,1.7317325366481786,0.0,139
792775,5392,2.314255497403786,2.314255497403786,0.0,69
793005,5393,2.4507695278308637,2.030769527830863,21.0,230
793043,5394,1.7147537725719253,1.7147537725719253,0.0,38
793085,5395,1.819436777324067,1.819436777324067,0.0,42
793127,5396,1.7989526383691086,1.7989526383691086,0.0,42
793206,5397,2.731097752595418,2.731097752595418,0.0,79
793706,5398,-1.5461603956853924,-1.5461603956853924,0.0,500
793796,5399,1.5105551664098567,0.8505551664098565,33.0,90
794296,5400,-0.11658796581941999,-0.11658796581941999,0.0,500
794352,5401,2.1389731129437757,2.098973112943776,2.0,56
794425,5402,1.5633954889517465,1.5633954889517465,0.0,73
794925,5403,0.3061167312959414,0.3061167312959414,0.0,500
794981,5404,2.1267936768637665,2.1267936768637665,0.0,56
795049,5405,2.601473162066796,2.1214731620667955,24.0,68
795095,5406,1.9614685789366844,1.9614685789366844,0.0,46
795215,5407,3.8371860696110325,3.7971860696110316,2.0,120
795303,5408,3.160870809264872,2.7408708092648717,21.0,88
795345,5409,1.5162688604545198,1.5162688604545198,0.0,42
795485,5410,2.1386805301425538,1.9986805301425539,7.0,140
795699,5411,3.2155909835393306,2.4355909835393303,39.0,214
795740,5412,1.6376844547456195,1.6376844547456195,0.0,41
795987,5413,3.312336673699276,2.372336673699276,47.0,247
796487,5414,0.062160496823258526,0.062160496823258526,0.0,500
796620,5415,1.4433632140518202,1.4433632140518202,0.0,133
796719,5416,1.7611149419613097,1.5811149419613095,9.0,99
797219,5417,-0.30767039802883644,-0.5476703980288367,12.0,500
797340,5418,1.6836618821312537,1.6836618821312537,0.0,121
797392,5419,2.122911189191195,2.122911189191195,0.0,52
797892,5420,0.21221848194136506,-7.827781518058602,402.0,500
797989,5421,1.6615612456309168,1.6615612456309168,0.0,97
798103,5422,2.988717804975533,2.988717804975533,0.0,114
798238,5423,2.6178445836466353,2.317844583646636,15.0,135
798292,5424,1.5790130453550375,1.5790130453550375,0.0,54
798445,5425,2.863487405886787,2.6434874058867877,11.0,153
798547,5426,3.6369019221077488,3.6369019221077488,0.0,102
798608,5427,2.401696783623238,2.381696783623238,1.0,61
798653,5428,1.6791169739493441,1.659116973949344,1.0,45
798735,5429,2.3683253969359566,2.1083253969359568,13.0,82
798991,5430,2.5930434152030513,2.2930434152030506,15.0,256
799491,5431,0.33438299865082177,0.33438299865082177,0.0,500
799596,5432,2.9756814606872286,2.915681460687228,3.0,105
800016,5433,3.255720803769701,2.8157208037697017,22.0,420
800093,5434,1.4484262647312738,1.4484262647312738,0.0,77
800166,5435,1.8368395364141905,1.5368395364141905,15.0,73
800240,5436,2.7267964019746027,2.6867964019746027,2.0,74
800287,5437,1.3752219895641162,1.3752219895641162,0.0,47
800385,5438,2.8995377653745775,2.5595377653745777,17.0,98
800517,5439,3.667787798973465,3.6477877989734644,1.0,132
800966,5440,2.3685229817627116,-2.3114770182372855,234.0,449
801121,5441,1.6413246737651974,1.6413246737651974,0.0,155
801174,5442,2.1929246320713247,2.052924632071325,7.0,53
801274,5443,1.4435739734450597,1.4435739734450597,0.0,100
801774,5444,0.07280499397258255,0.07280499397258255,0.0,500
801800,5445,1.3289296781270008,1.3289296781270008,0.0,26
801926,5446,2.6987705125954218,2.678770512595422,1.0,126
802022,5447,1.668109187448585,1.668109187448585,0.0,96
802229,5448,2.817991363344984,2.777991363344984,2.0,207
802351,5449,1.8214550345587548,1.7414550345587547,4.0,122
802851,5450,-1.2739139930562153,-1.8139139930562158,27.0,500
802913,5451,1.7512973305494857,1.7512973305494857,0.0,62
803003,5452,3.144125586855383,3.0641255868553827,4.0,90
803065,5453,1.5124884378770367,1.5124884378770367,0.0,62
803291,5454,1.8870260962830774,1.7070260962830772,9.0,226
803334,5455,1.81328068652157,1.81328068652157,0.0,43
803384,5456,2.06535989302243,2.06535989302243,0.0,50
803454,5457,1.7930175518496074,1.7930175518496074,0.0,70
803565,5458,2.9779021484224995,2.9179021484225,3.0,111
803666,5459,3.057421338884253,3.057421338884253,0.0,101
803822,5460,2.6375707466071576,2.6375707466071576,0.0,156
803874,5461,1.8074837413935478,1.8074837413935478,0.0,52
803998,5462,2.420579348171983,1.4405793481719824,49.0,124
804170,5463,2.2138209513531777,2.2138209513531777,0.0,172
804298,5464,1.6421206649462823,1.6421206649462823,0.0,128
804471,5465,2.541963365540825,2.4419633655408255,5.0,173
804636,5466,3.113232234977401,2.8132322349774013,15.0,165
804695,5467,2.4034141807934484,2.4034141807934484,0.0,59
804801,5468,2.339433593118075,2.1194335931180754,11.0,106
804896,5469,1.4616536652642917,1.4616536652642917,0.0,95
805001,5470,1.935469720601418,1.635469720601418,15.0,105
805143,5471,2.410772829268893,2.1707728292688926,12.0,142
805259,5472,2.9477978138683527,2.6677978138683525,14.0,116
805314,5473,2.16878466132678,2.16878466132678,0.0,55
805373,5474,2.233574948891863,2.233574948891863,0.0,59
805452,5475,2.776769399447436,2.776769399447436,0.0,79
805569,5476,3.4579981273421145,3.3379981273421144,6.0,117
805675,5477,1.855316632226582,1.7553166322265819,5.0,106
805718,5478,1.7883592063566613,1.7883592063566613,0.0,43
805770,5479,2.12154318358943,2.06154318358943,3.0,52
805802,5480,1.415948394656199,1.415948394656199,0.0,32
805889,5481,2.4266522658849494,2.0466522658849495,19.0,87
805917,5482,1.3836338587234527,1.3836338587234527,0.0,28
806065,5483,2.865388198391268,2.825388198391268,2.0,148
806236,5484,2.466240589113576,2.1262405891135754,17.0,171
806490,5485,2.631191936069619,2.2311919360696186,20.0,254
806990,5486,0.02036827434873567,0.02036827434873567,0.0,500
807115,5487,3.3486040618990183,3.188604061899018,8.0,125
807185,5488,2.6608435351242035,2.4208435351242032,12.0,70
807302,5489,1.8686963670365409,1.8686963670365409,0.0,117
807352,5490,2.0247686737459043,2.0247686737459043,0.0,50
807503,5491,2.5205926723752796,2.22059267237528,15.0,151
807610,5492,3.326820023121119,2.986820023121119,17.0,107
807871,5493,3.6054579873023247,1.5654579873023242,102.0,261
807943,5494,2.795627319021722,2.795627319021722,0.0,72
808120,5495,2.942995755604625,2.302995755604625,32.0,177
808198,5496,1.3509596359844867,1.3509596359844867,0.0,78
808310,5497,2.3514873567924637,2.291487356792463,3.0,112
808438,5498,2.1168380147201695,1.9168380147201696,10.0,128
808547,5499,2.774245857563642,2.734245857563642,2.0,109
809047,5500,-0.11978424600999515,-0.1797842460099952,3.0,500
809100,5501,1.6631436125909047,1.6631436125909047,0.0,53
809600,5502,-0.06585457240380643,-0.7658545724038068,35.0,500
809669,5503,2.550998134015442,2.550998134015442,0.0,69
809735,5504,2.6219611119565913,2.4019611119565916,11.0,66
809911,5505,2.7048327733502076,2.6248327733502075,4.0,176
810017,5506,1.840739802474078,1.840739802474078,0.0,106
810152,5507,2.1819781096680284,2.081978109668028,5.0,135
810242,5508,3.0488339814142313,2.788833981414231,13.0,90
810265,5509,1.2648752960043477,1.2648752960043477,0.0,23
810356,5510,2.6175647969799476,2.3775647969799474,12.0,91
810468,5511,1.278072374890469,1.278072374890469,0.0,112
810525,5512,2.2576066249266957,2.1376066249266956,6.0,57
810613,5513,2.250421004747663,2.090421004747663,8.0,88
810729,5514,2.147594374483564,1.567594374483564,29.0,116
810799,5515,2.2753878173549245,2.2753878173549245,0.0,70
811299,5516,0.32733267133142263,0.32733267133142263,0.0,500
811427,5517,3.1067292018068287,2.866729201806829,12.0,128
811472,5518,1.9164986992288133,1.9164986992288133,0.0,45
811557,5519,1.743800479550587,1.743800479550587,0.0,85
811622,5520,2.422887792223149,2.402887792223149,1.0,65
811685,5521,2.4633912477619555,2.403391247761955,3.0,63
811789,5522,3.605210600204874,3.305210600204874,15.0,104
811851,5523,2.289456878348526,2.1094568783485252,9.0,62
811877,5524,1.3336295076057691,1.3336295076057691,0.0,26
812043,5525,1.4882190230123662,1.4882190230123662,0.0,166
812098,5526,2.1965281305942783,2.1765281305942787,1.0,55
812132,5527,1.5461873092752518,1.5461873092752518,0.0,34
812195,5528,2.479594044765334,2.479594044765334,0.0,63
812252,5529,2.30600827839387,2.30600827839387,0.0,57
812279,5530,1.3487226814639106,1.3487226814639106,0.0,27
812417,5531,3.0916736657211423,3.0516736657211423,2.0,138
812447,5532,1.4041968071659912,1.4041968071659912,0.0,30
812525,5533,1.5585836396577606,1.5585836396577606,0.0,78
812548,5534,1.27413934627415,1.27413934627415,0.0,23
812699,5535,4.021545640695191,3.54154564069519,24.0,151
812799,5536,3.1092980930674328,3.1092980930674328,0.0,100
812868,5537,1.9808481305868548,1.9808481305868548,0.0,69
812955,5538,2.173101966879506,2.1131019668795066,3.0,87
813007,5539,1.6109843441575113,1.6109843441575113,0.0,52
813047,5540,1.7871191770066912,1.7871191770066912,0.0,40
813193,5541,2.1679955604322165,1.9279955604322163,12.0,146
813248,5542,2.1991178075374576,1.9591178075374573,12.0,55
813305,5543,2.142901043813244,2.102901043813244,2.0,57
813526,5544,2.027187417821353,1.647187417821353,19.0,221
813607,5545,2.8971404274833397,2.6771404274833395,11.0,81
813761,5546,2.3026123781638983,2.3026123781638983,0.0,154
813840,5547,2.735861490063811,2.715861490063811,1.0,79
813901,5548,1.9700675149433233,1.9300675149433233,2.0,61
814046,5549,2.1484343014300316,2.1484343014300316,0.0,145
814249,5550,2.29632084091409,2.29632084091409,0.0,203
814295,5551,1.9228273282506176,1.6028273282506176,16.0,46
814383,5552,3.28854571245515,3.24854571245515,2.0,88
814453,5553,2.6171784863888785,2.6171784863888785,0.0,70
814953,5554,-0.22597762639760344,-0.22597762639760344,0.0,500
815022,5555,2.582054555155225,2.542054555155225,2.0,69
815047,5556,1.3077678220637152,1.3077678220637152,0.0,25
815137,5557,1.5002320090188856,1.4602320090188856,2.0,90
815219,5558,3.075467773041438,2.8354677730414384,12.0,82
815282,5559,1.5158746436695285,1.5158746436695285,0.0,63
815363,5560,1.4239746904205652,1.4239746904205652,0.0,81
815677,5561,3.9650968319500217,3.5050968319500218,23.0,314
815720,5562,1.7246425565850747,1.7246425565850747,0.0,43
815782,5563,1.78922019453619,1.5492201945361899,12.0,62
815828,5564,1.332382640988008,1.332382640988008,0.0,46
815885,5565,2.230146069459876,2.230146069459876,0.0,57
815998,5566,2.171215136373859,2.171215136373859,0.0,113
816174,5567,3.283717424700453,3.243717424700452,2.0,176
816325,5568,1.7175252485876533,1.1575252485876533,28.0,151
816404,5569,1.8157298329277993,1.555729832927799,13.0,79
816904,5570,0.4929930646400651,-4.127006935359938,231.0,500
817022,5571,4.0007387997445925,3.980738799744593,1.0,118
817082,5572,1.3574086416845121,1.3574086416845121,0.0,60
817166,5573,1.4861944293957148,0.7461944293957146,37.0,84
817269,5574,3.1339147901424393,3.073914790142439,3.0,103
817294,5575,1.2992642224176483,1.2992642224176483,0.0,25
817339,5576,1.3388885166349236,1.3388885166349236,0.0,45
817839,5577,0.20742162381352625,-4.832578376186464,252.0,500
817885,5578,1.6229414772568225,1.3629414772568222,13.0,46
817967,5579,2.6067414788768346,2.6067414788768346,0.0,82
818178,5580,2.4172360577954755,2.4172360577954755,0.0,211
818574,5581,2.2709681797298953,-2.129031820270099,220.0,396
818613,5582,1.7041027368802923,1.7041027368802923,0.0,39
819113,5583,-0.1361870133011862,-0.1361870133011862,0.0,500
819171,5584,2.2553954774507883,2.2553954774507883,0.0,58
819269,5585,2.868657438814002,2.868657438814002,0.0,98
819421,5586,2.0600755739718215,2.0600755739718215,0.0,152
819509,5587,3.138656448417607,2.698656448417607,22.0,88
820009,5588,0.08610469186620895,0.04610469186620894,2.0,500
820154,5589,2.902326299900224,2.062326299900226,42.0,145
820368,5590,3.4870240989763426,2.827024098976342,33.0,214
820529,5591,2.561507377086761,2.501507377086761,3.0,161
820757,5592,2.7206196098680797,1.7006196098680795,51.0,228
820798,5593,1.815455623137475,1.6154556231374748,10.0,41
820898,5594,1.826866914770293,1.806866914770293,1.0,100
820954,5595,1.8911979407763944,1.5711979407763945,16.0,56
820990,5596,1.609482334520322,1.609482334520322,0.0,36
821045,5597,1.7285218700507534,1.7285218700507534,0.0,55
821094,5598,1.4724187349180906,1.4724187349180906,0.0,49
821175,5599,1.4240857509550973,1.3840857509550972,2.0,81
821251,5600,2.2480047261103504,2.2480047261103504,0.0,76
821355,5601,3.249865937446759,3.0298659374467594,11.0,104
821507,5602,2.4202062150340544,2.4202062150340544,0.0,152
821560,5603,2.1073031707252405,2.1073031707252405,0.0,53
821672,5604,2.813998510644543,2.573998510644543,12.0,112
821739,5605,2.560912833905475,2.560912833905475,0.0,67
822239,5606,-0.343253105677793,-6.58325310567777,312.0,500
822349,5607,3.2857647292558987,2.925764729255899,18.0,110
822404,5608,2.2505019078501656,2.230501907850166,1.0,55
822501,5609,1.932598322084736,1.932598322084736,0.0,97
822548,5610,1.9166917487603152,1.9166917487603152,0.0,47
822587,5611,1.6949737463382617,1.5349737463382616,8.0,39
822728,5612,2.7409947046424787,2.4809947046424785,13.0,141
822962,5613,2.5376053557067877,1.9376053557067876,30.0,234
823083,5614,2.7401424702617834,2.7201424702617834,1.0,121
823208,5615,2.9284861977068966,2.868486197706896,3.0,125
823305,5616,2.2647896701226875,2.2647896701226875,0.0,97
823367,5617,2.3207725011910583,2.3207725011910583,0.0,62
823646,5618,2.3372680130538104,0.4972680130538094,92.0,279
824146,5619,0.10376750387276745,-0.8362324961272334,47.0,500
824259,5620,1.96247910804595,1.96247910804595,0.0,113
824347,5621,3.021148404232224,2.7811484042322236,12.0,88
824514,5622,3.7622892718852468,3.602289271885247,8.0,167
824573,5623,2.155501597988075,2.155501597988075,0.0,59
824737,5624,1.4050441124228754,1.4050441124228754,0.0,164
824825,5625,1.7154216519908707,1.7154216519908707,0.0,88
824866,5626,1.8080944863566895,1.8080944863566895,0.0,41
825210,5627,3.554669658508428,3.3346696585084286,11.0,344
825273,5628,1.9191452957883917,1.9191452957883917,0.0,63
825773,5629,-0.059626712758098055,-0.059626712758098055,0.0,500
825801,5630,1.379510070872852,1.379510070872852,0.0,28
825883,5631,1.605475967855047,1.605475967855047,0.0,82
825928,5632,1.4737433655917567,1.4737433655917567,0.0,45
825964,5633,1.6000080623353403,1.6000080623353403,0.0,36
826009,5634,1.899081026776156,1.899081026776156,0.0,45
826078,5635,1.832071012204603,1.832071012204603,0.0,69
826235,5636,2.165108525433415,1.265108525433415,45.0,157
826352,5637,1.926906428368316,1.766906428368316,8.0,117
826393,5638,1.697507559015076,1.697507559015076,0.0,41
826452,5639,2.302244530251626,2.2022445302516265,5.0,59
826530,5640,2.0373670369752728,2.0373670369752728,0.0,78
826597,5641,1.8684245359420877,1.8484245359420877,1.0,67
826644,5642,1.8184230409442348,1.6584230409442346,8.0,47
826737,5643,2.5488702340614875,2.2888702340614886,13.0,93
827237,5644,-0.23946357229817838,-0.23946357229817838,0.0,500
827333,5645,2.8429473934232248,2.8429473934232248,0.0,96
827410,5646,1.7930517370054289,1.4130517370054287,19.0,77
827528,5647,2.186434128094742,2.186434128094742,0.0,118
827627,5648,1.7476585606965926,1.4276585606965924,16.0,99
827730,5649,1.4521327153824686,1.4521327153824686,0.0,103
827796,5650,2.4030193862092704,2.1630193862092697,12.0,66
827890,5651,2.6045982419508853,2.6045982419508853,0.0,94
827982,5652,3.375206468410382,3.375206468410382,0.0,92
828126,5653,3.3511123877402005,3.1311123877402,11.0,144
828548,5654,3.9538812329128854,3.353881232912885,30.0,422
828656,5655,1.7160482525938283,1.7160482525938283,0.0,108
828927,5656,3.576735474363542,3.376735474363542,10.0,271
829009,5657,1.5211812162327987,1.5211812162327987,0.0,82
829059,5658,2.0591337090009736,1.9591337090009737,5.0,50
829194,5659,2.9101835733017474,2.9101835733017474,0.0,135
829285,5660,1.5792139069235007,1.5792139069235007,0.0,91
829401,5661,1.7586714687566403,1.6386714687566406,6.0,116
829501,5662,3.366342438221701,3.126342438221701,12.0,100
830001,5663,1.4375500302109097,-1.9624499697890925,170.0,500
830170,5664,2.2647343544619485,2.2647343544619485,0.0,169
830283,5665,1.6978331168212846,1.6778331168212846,1.0,113
830324,5666,1.8137934714812547,1.8137934714812547,0.0,41
830428,5667,3.2520548242517555,2.9720548242517553,14.0,104
830536,5668,2.1904750941499476,2.1504750941499475,2.0,108
830580,5669,1.752057479266295,1.5720574792662951,9.0,44
830686,5670,1.975425284650637,1.0154252846506369,48.0,106
830881,5671,2.0586638040467484,2.0586638040467484,0.0,195
831080,5672,2.6956975297140913,1.5956975297140905,55.0,199
831229,5673,2.671883508855098,2.631883508855098,2.0,149
831481,5674,2.1027233535101084,2.1027233535101084,0.0,252
831506,5675,1.2870943133844908,1.2870943133844908,0.0,25
831620,5676,1.3264682239318684,1.3264682239318684,0.0,114
831690,5677,2.5242641296688135,2.5042641296688135,1.0,70
831779,5678,1.672728731650616,1.672728731650616,0.0,89
831895,5679,2.14382477838821,2.10382477838821,2.0,116
831943,5680,1.9463289913572588,1.9063289913572588,2.0,48
832010,5681,2.3569905876963735,2.196990587696374,8.0,67
832175,5682,1.721254930392417,0.6812549303924167,52.0,165
832275,5683,1.507334480779749,1.1073344807797487,20.0,100
832338,5684,1.8633187005819691,1.8633187005819691,0.0,63
832426,5685,2.607205978570141,2.5472059785701413,3.0,88
832507,5686,2.7444310054427143,2.6444310054427147,5.0,81
832630,5687,2.8331074909305967,2.5131074909305964,16.0,123
832729,5688,2.8632419078650955,2.8632419078650955,0.0,99
832877,5689,2.1781763822966873,1.9781763822966876,10.0,148
833047,5690,2.8767939181926527,2.776793918192653,5.0,170
833165,5691,1.7128468293930639,1.6528468293930638,3.0,118
833256,5692,1.339829553125517,1.339829553125517,0.0,91
833756,5693,0.6629134604873885,0.6629134604873885,0.0,500
833860,5694,1.9374577145003453,1.9174577145003455,1.0,104
833954,5695,1.3745668324772577,1.3745668324772577,0.0,94
834058,5696,1.3833150310273659,1.3833150310273659,0.0,104
834196,5697,2.684422929741131,2.2244229297411304,23.0,138
834285,5698,3.232617329668756,2.9926173296687555,12.0,89
834337,5699,2.0661599276440588,2.0661599276440588,0.0,52
834409,5700,2.4910201345188354,2.3910201345188353,5.0,72
834546,5701,2.175167620387329,1.2951676203873288,44.0,137
834644,5702,3.177613731658835,3.177613731658835,0.0,98
834695,5703,2.1025883854930307,2.1025883854930307,0.0,51
835195,5704,0.01352525204437538,0.01352525204437538,0.0,500
835256,5705,1.835021742375378,1.695021742375378,7.0,61
835354,5706,1.9125499663784093,1.9125499663784093,0.0,98
835644,5707,2.635817727270965,2.195817727270965,22.0,290
835776,5708,2.3574693782555993,2.2174693782555988,7.0,132
835824,5709,1.922280338067607,1.922280338067607,0.0,48
836324,5710,0.2691469820649337,0.2691469820649337,0.0,500
836422,5711,3.344446861889819,3.144446861889819,10.0,98
836922,5712,0.7940068644945075,-3.7659931355054845,228.0,500
837057,5713,2.385642181957249,2.065642181957249,16.0,135
837112,5714,1.636727442775197,1.636727442775197,0.0,55
837612,5715,1.8082865003401691,-0.4917134996598329,115.0,500
837711,5716,1.7595503289829701,1.5395503289829702,11.0,99
837759,5717,2.0176700460058425,1.9776700460058425,2.0,48
837847,5718,2.387017043668656,1.847017043668656,27.0,88
837936,5719,3.257743068256781,2.8177430682567817,22.0,89
837994,5720,1.5327835016116096,1.5327835016116096,0.0,58
838144,5721,2.136841646985227,1.7768416469852268,18.0,150
838249,5722,1.6349209759468162,1.6349209759468162,0.0,105
838308,5723,2.3310640869313692,2.3310640869313692,0.0,59
838808,5724,-0.090139657147843,-0.090139657147843,0.0,500
838848,5725,1.678263246987731,1.678263246987731,0.0,40
838977,5726,2.292284945454354,2.0522849454543537,12.0,129
839477,5727,0.07210630231028547,0.07210630231028547,0.0,500
839620,5728,2.7715511787738896,2.21155117877389,28.0,143
839706,5729,1.453651252839948,1.453651252839948,0.0,86
839744,5730,1.3364281614326514,1.3364281614326514,0.0,38
839887,5731,2.6970741574045496,2.47707415740455,11.0,143
839923,5732,1.2890991234714273,1.2890991234714273,0.0,36
839964,5733,1.7319440513722268,1.7319440513722268,0.0,41
840035,5734,2.6425672139758336,2.6425672139758336,0.0,71
840134,5735,3.5242100081692733,3.1642100081692726,18.0,99
840229,5736,2.120024385085091,2.120024385085091,0.0,95
840270,5737,1.786157351221557,1.786157351221557,0.0,41
840354,5738,3.002678589878532,3.002678589878532,0.0,84
840441,5739,1.36431238012963,1.02431238012963,17.0,87
840532,5740,3.2334629752044437,3.1934629752044437,2.0,91
840852,5741,2.3677283957324047,1.667728395732405,35.0,320
841032,5742,3.174836065465174,2.6548360654651737,26.0,180
841161,5743,1.530432208409803,1.530432208409803,0.0,129
841203,5744,1.8537196562361165,1.8537196562361165,0.0,42
841361,5745,1.4917338220951017,1.4917338220951017,0.0,158
841430,5746,2.5617520435567664,2.3417520435567667,11.0,69
841473,5747,1.7144409931728433,1.7144409931728433,0.0,43
841575,5748,1.9782549101803424,1.8982549101803423,4.0,102
841647,5749,2.329373516106179,2.269373516106179,3.0,72
841724,5750,2.7447001999454925,2.244700199945492,25.0,77
841811,5751,1.416584863551262,1.0765848635512618,17.0,87
841867,5752,2.2320530146073,2.1120530146072998,6.0,56
841905,5753,1.691320902578457,1.691320902578457,0.0,38
842405,5754,1.1099450139694287,-4.850054986030564,298.0,500
842516,5755,1.5788729410959506,1.0188729410959503,28.0,111
842634,5756,1.9275671305679192,1.3275671305679189,30.0,118
842826,5757,3.00805361992182,2.9480536199218204,3.0,192
842929,5758,1.5642508079863509,1.5642508079863509,0.0,103
843039,5759,1.8765267727330954,1.8765267727330954,0.0,110
843212,5760,2.2429802431138715,1.842980243113871,20.0,173
843296,5761,3.024181436425299,2.7641814364252997,13.0,84
843432,5762,3.212109673750235,2.9521096737502353,13.0,136
843540,5763,3.2360289986781745,3.1760289986781745,3.0,108
843615,5764,1.3717188649242313,1.3717188649242313,0.0,75
843831,5765,2.85766591032381,2.47766591032381,19.0,216
843937,5766,3.736081269847536,3.1960812698475367,27.0,106
844437,5767,0.33396712709878695,0.33396712709878695,0.0,500
844644,5768,2.7924356005680373,1.7724356005680386,51.0,207
844776,5769,2.4805468074627464,2.4805468074627464,0.0,132
844912,5770,2.711783960538199,2.6917839605381992,1.0,136
845018,5771,3.3672592907813494,3.1272592907813492,12.0,106
845134,5772,2.1826712082909454,2.162671208290946,1.0,116
845257,5773,1.817870805253128,1.777870805253128,2.0,123
845544,5774,3.587987717596667,3.507987717596668,4.0,287
845769,5775,3.56755462671145,3.48755462671145,4.0,225
845901,5776,3.112556661162417,2.892556661162417,11.0,132
846004,5777,3.3228838521949333,3.2228838521949332,5.0,103
846073,5778,2.3995038610806745,2.1995038610806743,10.0,69
846143,5779,1.7944941066422464,1.7944941066422464,0.0,70
846193,5780,1.6838830589037013,1.6838830589037013,0.0,50
846338,5781,2.178714784702607,2.178714784702607,0.0,145
846459,5782,3.2722691994870017,2.7722691994870003,25.0,121
846564,5783,1.6887947661345635,1.3487947661345632,17.0,105
846774,5784,2.7940395574048873,1.8340395574048876,48.0,210
846828,5785,2.173750113981229,1.9537501139812288,11.0,54
846901,5786,2.2977884930743624,1.9377884930743619,18.0,73
847064,5787,1.8490441490300304,1.52904414903003,16.0,163
847203,5788,2.7688560820074906,2.2288560820074896,27.0,139
847294,5789,3.047014059953037,2.9870140599530375,3.0,91
847481,5790,2.827799307979692,2.827799307979692,0.0,187
847611,5791,2.2289917751996433,2.1889917751996437,2.0,130
847735,5792,1.635188738585579,1.195188738585579,22.0,124
847870,5793,2.2143519207910956,1.934351920791095,14.0,135
848370,5794,0.1461275854958326,0.1461275854958326,0.0,500
848499,5795,2.4287933754989144,1.728793375498914,35.0,129
848618,5796,2.0064833129098814,2.0064833129098814,0.0,119
848758,5797,2.286754368502871,2.286754368502871,0.0,140
848862,5798,1.5539257005532705,1.5539257005532705,0.0,104
848908,5799,1.9541923026156047,1.7141923026156045,12.0,46
849019,5800,1.676104403596879,0.9961044035968789,34.0,111
849099,5801,2.229828612296235,1.749828612296235,24.0,80
849214,5802,1.9631151007899836,1.823115100789984,7.0,115
849361,5803,3.2729248201326833,2.8929248201326825,19.0,147
849605,5804,3.424313467583959,2.9043134675839584,26.0,244
850036,5805,2.916124407198854,1.4761244071988529,72.0,431
850118,5806,2.6322471204617233,2.6322471204617233,0.0,82
850229,5807,2.176079951385495,2.176079951385495,0.0,111
850304,5808,2.837446246551143,2.537446246551143,15.0,75
850396,5809,2.4661373493704604,2.00613734937046,23.0,92
850429,5810,1.541449172097615,1.541449172097615,0.0,33
850612,5811,2.961164441351035,2.4411644413510345,26.0,183
850679,5812,2.5569820306621676,2.3569820306621674,10.0,67
850760,5813,2.880314893894453,2.640314893894453,12.0,81
850819,5814,1.411894799381996,1.411894799381996,0.0,59
850856,5815,1.3111030731920301,1.3111030731920301,0.0,37
851356,5816,0.7679210851437336,-3.732078914856266,225.0,500
851856,5817,-0.7488960924448573,-0.7488960924448573,0.0,500
851927,5818,2.5920886078272485,2.5920886078272485,0.0,71
851951,5819,1.2774615992034013,1.2774615992034013,0.0,24
852052,5820,3.242100818233923,3.1021008182339234,7.0,101
852312,5821,2.9808215087472867,2.920821508747287,3.0,260
852497,5822,2.8000724882241905,1.5800724882241908,61.0,185
852567,5823,1.328990919161485,1.328990919161485,0.0,70
853067,5824,1.0681999260294794,0.628199926029479,22.0,500
853193,5825,2.1677374165997607,1.7077374165997603,23.0,126
853403,5826,4.012148290874173,3.7721482908741724,12.0,210
853504,5827,2.972192808373556,2.572192808373556,20.0,101
853576,5828,2.2696300962221287,2.2696300962221287,0.0,72
854076,5829,-0.055122609279823376,-0.055122609279823376,0.0,500
854160,5830,2.280812139182594,1.800812139182594,24.0,84
854475,5831,3.403829344852561,2.883829344852562,26.0,315
854679,5832,2.7260159106958612,2.5060159106958615,11.0,204
854739,5833,2.0386680190814124,2.0386680190814124,0.0,60
854879,5834,2.179745602654889,2.179745602654889,0.0,140
854960,5835,2.467567186781106,2.427567186781106,2.0,81
855021,5836,2.2510572552629418,2.0710572552629416,9.0,61
855170,5837,2.7712353781680275,2.6712353781680274,5.0,149
855249,5838,1.9595240918390555,1.9595240918390555,0.0,79
855405,5839,3.399263152837277,2.7992631528372773,30.0,156
855439,5840,1.5459095096472715,1.5459095096472715,0.0,34
855502,5841,2.3876525516627902,2.3876525516627902,0.0,63
855590,5842,1.386124365502173,1.386124365502173,0.0,88
855746,5843,2.2139884198944024,1.8539884198944028,18.0,156
856246,5844,0.7317194854201766,-5.928280514579821,333.0,500
856303,5845,1.4733256438268088,1.4733256438268088,0.0,57
856385,5846,2.3871421195720215,2.3871421195720215,0.0,82
856637,5847,2.869295709691446,2.869295709691446,0.0,252
856747,5848,2.1434044013585742,2.1434044013585742,0.0,110
856778,5849,1.4517736760312945,1.4517736760312945,0.0,31
856899,5850,2.2077502315514987,2.1877502315514987,1.0,121
856996,5851,2.0971501725521184,2.0971501725521184,0.0,97
857037,5852,1.787574400954217,1.787574400954217,0.0,41
857105,5853,2.4860828714889394,2.4860828714889394,0.0,68
857200,5854,2.5091629506740354,2.4491629506740353,3.0,95
857254,5855,2.082491596184167,2.082491596184167,0.0,54
857315,5856,2.220436445857179,2.220436445857179,0.0,61
857390,5857,2.8626675277858946,2.662667527785895,10.0,75
857628,5858,2.266809089491157,1.9268090894911567,17.0,238
857748,5859,1.8654015677431084,1.5054015677431083,18.0,120
857815,5860,1.7984711914966924,1.7984711914966924,0.0,67
857845,5861,1.4387091705809887,1.4387091705809887,0.0,30
858317,5862,3.3182439699000534,3.258243969900054,3.0,472
858422,5863,3.2385827088086367,2.9385827088086365,15.0,105
858498,5864,2.435943416084954,2.1759434160849542,13.0,76
858595,5865,1.4691226570022036,1.4691226570022036,0.0,97
859095,5866,0.04148305081821757,-4.1985169491817835,212.0,500
859171,5867,2.863621526995889,2.6836215269958883,9.0,76
859237,5868,2.5941069545779003,2.5941069545779003,0.0,66
859311,5869,2.6685313188882005,2.4085313188882003,13.0,74
859382,5870,2.2752048161564478,2.0752048161564485,10.0,71
859463,5871,2.741433716145635,2.741433716145635,0.0,81
859519,5872,2.230813170203179,2.230813170203179,0.0,56
859614,5873,1.35666359001509,0.49666359001508953,43.0,95
859660,5874,1.8696370647237144,1.8696370647237144,0.0,46
859784,5875,2.1997042485077407,2.1997042485077407,0.0,124
859918,5876,2.426638660680166,2.366638660680166,3.0,134
860033,5877,3.7393929189174493,3.2993929189174485,22.0,115
860095,5878,2.276449929075806,2.0964499290758054,9.0,62
860240,5879,2.691534084333619,2.691534084333619,0.0,145
860307,5880,2.300783843374015,2.260783843374015,2.0,67
860807,5881,-0.49293083323784703,-7.952930833237813,373.0,500
860989,5882,2.423274850598712,1.423274850598712,50.0,182
861048,5883,2.3439814628766173,2.3439814628766173,0.0,59
861130,5884,2.4335395945614247,2.293539594561425,7.0,82
861312,5885,3.339978381277203,3.3199783812772035,1.0,182
861526,5886,2.1534897759641787,1.7734897759641783,19.0,214
862026,5887,-0.7784742985472706,-0.7784742985472706,0.0,500
862097,5888,1.5873849669148379,1.5873849669148379,0.0,71
862216,5889,3.857503037639195,3.577503037639195,14.0,119
862716,5890,0.23272212489826294,0.23272212489826294,0.0,500
863216,5891,1.1070490011854377,-4.432950998814563,277.0,500
863266,5892,2.109030637644968,2.109030637644968,0.0,50
863408,5893,2.1433413164453237,1.9033413164453237,12.0,142
863554,5894,2.128453872679612,1.8684538726796118,13.0,146
863619,5895,1.955425120740726,1.955425120740726,0.0,65
863711,5896,3.0989687005716204,3.0989687005716204,0.0,92
864211,5897,0.35705719222708154,0.35705719222708154,0.0,500
864453,5898,2.4576975452599745,2.197697545259974,13.0,242
864511,5899,1.9471363483887432,1.9271363483887431,1.0,58
864623,5900,1.386588832056909,1.386588832056909,0.0,112
864727,5901,1.6404760942853809,1.6404760942853809,0.0,104
864958,5902,3.837378806830221,3.5573788068302212,14.0,231
865067,5903,1.8585474327651648,1.8585474327651648,0.0,109
865147,5904,1.27263525360172,1.27263525360172,0.0,80
865213,5905,2.456404205314736,2.3964042053147354,3.0,66
865287,5906,2.808907254599199,2.7889072545991986,1.0,74
865323,5907,1.4689273003640373,1.4689273003640373,0.0,36
865360,5908,1.4569072741674574,1.4569072741674574,0.0,37
865403,5909,1.8775727461318996,1.7975727461318995,4.0,43
865491,5910,2.5362285484789426,2.4962285484789426,2.0,88
865551,5911,2.139530235995701,2.139530235995701,0.0,60
865682,5912,4.1762069372015835,3.9362069372015824,12.0,131
865787,5913,1.825503616080376,1.825503616080376,0.0,105
866033,5914,3.0883880505738466,3.028388050573846,3.0,246
866132,5915,2.8506334744239847,2.8506334744239847,0.0,99
866253,5916,2.1487153177744265,1.3887153177744262,38.0,121
866335,5917,1.3116786533549067,1.3116786533549067,0.0,82
866460,5918,2.185758226739547,2.125758226739547,3.0,125
866558,5919,1.347107217736959,0.40710721773695835,47.0,98
867058,5920,1.2561796656122695,0.43617966561226873,41.0,500
867147,5921,1.6879571428722737,1.6879571428722737,0.0,89
867195,5922,1.9043860580526575,1.9043860580526575,0.0,48
867415,5923,2.1919837802745135,2.1919837802745135,0.0,220
867518,5924,1.4740178865634999,1.4740178865634999,0.0,103
867733,5925,1.4177379078911692,1.4177379078911692,0.0,215
867877,5926,2.8494973154753698,2.62949731547537,11.0,144
867937,5927,1.699815249809511,1.699815249809511,0.0,60
867965,5928,1.3860808505922235,1.3860808505922235,0.0,28
868049,5929,2.4633057926791473,2.4633057926791473,0.0,84
868118,5930,2.559038708240414,2.3390387082404143,11.0,69
868255,5931,2.842178409975098,2.842178409975098,0.0,137
868281,5932,1.3219420250261216,1.3219420250261216,0.0,26
868459,5933,3.61743470926368,3.61743470926368,0.0,178
868539,5934,3.025297735091585,2.725297735091585,15.0,80
868580,5935,1.7157038378596048,1.7157038378596048,0.0,41
868660,5936,2.9552198089721546,2.9152198089721546,2.0,80
868749,5937,2.942800007153249,2.78280000715325,8.0,89
868872,5938,1.9283392496909812,1.9283392496909812,0.0,123
869372,5939,0.2939591818603613,-4.086040818139639,219.0,500
869429,5940,1.8551203594576373,1.8551203594576373,0.0,57
869513,5941,2.211849462027796,1.8318494620277959,19.0,84
869588,5942,1.6184505043277886,1.6184505043277886,0.0,75
869842,5943,1.6520629659824932,1.6520629659824932,0.0,254
869885,5944,1.8486481990200976,1.8486481990200976,0.0,43
870385,5945,-0.15181710961863604,-0.15181710961863604,0.0,500
870452,5946,2.495375733378721,2.255375733378721,12.0,67
870485,5947,1.5380543925199905,1.5380543925199905,0.0,33
870602,5948,3.049507062147789,3.049507062147789,0.0,117
870798,5949,3.071408340621807,0.9914083406218072,104.0,196
870882,5950,2.928299531910999,2.8282995319109987,5.0,84
871076,5951,2.959643985735624,2.479643985735624,24.0,194
871174,5952,3.663213064796538,3.663213064796538,0.0,98
871371,5953,2.826083939907467,2.0660839399074664,38.0,197
871506,5954,2.0734526558214608,2.0734526558214608,0.0,135
872006,5955,-1.3902056432106535,-1.3902056432106535,0.0,500
872051,5956,1.7569692567180022,1.7569692567180022,0.0,45
872076,5957,1.2896893333529351,1.2896893333529351,0.0,25
872146,5958,2.638253468374879,2.3982534683748793,12.0,70
872173,5959,1.3548081665873224,1.3548081665873224,0.0,27
872673,5960,0.5045186547321214,-0.5754813452678789,54.0,500
872747,5961,2.4863226947088473,2.1063226947088474,19.0,74
872889,5962,2.4098254512577935,2.3698254512577934,2.0,142
873389,5963,-0.017522578696501423,-0.017522578696501423,0.0,500
873465,5964,2.4990705443629904,2.29907054436299,10.0,76
873543,5965,1.8598198396285384,1.8598198396285384,0.0,78
873625,5966,1.4080093516008578,1.4080093516008578,0.0,82
873683,5967,1.773107780098977,1.773107780098977,0.0,58
873785,5968,1.8040339449380192,1.4840339449380189,16.0,102
873858,5969,2.450407945914137,2.450407945914137,0.0,73
874008,5970,2.2475898549480338,1.807589854948033,22.0,150
874116,5971,3.065992582833993,2.965992582833993,5.0,108
874248,5972,3.3515105017701776,3.3515105017701776,0.0,132
874313,5973,2.196002749357733,1.9560027493577334,12.0,65
874377,5974,2.433947006050799,2.433947006050799,0.0,64
874492,5975,3.0902537803100274,3.0102537803100278,4.0,115
874803,5976,3.5940994430248807,2.454099443024881,57.0,311
874873,5977,2.560726286642618,2.5007262866426183,3.0,70
875010,5978,2.7834451652216385,2.6034451652216384,9.0,137
875197,5979,3.2156971669069065,3.0156971669069073,10.0,187
875665,5980,2.878219621082618,2.2382196210826186,32.0,468
875870,5981,2.3658391437194117,2.025839143719412,17.0,205
875974,5982,2.734250591042179,2.7142505910421786,1.0,104
876204,5983,3.297176329524781,2.4371763295247804,43.0,230
876354,5984,1.8584365765587658,1.5184365765587655,17.0,150
876465,5985,2.2553356546845027,1.915335654684502,17.0,111
876544,5986,1.7372526779166337,1.6172526779166336,6.0,79
876769,5987,3.1354787122154852,2.8954787122154855,12.0,225
876863,5988,2.5743612096563395,2.5743612096563395,0.0,94
877063,5989,3.2572982753508786,2.2172982753508794,52.0,200
877563,5990,0.08257613078692216,0.08257613078692216,0.0,500
877696,5991,2.9645947092955556,2.9645947092955556,0.0,133
877783,5992,2.23368333959123,2.23368333959123,0.0,87
877866,5993,3.0280648774054555,3.0280648774054555,0.0,83
878366,5994,-0.07669583098422494,-0.07669583098422494,0.0,500
878516,5995,3.0308564370314985,2.790856437031498,12.0,150
878620,5996,3.0076544010904045,2.8276544010904043,9.0,104
878733,5997,1.8278529600167326,1.7878529600167326,2.0,113
879233,5998,0.022736803024542063,0.022736803024542063,0.0,500
879365,5999,2.8541553609182433,2.714155360918243,7.0,132
879460,6000,1.7606271511845673,1.7606271511845673,0.0,95
879960,6001,0.8589583076128575,-2.2610416923871397,156.0,500
880094,6002,3.7628477049978906,3.5228477049978912,12.0,134
880121,6003,1.3648460049479247,1.3648460049479247,0.0,27
880204,6004,3.0958898313034133,2.8758898313034136,11.0,83
880282,6005,2.620886786604427,2.5808867866044274,2.0,78
880782,6006,0.3326821072409796,0.3326821072409796,0.0,500
880835,6007,1.709748369526646,1.709748369526646,0.0,53
881082,6008,2.530618191944245,1.6106181919442448,46.0,247
881184,6009,2.6025227686908776,2.542522768690877,3.0,102
881226,6010,1.7643254412757063,1.7643254412757063,0.0,42
881315,6011,3.166273183606855,3.166273183606855,0.0,89
881353,6012,1.5158918290304977,1.5158918290304977,0.0,38
881458,6013,2.645831478101587,2.6258314781015866,1.0,105
881567,6014,1.9682289599088467,1.9682289599088467,0.0,109
881637,6015,2.625143990914261,2.14514399091426,24.0,70
881980,6016,1.6907606868623821,1.6907606868623821,0.0,343
882480,6017,0.20261246649063658,0.18261246649063656,1.0,500
882613,6018,1.9239318798630276,1.9239318798630276,0.0,133
883113,6019,1.4104048396867588,-3.7295951603132353,257.0,500
883613,6020,-0.011009652567726569,-1.4910096525677272,74.0,500
883716,6021,1.5528836541898328,1.3928836541898328,8.0,103
883822,6022,2.072741869898839,2.072741869898839,0.0,106
884258,6023,2.9131762069028118,1.2331762069028112,84.0,436
884294,6024,1.6194796528444593,1.6194796528444593,0.0,36
884353,6025,2.4213193119391327,2.4213193119391327,0.0,59
884743,6026,3.575711067859681,0.1957110678596785,169.0,390
884861,6027,4.0764913576977095,3.816491357697709,13.0,118
885074,6028,3.4342693504439916,3.2742693504439906,8.0,213
885103,6029,1.4217554328698836,1.4217554328698836,0.0,29
885177,6030,2.3676661343844554,2.3676661343844554,0.0,74
885294,6031,2.0697086327515732,1.8097086327515728,13.0,117
885439,6032,2.4391049714840376,2.4391049714840376,0.0,145
885481,6033,1.7728194712332856,1.7728194712332856,0.0,42
885554,6034,2.76689205673669,2.72689205673669,2.0,73
885585,6035,1.3323907156357548,1.3323907156357548,0.0,31
885678,6036,3.298163914799782,3.258163914799782,2.0,93
885837,6037,2.400442733229471,2.400442733229471,0.0,159
885938,6038,1.517778860005749,1.437778860005749,4.0,101
886023,6039,2.9595146737867397,2.9195146737867397,2.0,85
886147,6040,2.2740128980588095,1.2540128980588092,51.0,124
886304,6041,1.8949529227033588,1.8549529227033588,2.0,157
886335,6042,1.3819531943276155,1.3419531943276155,2.0,31
886570,6043,2.9266734684128597,1.7266734684128577,60.0,235
886614,6044,1.5153448238791674,1.5153448238791674,0.0,44
886681,6045,2.2889820838818613,2.2889820838818613,0.0,67
886748,6046,1.8292281410549653,1.8292281410549653,0.0,67
886812,6047,2.5061041047522137,2.2661041047522126,12.0,64
886856,6048,1.7146616350440045,1.7146616350440045,0.0,44
886916,6049,2.3142985958933036,2.3142985958933036,0.0,60
886984,6050,2.4874200993158637,2.4874200993158637,0.0,68
887107,6051,1.5305030716327908,1.5305030716327908,0.0,123
887198,6052,2.648146833656825,2.648146833656825,0.0,91
887315,6053,1.9311969429706664,1.6711969429706661,13.0,117
887368,6054,2.133190190306257,2.113190190306257,1.0,53
887462,6055,1.6173625882660296,1.4773625882660293,7.0,94
887520,6056,2.2971148533498207,2.1171148533498205,9.0,58
887610,6057,3.073555011749323,3.033555011749323,2.0,90
888110,6058,0.5797174071761535,-0.02028259282384695,30.0,500
888138,6059,1.3545713791120122,1.3545713791120122,0.0,28
888247,6060,1.6568255046917373,1.5968255046917377,3.0,109
888340,6061,1.4378626240376178,1.4378626240376178,0.0,93
888445,6062,1.893574076361698,1.893574076361698,0.0,105
888599,6063,1.8707078934063313,1.8707078934063313,0.0,154
888717,6064,3.619854087426626,3.3998540874266254,11.0,118
888856,6065,2.155263621549611,2.0752636215496105,4.0,139
888920,6066,2.363913270395592,2.363913270395592,0.0,64
889023,6067,3.3891196694038745,3.249119669403874,7.0,103
889123,6068,3.449938580191497,3.1899385801914972,13.0,100
889339,6069,2.408642389468971,2.408642389468971,0.0,216
889735,6070,3.7572068354235255,2.9972068354235253,38.0,396
889816,6071,2.8763217954168123,2.8763217954168123,0.0,81
890152,6072,3.441097901993965,3.181097901993965,13.0,336
890212,6073,1.5291582760592126,1.5291582760592126,0.0,60
890399,6074,3.0356496117949283,3.0156496117949283,1.0,187
890477,6075,2.9401703977989806,2.9401703977989806,0.0,78
890548,6076,1.8590928818224708,1.8590928818224708,0.0,71
890600,6077,2.1337409252591595,1.893740925259159,12.0,52
890695,6078,1.532527784216543,1.532527784216543,0.0,95
891195,6079,0.039768319022665644,0.039768319022665644,0.0,500
891272,6080,2.826417776290912,2.546417776290912,14.0,77
891389,6081,2.6940053328897893,2.3140053328897894,19.0,117
891889,6082,0.8452275290849303,0.8252275290849302,1.0,500
891989,6083,3.365637735112391,3.245637735112391,6.0,100
892489,6084,0.7668704791626773,-4.973129520837321,287.0,500
892735,6085,1.7808756866206528,0.14087568662065264,82.0,246
893235,6086,-1.4045480245406599,-5.444548024540648,202.0,500
893735,6087,0.3361847067821846,-0.04381529321781537,19.0,500
893809,6088,1.5357638924201291,1.5357638924201291,0.0,74
893838,6089,1.3985527966849078,1.3985527966849078,0.0,29
893931,6090,3.0727604199653618,2.9927604199653626,4.0,93
894431,6091,0.10115616888892531,0.10115616888892531,0.0,500
894520,6092,1.6265776082043382,1.6265776082043382,0.0,89
894666,6093,2.516810253984042,2.256810253984042,13.0,146
894704,6094,1.7206020948527065,1.7206020948527065,0.0,38
894884,6095,3.0616251893516413,2.8016251893516406,13.0,180
894964,6096,1.676300763587475,1.676300763587475,0.0,80
895009,6097,1.6458964509443432,1.6458964509443432,0.0,45
895072,6098,2.390596178047122,2.1905961780471213,10.0,63
895301,6099,2.6440590808451145,2.4840590808451144,8.0,229
895363,6100,2.3530846691338114,2.3530846691338114,0.0,62
895863,6101,1.5957525929625984,1.4357525929625983,8.0,500
896363,6102,-0.02562370165695005,-0.02562370165695005,0.0,500
896457,6103,2.8392967233173536,2.579296723317354,13.0,94
896506,6104,1.9286442690196253,1.9286442690196253,0.0,49
896828,6105,2.8218543530702913,2.4418543530702905,19.0,322
896930,6106,1.8171202294227713,1.1571202294227712,33.0,102
896996,6107,2.0552964945972176,2.0552964945972176,0.0,66
897080,6108,2.946920843384487,2.706920843384487,12.0,84
897197,6109,1.4711842456775526,1.4111842456775525,3.0,117
897379,6110,2.642896346718099,2.2428963467180996,20.0,182
897425,6111,1.9073685182488467,1.9073685182488467,0.0,46
897467,6112,1.7402703313768781,1.7402703313768781,0.0,42
897967,6113,0.050453617810784834,0.050453617810784834,0.0,500
898171,6114,2.965051247150543,2.965051247150543,0.0,204
898671,6115,0.05074496005008022,-0.9092550399499204,48.0,500
898827,6116,1.6763825342730987,1.6763825342730987,0.0,156
898917,6117,3.3579199873723717,3.0179199873723714,17.0,90
898962,6118,1.8992022966380824,1.8992022966380824,0.0,45
899063,6119,2.9809357895872926,2.800935789587293,9.0,101
899114,6120,1.832200461518716,1.752200461518716,4.0,51
899233,6121,1.8870101077264219,1.4470101077264215,22.0,119
899259,6122,1.3427589694704671,1.3427589694704671,0.0,26
899578,6123,2.014822121007339,-1.1851778789926555,160.0,319
899692,6124,3.479556695651867,3.1995566956518666,14.0,114
899737,6125,1.359109426001241,1.359109426001241,0.0,45
899832,6126,1.9524794789537665,1.7524794789537663,10.0,95
899913,6127,2.965674015376703,2.745674015376704,11.0,81
900005,6128,1.493074817963685,1.493074817963685,0.0,92
900098,6129,1.717798930417157,1.717798930417157,0.0,93
900123,6130,1.3093635860788657,1.3093635860788657,0.0,25
900623,6131,-0.048391421597848705,-0.048391421597848705,0.0,500
900692,6132,2.2119978177484807,1.6919978177484805,26.0,69
900782,6133,2.3102088143621495,2.0502088143621493,13.0,90
900832,6134,2.005919254235858,2.005919254235858,0.0,50
900878,6135,1.9465323331221493,1.9465323331221493,0.0,46
901378,6136,0.023363647134250876,0.023363647134250876,0.0,500
901564,6137,3.3494613052477176,3.3494613052477176,0.0,186
902064,6138,0.18384031069253925,0.18384031069253925,0.0,500
902181,6139,3.5266726858530166,3.2466726858530164,14.0,117
902244,6140,2.4351735266124495,2.2351735266124493,10.0,63
902324,6141,2.4796641125184022,2.239664112518402,12.0,80
902404,6142,2.918419321621115,2.718419321621115,10.0,80
902667,6143,3.3113570484915877,2.8913570484915865,21.0,263
902927,6144,3.2456982777456465,3.1656982777456464,4.0,260
902984,6145,2.195440598235905,1.9554405982359047,12.0,57
903070,6146,3.2021886252654443,2.8821886252654445,16.0,86
903570,6147,0.17310888175821093,-6.426891118241769,330.0,500
903705,6148,2.4440745903221024,2.4440745903221024,0.0,135
903801,6149,2.3151009853415827,2.135100985341583,9.0,96
903866,6150,2.2557077422005998,2.2557077422005998,0.0,65
904041,6151,2.385371151965189,1.8853711519651895,25.0,175
904541,6152,-0.3322562394085282,-0.37225623940852826,2.0,500
905041,6153,0.5097434074285705,-4.930256592571417,272.0,500
905230,6154,2.4467260716020247,1.9667260716020245,24.0,189
905730,6155,-0.1801206312613508,-0.1801206312613508,0.0,500
905896,6156,3.1916112318661742,2.7916112318661743,20.0,166
905974,6157,2.1614051082985437,1.8814051082985435,14.0,78
906030,6158,2.1402309447156656,1.8802309447156658,13.0,56
906082,6159,1.339198952081074,1.339198952081074,0.0,52
906176,6160,1.5813274535759851,1.5813274535759851,0.0,94
906397,6161,2.5294236773494982,2.4294236773494977,5.0,221
906897,6162,0.33592245225611844,0.33592245225611844,0.0,500
906951,6163,2.2118742546186825,2.2118742546186825,0.0,54
907089,6164,3.0949722389227814,3.0949722389227814,0.0,138
907134,6165,1.946967067121064,1.7069670671210637,12.0,45
907634,6166,-3.7513764609888924,-3.7513764609888924,0.0,500
907719,6167,2.6869961806105302,2.64699618061053,2.0,85
907797,6168,2.8525680599658743,2.6725680599658745,9.0,78
907865,6169,2.160290615126043,1.6402906151260432,26.0,68
907903,6170,1.6802583113406049,1.6802583113406049,0.0,38
907934,6171,1.438189680967971,1.438189680967971,0.0,31
907994,6172,2.365149858121887,2.365149858121887,0.0,60
908087,6173,1.469883408795134,1.469883408795134,0.0,93
908295,6174,2.4682356193831643,2.428235619383165,2.0,208
908403,6175,2.8376277929769422,2.477627792976943,18.0,108
908469,6176,1.6246508960369797,1.58465089603698,2.0,66
908495,6177,1.3110806446395555,1.3110806446395555,0.0,26
908581,6178,1.426239768821782,1.426239768821782,0.0,86
908698,6179,1.54997012057722,1.5099701205772198,2.0,117
908867,6180,2.3057432479494557,2.3057432479494557,0.0,169
908969,6181,1.3632521022193405,1.3632521022193405,0.0,102
909133,6182,2.312009029517125,2.292009029517125,1.0,164
909325,6183,2.908344133753232,2.8083441337532316,5.0,192
909689,6184,2.1331035055081227,2.0931035055081226,2.0,364
910189,6185,0.8094262468933304,-2.0305737531066654,142.0,500
910256,6186,2.6130099817866896,2.5530099817866896,3.0,67
910354,6187,1.7731127726374802,1.7731127726374802,0.0,98
910429,6188,2.84657673594716,2.84657673594716,0.0,75
910529,6189,1.4509087666938882,1.4509087666938882,0.0,100
910692,6190,3.0762603055541335,2.5762603055541335,25.0,163
910914,6191,2.681645267067653,2.201645267067652,24.0,222
911024,6192,3.541251557976447,3.0612515579764468,24.0,110
911096,6193,2.3680221488156556,2.3680221488156556,0.0,72
911176,6194,2.4087477549829357,2.228747754982936,9.0,80
911337,6195,3.2794351706232927,3.139435170623293,7.0,161
911448,6196,1.9666740540086818,1.9266740540086817,2.0,111
911490,6197,1.820387557167515,1.820387557167515,0.0,42
911679,6198,2.2500538672002772,1.8900538672002773,18.0,189
911865,6199,3.1866645017534365,2.9866645017534363,10.0,186
912365,6200,-0.2777012703590205,-0.2777012703590205,0.0,500
912419,6201,1.9033868473532598,1.9033868473532598,0.0,54
912512,6202,3.3791753530761204,3.199175353076121,9.0,93
912623,6203,3.5804160008233303,3.34041600082333,12.0,111
912861,6204,2.752919477169755,2.3329194771697557,21.0,238
912890,6205,1.3785475977778066,1.3785475977778066,0.0,29
913020,6206,3.198724445043437,2.8187244450434363,19.0,130
913089,6207,1.8611374289188927,1.6211374289188927,12.0,69
913150,6208,2.3446790419955774,2.3446790419955774,0.0,61
913229,6209,2.735230668305737,2.635230668305737,5.0,79
913273,6210,1.9095954337908814,1.9095954337908814,0.0,44
913320,6211,1.6043684235752078,1.6043684235752078,0.0,47
913379,6212,2.32693287091946,2.32693287091946,0.0,59
913489,6213,2.64110643392973,2.38110643392973,13.0,110
913572,6214,1.7608248861927103,1.7608248861927103,0.0,83
913641,6215,2.5756134047441837,2.555613404744183,1.0,69
913773,6216,1.9775748636289983,1.9375748636289982,2.0,132
914273,6217,0.5025201193882518,-3.297479880611744,190.0,500
914324,6218,1.919991110358521,1.7399911103585208,9.0,51
914466,6219,2.1508556356610113,2.1108556356610113,2.0,142
914649,6220,2.344422774839841,0.8844227748398403,73.0,183
914951,6221,2.961771036960094,2.6017710369600935,18.0,302
915035,6222,3.0068496639742923,3.0068496639742923,0.0,84
915535,6223,0.0552714666267331,0.0552714666267331,0.0,500
915565,6224,1.454927072409046,1.454927072409046,0.0,30
915659,6225,1.9165636207257404,1.9165636207257404,0.0,94
915724,6226,2.498085813579823,2.278085813579823,11.0,65
915772,6227,1.9934606822339607,1.9934606822339607,0.0,48
915913,6228,1.6059018547031323,1.4859018547031317,6.0,141
915973,6229,2.2836452093691073,2.2836452093691073,0.0,60
916070,6230,1.8148168558996356,1.8148168558996356,0.0,97
916117,6231,1.9804417284424587,1.9804417284424587,0.0,47
916289,6232,2.9786898508728625,2.7386898508728623,12.0,172
916789,6233,0.037461249612344094,0.037461249612344094,0.0,500
916891,6234,2.6539752934664564,2.4339752934664567,11.0,102
916934,6235,1.8340682046546397,1.8340682046546397,0.0,43
916989,6236,2.221930761949851,2.0419307619498515,9.0,55
917242,6237,2.75255889661225,1.1525588966122484,80.0,253
917376,6238,1.9182713765324215,1.7382713765324214,9.0,134
917436,6239,1.9943918212449754,1.9743918212449754,1.0,60
917562,6240,2.246986520804982,2.0069865208049826,12.0,126
917668,6241,2.4777399910226547,2.4777399910226547,0.0,106
917780,6242,1.8090726049292905,1.5090726049292904,15.0,112
917848,6243,1.533208057527907,1.533208057527907,0.0,68
917951,6244,1.764060420065107,1.764060420065107,0.0,103
918219,6245,1.7414696077567886,1.7014696077567888,2.0,268
918247,6246,1.3764106398834093,1.3764106398834093,0.0,28
918276,6247,1.4067369344699747,1.4067369344699747,0.0,29
918327,6248,1.972509258335633,1.972509258335633,0.0,51
918438,6249,1.7084592999105004,1.7084592999105004,0.0,111
918553,6250,3.7754534817266885,3.6554534817266884,6.0,115
918587,6251,1.591353212748237,1.591353212748237,0.0,34
918632,6252,1.3449159001161648,1.3449159001161648,0.0,45
918728,6253,2.7877681444220506,2.5277681444220503,13.0,96
918833,6254,1.7046468569057307,1.2046468569057305,25.0,105
918947,6255,2.0392827537356055,2.0392827537356055,0.0,114
919001,6256,1.6704947517092152,1.6704947517092152,0.0,54
919501,6257,0.4257018816252951,0.08570188162529487,17.0,500
919757,6258,2.617446383010784,2.3974463830107835,11.0,256
919823,6259,2.5240965983984562,2.444096598398456,4.0,66
920323,6260,0.32189633756147273,0.32189633756147273,0.0,500
920433,6261,2.3854205063810108,2.3654205063810108,1.0,110
920933,6262,1.493544908588155,-2.3664550914118423,193.0,500
920975,6263,1.349629239553063,1.349629239553063,0.0,42
921014,6264,1.4825551202101819,1.4825551202101819,0.0,39
921095,6265,2.9942254193647377,2.854225419364738,7.0,81
921181,6266,2.813767942169157,2.793767942169157,1.0,86
921284,6267,3.425815004251784,3.025815004251785,20.0,103
921370,6268,3.1823064445779297,2.9823064445779304,10.0,86
921461,6269,3.296898297652647,3.296898297652647,0.0,91
921685,6270,2.5054074657114853,1.4854074657114846,51.0,224
921792,6271,2.9593710320322995,2.6993710320322997,13.0,107
921860,6272,2.388165201621363,2.108165201621363,14.0,68
921908,6273,1.9921585846274967,1.9721585846274967,1.0,48
922025,6274,1.7812418919893043,1.7812418919893043,0.0,117
922084,6275,2.306159580419088,2.246159580419088,3.0,59
922293,6276,1.3966225859294323,1.3966225859294323,0.0,209
922373,6277,3.014964087476365,3.014964087476365,0.0,80
922873,6278,0.4956234870474885,-5.164376512952499,283.0,500
922986,6279,1.6678911698575147,1.487891169857515,9.0,113
923092,6280,2.2667574385842144,2.2667574385842144,0.0,106
923313,6281,3.1749417122281813,2.7149417122281823,23.0,221
923406,6282,3.1313174961428496,2.9313174961428503,10.0,93
923455,6283,2.061393823435382,2.001393823435382,3.0,49
923523,6284,2.5485857484208383,2.488585748420838,3.0,68
923721,6285,3.2887375465487603,3.2287375465487607,3.0,198
924118,6286,3.683958315418148,-0.11604168458185082,190.0,397
924618,6287,1.8117289014994804,-2.5082710985005185,216.0,500
924660,6288,1.7687751139031063,1.7687751139031063,0.0,42
924747,6289,1.3364065104158145,1.3364065104158145,0.0,87
924906,6290,3.373322237914025,2.933322237914026,22.0,159
924973,6291,2.2410777512072872,2.2410777512072872,0.0,67
925158,6292,2.2684646561132866,2.0484646561132864,11.0,185
925187,6293,1.341084223879181,1.341084223879181,0.0,29
925238,6294,1.88959830950983,1.86959830950983,1.0,51
925267,6295,1.4079008105226642,1.4079008105226642,0.0,29
925313,6296,1.8889854939235162,1.8889854939235162,0.0,46
925376,6297,2.448696914886137,2.1886969148861364,13.0,63
925434,6298,2.188503337966811,2.188503337966811,0.0,58
925537,6299,2.923913476322399,2.503913476322399,21.0,103
926037,6300,0.045597865146655536,0.045597865146655536,0.0,500
926072,6301,1.5821080038527144,1.5821080038527144,0.0,35
926572,6302,0.20676243502054126,0.20676243502054126,0.0,500
927072,6303,0.07978041774896916,0.07978041774896916,0.0,500
927211,6304,2.5577013567795177,2.3577013567795184,10.0,139
927309,6305,2.521838554058893,2.4818385540588928,2.0,98
927400,6306,3.234827065744957,3.1348270657449566,5.0,91
927498,6307,3.379711111879926,3.1597111118799255,11.0,98
927998,6308,-1.7181553506878826,-1.7181553506878826,0.0,500
928025,6309,1.362946275652532,1.362946275652532,0.0,27
928124,6310,1.5826881708700027,1.5826881708700027,0.0,99
928182,6311,1.7276621096320852,1.7276621096320852,0.0,58
928311,6312,2.474972776387018,2.3749727763870183,5.0,129
928570,6313,4.064824551026376,3.924824551026377,7.0,259
928676,6314,2.5789604846853855,2.118960484685385,23.0,106
928799,6315,2.1001171777054424,1.8201171777054426,14.0,123
928824,6316,1.2873171868093767,1.2873171868093767,0.0,25
929075,6317,1.7495787997559,1.4495787997559002,15.0,251
929225,6318,1.7177186779901057,1.3977186779901054,16.0,150
929318,6319,1.6305271114270148,1.5905271114270148,2.0,93
929356,6320,1.6265308200989268,1.6265308200989268,0.0,38
929433,6321,2.1000746712109595,2.1000746712109595,0.0,77
929933,6322,1.3650198018832165,-3.334980198116778,235.0,500
930065,6323,2.2630381626748792,2.003038162674879,13.0,132
930101,6324,1.6375562442486526,1.6375562442486526,0.0,36
930263,6325,1.652039326162829,1.652039326162829,0.0,162
930763,6326,0.17068444436738606,0.17068444436738606,0.0,500
930827,6327,2.0109198826751835,1.7709198826751833,12.0,64
931024,6328,3.031122832707732,2.871122832707732,8.0,197
931108,6329,3.0901066920533746,3.0501066920533746,2.0,84
931175,6330,2.601906719884738,2.381906719884738,11.0,67
931675,6331,0.6946934377271563,0.41469343772715606,14.0,500
931743,6332,2.5888621284895095,2.5888621284895095,0.0,68
931827,6333,1.5091794838468695,1.5091794838468695,0.0,84
932327,6334,-2.0332856212902803,-2.0332856212902803,0.0,500
932452,6335,1.7324371347767749,1.632437134776775,5.0,125
932727,6336,2.27212254371946,1.5121225437194594,38.0,275
932819,6337,2.8922930855358953,2.8522930855358952,2.0,92
932883,6338,2.542729231311452,2.3227292313114516,11.0,64
933089,6339,1.8002807561626937,0.8402807561626928,48.0,206
933234,6340,2.805438323668226,2.5854383236682263,11.0,145
933322,6341,1.820903033509193,1.820903033509193,0.0,88
933421,6342,2.9347826054848145,2.534782605484814,20.0,99
933508,6343,2.1029798709947487,2.0629798709947487,2.0,87
933557,6344,2.0386668962916388,2.0386668962916388,0.0,49
933655,6345,3.120533725943795,2.8605337259437946,13.0,98
933786,6346,2.4795188452123798,2.4195188452123797,3.0,131
933895,6347,3.5551986076650888,3.415198607665088,7.0,109
934395,6348,1.6244893530694182,0.6844893530694177,47.0,500
934731,6349,1.9694438034016246,0.30944380340162314,83.0,336
934778,6350,1.5245656010638564,1.5245656010638564,0.0,47
934871,6351,3.1168760056776987,3.096876005677699,1.0,93
935015,6352,1.8234352461795456,1.7434352461795455,4.0,144
935074,6353,2.263000146765631,1.783000146765631,24.0,59
935193,6354,1.8611730042093684,1.2811730042093679,29.0,119
935269,6355,2.6765313184776587,2.6765313184776587,0.0,76
935329,6356,2.344300574799603,2.2843005747996026,3.0,60
935446,6357,2.0909674210853697,2.0509674210853697,2.0,117
935946,6358,0.13748482927242023,0.13748482927242023,0.0,500
936017,6359,2.702103133292919,2.702103133292919,0.0,71
936517,6360,0.220942335116586,-5.2590576648834,274.0,500
936593,6361,2.6522074805305635,2.6122074805305635,2.0,76
936703,6362,2.4186104912522435,2.4186104912522435,0.0,110
937198,6363,2.1311146396999465,1.2711146396999458,43.0,495
937337,6364,2.5734193300524764,1.8534193300524753,36.0,139
937832,6365,2.8614445345586956,2.721444534558695,7.0,495
937869,6366,1.4116167996901465,1.4116167996901465,0.0,37
937907,6367,1.4888934540680823,1.4888934540680823,0.0,38
938081,6368,2.916702995875099,2.756702995875099,8.0,174
938209,6369,3.876182273281536,3.5161822732815358,18.0,128
938709,6370,-3.927234530866958,-3.927234530866958,0.0,500
938842,6371,2.214632309015002,2.114632309015002,5.0,133
938895,6372,2.1306060227556807,2.1306060227556807,0.0,53
938955,6373,2.3645179169377757,2.344517916937776,1.0,60
939045,6374,2.908820225210392,2.848820225210392,3.0,90
939222,6375,1.9236553513315464,0.7236553513315458,60.0,177
939353,6376,4.095746931359711,3.915746931359711,9.0,131
939478,6377,4.065463978707712,3.8254639787077105,12.0,125
939978,6378,0.5884689994831189,-5.27153100051687,293.0,500
940478,6379,1.3418439449139925,1.0218439449139922,16.0,500
940550,6380,2.700522298090151,2.400522298090151,15.0,72
940957,6381,3.0580180704973636,2.858018070497364,10.0,407
941008,6382,2.1345317310830216,1.9345317310830215,10.0,51
941058,6383,1.6546726166699133,1.6546726166699133,0.0,50
941104,6384,1.947638283502779,1.947638283502779,0.0,46
941197,6385,2.754889649427004,2.4948896494270043,13.0,93
941272,6386,2.1813113059702145,2.1013113059702144,4.0,75
941377,6387,3.5331574976056768,3.0131574976056763,26.0,105
941493,6388,3.282507937336634,3.2425079373366335,2.0,116
941577,6389,1.515112868145794,1.515112868145794,0.0,84
941622,6390,1.903219501273933,1.903219501273933,0.0,45
941683,6391,2.1476019829869193,1.8676019829869188,14.0,61
941738,6392,2.1501585329970094,2.130158532997009,1.0,55
941864,6393,1.7543282275876493,1.6543282275876492,5.0,126
941965,6394,3.4429731397453764,3.4429731397453764,0.0,101
942029,6395,2.4856282645472154,2.4656282645472154,1.0,64
942132,6396,3.5218385790782167,3.221838579078217,15.0,103
942185,6397,1.735835273158049,1.735835273158049,0.0,53
942236,6398,1.8226373251279522,1.602637325127952,11.0,51
942304,6399,2.225209292660204,2.225209292660204,0.0,68
942804,6400,0.02211381629788911,0.02211381629788911,0.0,500
943068,6401,1.4712954575393449,0.8112954575393447,33.0,264
943188,6402,2.359296996668119,2.3392969966681187,1.0,120
943217,6403,1.3248123568385641,1.3248123568385641,0.0,29
943328,6404,1.8176484742874868,1.5576484742874865,13.0,111
943458,6405,2.346446475051218,2.2464464750512176,5.0,130
943495,6406,1.5961919143679224,1.5961919143679224,0.0,37
943995,6407,2.0764959412329174,1.6164959412329167,23.0,500
944111,6408,1.9521781844396087,1.6921781844396089,13.0,116
944201,6409,3.3748293639835882,3.3148293639835877,3.0,90
944701,6410,-0.33029926404020893,-0.6302992640402092,15.0,500
944743,6411,1.4194182688016175,1.4194182688016175,0.0,42
944804,6412,1.4347557589558992,1.4347557589558992,0.0,61
944974,6413,2.5192181819223594,2.3992181819223584,6.0,170
945159,6414,3.0467160830712166,2.886716083071218,8.0,185
945194,6415,1.5607223333274747,1.5607223333274747,0.0,35
945281,6416,2.75410569918877,2.71410569918877,2.0,87
945393,6417,2.0491020806877644,1.3291020806877647,36.0,112
945483,6418,1.4559121546103213,1.2559121546103214,10.0,90
945573,6419,1.5738593597355481,1.5738593597355481,0.0,90
946073,6420,0.9605142927659196,0.060514292765919145,45.0,500
946223,6421,2.559427947392682,2.179427947392682,19.0,150
946368,6422,1.7256233420246876,1.7256233420246876,0.0,145
946404,6423,1.406699731440613,1.406699731440613,0.0,36
946500,6424,3.0461756857976865,2.7861756857976867,13.0,96
946576,6425,2.16074635391361,1.86074635391361,15.0,76
946644,6426,2.4960876639018865,2.396087663901887,5.0,68
947144,6427,0.4846959024127788,-3.0753040975872166,178.0,500
947268,6428,1.6037713699605418,1.5637713699605418,2.0,124
947371,6429,3.6534386625750663,3.593438662575066,3.0,103
947407,6430,1.5263944434088443,1.5263944434088443,0.0,36
947470,6431,2.3832427045571265,2.3432427045571265,2.0,63
947768,6432,3.318466829810071,3.018466829810071,15.0,298
948188,6433,1.4818721144034857,-2.5181278855965084,200.0,420
948310,6434,2.7584319214017343,2.7584319214017343,0.0,122
948810,6435,0.5561907674604676,-5.183809232539528,287.0,500
948871,6436,1.8779218112293428,1.8779218112293428,0.0,61
948937,6437,1.8237384417825089,1.8237384417825089,0.0,66
948965,6438,1.2988853980973565,1.2988853980973565,0.0,28
949050,6439,2.5682640943389283,2.2082640943389293,18.0,85
949138,6440,2.8023384670364746,2.6223384670364744,9.0,88
949293,6441,2.5752806643627015,2.5752806643627015,0.0,155
949462,6442,2.7813418679779556,2.521341867977956,13.0,169
949962,6443,0.20327383095781892,-5.276726169042177,274.0,500
949999,6444,1.3142961070453025,1.3142961070453025,0.0,37
950106,6445,1.8355680714205573,1.7555680714205573,4.0,107
950216,6446,1.6459078907958526,1.4259078907958527,11.0,110
950361,6447,2.1918640652149044,1.391864065214904,40.0,145
950861,6448,2.3218777801584265,1.9618777801584266,18.0,500
950921,6449,2.3702419047651526,2.3702419047651526,0.0,60
951021,6450,1.6618678564727831,1.6618678564727831,0.0,100
951143,6451,1.4133645470142953,1.4133645470142953,0.0,122
951630,6452,2.628938566519434,2.4289385665194345,10.0,487
951696,6453,2.196752117118303,2.196752117118303,0.0,66
951761,6454,2.3700611969288614,2.170061196928862,10.0,65
951819,6455,2.2683304228765895,2.2683304228765895,0.0,58
952319,6456,-0.16524974047250618,-0.16524974047250618,0.0,500
952438,6457,2.0215319845968427,2.0215319845968427,0.0,119
952529,6458,2.990763969129923,2.4507639691299232,27.0,91
952595,6459,2.6082728421821546,2.5882728421821546,1.0,66
952660,6460,2.5470601226586806,2.3070601226586804,12.0,65
952719,6461,2.1993121650172,1.9393121650171996,13.0,59
953219,6462,0.21825445978368085,-0.1417455402163192,18.0,500
953335,6463,1.9812116988790085,1.9412116988790085,2.0,116
953372,6464,1.417161568135616,1.417161568135616,0.0,37
953494,6465,3.1749954427157605,2.79499544271576,19.0,122
953588,6466,3.0926027749206604,2.8326027749206597,13.0,94
953649,6467,2.052249930562053,1.8322499305620525,11.0,61
953740,6468,1.2708532225187525,1.2708532225187525,0.0,91
953786,6469,1.9585652403329843,1.9185652403329843,2.0,46
953888,6470,3.36483008369093,2.9448300836909294,21.0,102
953982,6471,3.2106478359856117,2.8706478359856114,17.0,94
954006,6472,1.2606908335375,1.2606908335375,0.0,24
954506,6473,-0.05423275885380274,-0.05423275885380274,0.0,500
954649,6474,2.3783619389023314,2.3783619389023314,0.0,143
954744,6475,1.7954069083557482,1.7954069083557482,0.0,95
954845,6476,2.644346246042776,2.644346246042776,0.0,101
954934,6477,3.1313046669799727,3.071304666979972,3.0,89
955434,6478,-0.12590033017184687,-0.12590033017184687,0.0,500
955519,6479,3.1049354535176334,3.1049354535176334,0.0,85
955756,6480,2.4644679597890367,2.444467959789037,1.0,237
956256,6481,1.3671559251147476,0.6271559251147475,37.0,500
956361,6482,2.933137129813306,2.9131371298133066,1.0,105
956446,6483,2.794169863631174,2.774169863631174,1.0,85
956580,6484,3.4941281931477386,3.234128193147739,13.0,134
956803,6485,2.2642068610790433,2.0842068610790436,9.0,223
956941,6486,3.401621347668431,2.921621347668431,24.0,138
957034,6487,3.3129344617937155,3.0529344617937153,13.0,93
957127,6488,1.9101525855084733,1.9101525855084733,0.0,93
957242,6489,1.849756022334912,1.849756022334912,0.0,115
957346,6490,2.1321998695056266,2.1321998695056266,0.0,104
957426,6491,2.4284751190335454,2.1684751190335456,13.0,80
957926,6492,0.6498547333984281,-3.5701452666015685,211.0,500
958032,6493,1.8227837679733614,1.7827837679733614,2.0,106
958103,6494,2.6044866096627572,2.6044866096627572,0.0,71
958154,6495,2.1089888186365138,2.0689888186365133,2.0,51
958305,6496,1.7399797620020114,1.7399797620020114,0.0,151
958412,6497,2.996742617274878,2.996742617274878,0.0,107
958535,6498,2.095250478506017,1.4952504785060168,30.0,123
958625,6499,3.1744668975625805,3.1144668975625804,3.0,90
959125,6500,-0.3977813183831218,-0.3977813183831218,0.0,500
959453,6501,3.3413098326491166,3.0013098326491168,17.0,328
959577,6502,2.1906506755861956,2.1906506755861956,0.0,124
959621,6503,1.809432334662393,1.809432334662393,0.0,44
959707,6504,1.410133744408093,1.410133744408093,0.0,86
959913,6505,3.6032887643407228,3.2632887643407225,17.0,206
959944,6506,1.4583550049356249,1.4583550049356249,0.0,31
959977,6507,1.4773979677299651,1.4773979677299651,0.0,33
960100,6508,2.144722758768363,2.144722758768363,0.0,123
960296,6509,2.708749485688367,2.668749485688367,2.0,196
960442,6510,2.1080837064066102,1.84808370640661,13.0,146
960540,6511,3.0969959586812754,2.796995958681275,15.0,98
960617,6512,2.8391989307989993,2.8391989307989993,0.0,77
960735,6513,2.0381316425254594,1.9781316425254596,3.0,118
960832,6514,1.8187682283849307,1.8187682283849307,0.0,97
960972,6515,2.5079632716056346,2.5079632716056346,0.0,140
961049,6516,2.595434333348277,2.555434333348277,2.0,77
961405,6517,2.091954800816602,-1.8680451991833964,198.0,356
961502,6518,1.2964990106291983,1.1764990106291981,6.0,97
961593,6519,1.3555259816072178,1.2555259816072177,5.0,91
961717,6520,2.386313611865595,2.3463136118655954,2.0,124
961802,6521,2.701656815713859,2.4416568157138596,13.0,85
961894,6522,1.3985883453766739,1.3985883453766739,0.0,92
962290,6523,2.82371223143667,2.6637122314366697,8.0,396
962502,6524,2.907905017375318,2.767905017375318,7.0,212
962625,6525,3.160814489423795,2.8608144894237952,15.0,123
962848,6526,2.8441925647702595,2.3041925647702586,27.0,223
962962,6527,2.71188724932982,2.491887249329819,11.0,114
962992,6528,1.4399040795760856,1.4399040795760856,0.0,30
963036,6529,1.840605680540355,1.6006056805403548,12.0,44
963167,6530,2.1410418914224736,2.1010418914224736,2.0,131
963217,6531,2.0029837495508644,1.722983749550864,14.0,50
963314,6532,1.4130164775244296,1.2730164775244295,7.0,97
963639,6533,2.5060764807830544,2.3060764807830543,10.0,325
963770,6534,1.8298605832039183,1.8298605832039183,0.0,131
963839,6535,2.4903031485397733,2.2303031485397735,13.0,69
963923,6536,2.3174975741799075,2.0374975741799073,14.0,84
964062,6537,1.9191126822840388,1.6791126822840385,12.0,139
964172,6538,1.7752533545683151,1.6952533545683153,4.0,110
964672,6539,-0.08289241117001422,-0.08289241117001422,0.0,500
964885,6540,2.424061522304829,2.144061522304829,14.0,213
965119,6541,2.1960139720591583,2.1960139720591583,0.0,234
965190,6542,2.498132739328355,2.498132739328355,0.0,71
965577,6543,3.2013684353400405,3.1413684353400404,3.0,387
965626,6544,2.0032292095165674,1.7432292095165671,13.0,49
966066,6545,2.61880145357152,-0.12119854642848171,137.0,440
966124,6546,2.268291282017822,2.228291282017822,2.0,58
966163,6547,1.7339642980915333,1.7339642980915333,0.0,39
966200,6548,1.6851657820625305,1.6851657820625305,0.0,37
966292,6549,1.4947181504328118,1.4947181504328118,0.0,92
966332,6550,1.7337342695128892,1.7337342695128892,0.0,40
966382,6551,2.0162202308694304,1.7762202308694302,12.0,50
966469,6552,3.1508237344165084,3.1508237344165084,0.0,87
966692,6553,3.2143613323588527,2.654361332358852,28.0,223
966768,6554,2.5146388562306035,2.494638856230604,1.0,76
966879,6555,1.8330072318413866,1.8130072318413866,1.0,111
966974,6556,1.9141388055194564,1.8741388055194563,2.0,95
967007,6557,1.3323512815261185,1.3323512815261185,0.0,33
967038,6558,1.4206736355882021,1.4206736355882021,0.0,31
967105,6559,2.5693322255143656,2.5693322255143656,0.0,67
967170,6560,2.159712985209681,2.0797129852096807,4.0,65
967280,6561,2.9195622168591746,2.7795622168591754,7.0,110
967347,6562,2.6662561998218157,2.446256199821815,11.0,67
967467,6563,2.6209474285554712,2.6009474285554717,1.0,120
967643,6564,2.5561754755104746,2.416175475510475,7.0,176
968143,6565,0.21691573562549626,0.07691573562549625,7.0,500
968405,6566,2.879057649671839,2.4790576496718386,20.0,262
968502,6567,2.264821153019466,2.264821153019466,0.0,97
968663,6568,2.6365376440106694,2.6365376440106694,0.0,161
968819,6569,1.2976728616572442,1.2976728616572442,0.0,156
969023,6570,3.0187581378659063,2.0187581378659045,50.0,204
969082,6571,2.270848621418679,2.030848621418679,12.0,59
969173,6572,3.298513655121991,3.1985136551219915,5.0,91
969394,6573,2.8075425585572154,2.4675425585572155,17.0,221
969429,6574,1.5743546035387774,1.5743546035387774,0.0,35
969484,6575,2.157704402515631,2.0177044025156308,7.0,55
969568,6576,1.4803819928941593,1.4803819928941593,0.0,84
969656,6577,2.2118662998478684,2.1918662998478684,1.0,88
969891,6578,2.016032801030309,0.6760328010303079,67.0,235
969942,6579,2.094755221663786,2.054755221663786,2.0,51
970059,6580,1.9290218650271278,1.9290218650271278,0.0,117
970094,6581,1.5886556925826825,1.5886556925826825,0.0,35
970161,6582,2.5255419083285044,2.5255419083285044,0.0,67
970323,6583,2.1026855214579516,2.1026855214579516,0.0,162
970441,6584,3.5458559310232656,3.5458559310232656,0.0,118
970619,6585,2.767596876061009,2.1875968760610087,29.0,178
970719,6586,1.7562704005307572,1.4562704005307565,15.0,100
971127,6587,3.5751231417691614,3.0551231417691618,26.0,408
971627,6588,-0.37086969291728034,-3.730869692917283,168.0,500
971723,6589,3.0918481527382546,3.0918481527382546,0.0,96
972029,6590,3.1568697511095607,3.1568697511095607,0.0,306
972071,6591,1.6336991239271283,1.6336991239271283,0.0,42
972097,6592,1.2911910137533988,1.2911910137533988,0.0,26
972170,6593,2.389609687290317,2.389609687290317,0.0,73
972245,6594,2.342274446840457,1.9022744468404564,22.0,75
972300,6595,2.1567508726294498,2.1367508726294497,1.0,55
972404,6596,1.8237411243072992,1.623741124307299,10.0,104
972452,6597,1.8715400416299404,1.8715400416299404,0.0,48
972487,6598,1.6200264287657122,1.6200264287657122,0.0,35
972536,6599,2.003150643389504,2.003150643389504,0.0,49
972596,6600,2.3996793279413673,2.3996793279413673,0.0,60
972654,6601,2.1057552847271097,2.1057552847271097,0.0,58
972756,6602,1.520223645213687,1.520223645213687,0.0,102
972812,6603,2.2161470946182344,1.8761470946182344,17.0,56
972928,6604,2.2700035717959053,2.2100035717959052,3.0,116
973031,6605,2.444208729777193,2.1242087297771928,16.0,103
973064,6606,1.4823948625376702,1.4823948625376702,0.0,33
973271,6607,3.3270450129943505,2.80704501299435,26.0,207
973307,6608,1.6500189184685428,1.6500189184685428,0.0,36
973355,6609,1.943486269076262,1.943486269076262,0.0,48
973406,6610,2.059928258987786,2.059928258987786,0.0,51
973906,6611,-0.033026759045674314,-0.033026759045674314,0.0,500
974039,6612,2.521446092339246,2.521446092339246,0.0,133
974083,6613,1.8488308264215094,1.8488308264215094,0.0,44
974128,6614,1.926073240933578,1.926073240933578,0.0,45
974223,6615,2.9001078833796896,2.8201078833796895,4.0,95
974358,6616,2.2273772345063474,1.4873772345063478,37.0,135
974425,6617,2.224263821199113,2.224263821199113,0.0,67
974458,6618,1.546973272799697,1.546973272799697,0.0,33
974665,6619,2.261567895631144,1.761567895631144,25.0,207
974771,6620,3.2495723891965245,2.8495723891965246,20.0,106
974840,6621,2.6304211490166387,2.6304211490166387,0.0,69
975057,6622,2.354952157543405,2.2149521575434052,7.0,217
975557,6623,-0.25965386354164677,-0.25965386354164677,0.0,500
975672,6624,2.611190218542569,2.571190218542569,2.0,115
975873,6625,3.723987569437634,2.983987569437634,37.0,201
975976,6626,1.5377166880102804,1.5377166880102804,0.0,103
976139,6627,3.3159063132360638,3.055906313236064,13.0,163
976639,6628,0.021417740058452317,0.021417740058452317,0.0,500
976742,6629,3.5554572514322245,3.5554572514322245,0.0,103
976780,6630,1.6883124669736171,1.648312466973617,2.0,38
976908,6631,2.65107316823288,2.61107316823288,2.0,128
976995,6632,3.107733193866396,3.067733193866396,2.0,87
977135,6633,2.5897704433521134,2.3697704433521136,11.0,140
977177,6634,1.7693003261792675,1.7693003261792675,0.0,42
977269,6635,1.4646041962636507,1.0046041962636507,23.0,92
977419,6636,2.7905151792701135,2.7905151792701135,0.0,150
977531,6637,1.9642922336378779,1.9642922336378779,0.0,112
977585,6638,2.157710761849115,2.157710761849115,0.0,54
977630,6639,1.910399587832542,1.7703995878325418,7.0,45
977738,6640,1.7602879599020262,1.3602879599020263,20.0,108
978238,6641,-1.0605198843056258,-1.0605198843056258,0.0,500
978439,6642,2.77987887242454,2.77987887242454,0.0,201
978490,6643,2.0837834954091985,2.0837834954091985,0.0,51
978570,6644,2.9063812935841162,2.9063812935841162,0.0,80
978724,6645,3.410452328005767,3.170452328005767,12.0,154
978843,6646,2.960965684707382,2.300965684707384,33.0,119
979049,6647,1.3529555097843622,1.3529555097843622,0.0,206
979112,6648,2.4578826888826693,2.4578826888826693,0.0,63
979245,6649,2.257193388232329,1.9971933882323283,13.0,133
979408,6650,3.42384003177324,2.723840031773239,35.0,163
979524,6651,1.4069672658613466,1.1269672658613468,14.0,116
979626,6652,2.897869010837682,2.897869010837682,0.0,102
979734,6653,1.5001676744849841,1.0401676744849842,23.0,108
979934,6654,2.768340438696561,1.9883404386965602,39.0,200
979982,6655,1.2911924894779214,1.2911924894779214,0.0,48
980133,6656,3.1541772559983445,2.794177255998344,18.0,151
980170,6657,1.6909991006411018,1.6909991006411018,0.0,37
980249,6658,2.509773618886067,2.509773618886067,0.0,79
980749,6659,1.1361952328682723,-0.8238047671317288,98.0,500
980890,6660,3.4484595964048372,3.048459596404836,20.0,141
981390,6661,0.17108559951619995,0.17108559951619995,0.0,500
981424,6662,1.5472306961463675,1.5472306961463675,0.0,34
981522,6663,2.2239601002905065,2.123960100290506,5.0,98
981577,6664,2.1518978963231907,1.9318978963231908,11.0,55
981657,6665,2.5643669933593722,2.5643669933593722,0.0,80
982157,6666,0.35334702810601915,0.35334702810601915,0.0,500
982252,6667,3.2238655806310734,3.2238655806310734,0.0,95
982408,6668,2.7502690500419646,2.3902690500419643,18.0,156
982495,6669,3.212273966950285,3.212273966950285,0.0,87
982659,6670,3.4915119665673924,3.2715119665673926,11.0,164
982746,6671,3.1200356550630195,3.1200356550630195,0.0,87
982818,6672,2.7053142231243594,2.7053142231243594,0.0,72
982891,6673,1.4206561371863642,1.4206561371863642,0.0,73
983011,6674,2.1237938701158465,2.0237938701158464,5.0,120
983100,6675,2.2876570028317413,2.127657002831741,8.0,89
983155,6676,1.604773190284368,1.604773190284368,0.0,55
983235,6677,3.029121403120393,2.789121403120393,12.0,80
983320,6678,1.4947868546672094,1.3147868546672092,9.0,85
983359,6679,1.6831433480429225,1.6831433480429225,0.0,39
983482,6680,2.9162022030743087,2.696202203074309,11.0,123
983544,6681,2.4812900596042278,2.4812900596042278,0.0,62
983617,6682,2.111745174915294,1.8517451749152931,13.0,73
983842,6683,3.2347127767606945,2.3347127767606977,45.0,225
983968,6684,2.107178212940407,1.8671782129404066,12.0,126
984223,6685,2.292952516755089,2.292952516755089,0.0,255
984273,6686,1.5314781993870854,1.5114781993870854,1.0,50
984398,6687,2.0651867201893266,2.0251867201893266,2.0,125
984479,6688,2.3642266268122922,2.144226626812292,11.0,81
984715,6689,2.1839953611364353,2.0839953611364357,5.0,236
984834,6690,2.040454604458801,2.040454604458801,0.0,119
984909,6691,2.7974664057541814,2.777466405754182,1.0,75
985020,6692,1.9396461530800588,1.9396461530800588,0.0,111
985081,6693,2.427267685797701,2.387267685797701,2.0,61
985168,6694,3.2317906517729247,2.9117906517729244,16.0,87
985276,6695,3.6134467769322396,3.6134467769322396,0.0,108
985322,6696,1.848124187527487,1.828124187527487,1.0,46
985391,6697,2.3748975388529097,2.3748975388529097,0.0,69
985518,6698,2.084637569334727,2.084637569334727,0.0,127
985570,6699,2.0311091585218217,2.0311091585218217,0.0,52
985630,6700,2.352528271624962,2.2125282716249615,7.0,60
985717,6701,2.9793915953458434,2.9793915953458434,0.0,87
985796,6702,2.0447255221721186,2.0447255221721186,0.0,79
985904,6703,2.6804424314072604,2.42044243140726,13.0,108
985939,6704,1.5539633270671769,1.5539633270671769,0.0,35
986072,6705,2.3242732021914945,2.2842732021914944,2.0,133
986188,6706,3.046939864367084,2.826939864367084,11.0,116
986211,6707,1.253001462817139,1.253001462817139,0.0,23
986283,6708,2.7640657405807527,2.5640657405807525,10.0,72
986386,6709,3.5361026610239437,3.1561026610239438,19.0,103
986696,6710,3.265470636991091,3.0854706369910923,9.0,310
986743,6711,1.9884151856021628,1.9884151856021628,0.0,47
986826,6712,1.3718801677997838,1.3718801677997838,0.0,83
986895,6713,1.5093686018504717,1.5093686018504717,0.0,69
986926,6714,1.4296969341075634,1.4296969341075634,0.0,31
987426,6715,-0.004062147047346976,-0.004062147047346976,0.0,500
987449,6716,1.275412171227328,1.275412171227328,0.0,23
987571,6717,1.8623522659861345,1.6823522659861343,9.0,122
987607,6718,1.6215593884983404,1.6215593884983404,0.0,36
987729,6719,3.974023681273499,3.714023681273498,13.0,122
987869,6720,2.4335153547152895,2.2535153547152893,9.0,140
987948,6721,1.5645541317815481,1.5045541317815483,3.0,79
988448,6722,0.5275210136239366,-0.7924789863760641,66.0,500
988597,6723,2.1258668457324834,2.0258668457324838,5.0,149
988684,6724,2.1735904558148382,2.153590455814838,1.0,87
989034,6725,3.4998374351395993,2.799837435139599,35.0,350
989534,6726,0.27452371274326604,-4.685476287256722,248.0,500
989597,6727,1.999818084326208,1.999818084326208,0.0,63
989780,6728,1.6497833977921958,1.529783397792196,6.0,183
989927,6729,2.5583630530579233,2.3983630530579236,8.0,147
990016,6730,3.089792911943751,2.8697929119437506,11.0,89
990516,6731,-0.3470436060740325,-0.3470436060740325,0.0,500
990580,6732,2.2846761387257724,2.044676138725772,12.0,64
990718,6733,3.789746827965788,3.469746827965788,16.0,138
990788,6734,2.540614455574008,2.540614455574008,0.0,70
991288,6735,0.8404404660745755,-3.8795595339254207,236.0,500
991397,6736,1.6193577320046746,1.6193577320046746,0.0,109
991492,6737,2.835338920869861,2.835338920869861,0.0,95
991561,6738,2.63181127463288,2.4718112746328798,8.0,69
991670,6739,1.495238446574009,1.495238446574009,0.0,109
991984,6740,2.5155810918078547,2.475581091807855,2.0,314
992129,6741,3.351510161053257,2.911510161053258,22.0,145
992629,6742,1.6758330321703787,1.6758330321703787,0.0,500
992747,6743,2.204227928479627,2.124227928479627,4.0,118
992854,6744,3.425239415736707,3.3652394157367067,3.0,107
992901,6745,1.6288342868586911,1.6288342868586911,0.0,47
993380,6746,3.0045095778022883,1.8445095778022886,58.0,479
993453,6747,2.4275563538093263,2.4275563538093263,0.0,73
993497,6748,1.9147461228742175,1.6747461228742178,12.0,44
993532,6749,1.5728894102554367,1.5728894102554367,0.0,35
993637,6750,1.8884034912264875,1.8084034912264877,4.0,105
993716,6751,2.802902911725157,2.802902911725157,0.0,79
993805,6752,2.9252146367031697,2.8652146367031697,3.0,89
993884,6753,1.9431891337830864,1.9431891337830864,0.0,79
994028,6754,2.2193650708315404,2.2193650708315404,0.0,144
994528,6755,-3.2148314913451808,-3.2148314913451808,0.0,500
994666,6756,2.5002985656484484,2.5002985656484484,0.0,138
994933,6757,3.1533877878039207,3.1133877878039207,2.0,267
995251,6758,2.646265782614824,1.1662657826148233,74.0,318
995362,6759,2.3932164086184953,2.3932164086184953,0.0,111
995508,6760,2.355919523798206,2.195919523798206,8.0,146
995546,6761,1.5597061407764985,1.5597061407764985,0.0,38
995609,6762,2.262926697910086,2.2229266979100863,2.0,63
995710,6763,2.018031194280133,2.018031194280133,0.0,101
995795,6764,1.2595653773255853,1.2595653773255853,0.0,85
995894,6765,2.0283569663943037,2.0283569663943037,0.0,99
996027,6766,1.5614630764461608,1.5614630764461608,0.0,133
996150,6767,1.7921352637589543,1.5521352637589545,12.0,123
996193,6768,1.772079634180907,1.772079634180907,0.0,43
996330,6769,2.3957106524680842,2.355710652468084,2.0,137
996367,6770,1.6428225163608174,1.6428225163608174,0.0,37
996471,6771,1.6342354572615965,1.4942354572615963,7.0,104
996971,6772,-0.23728663269439165,-0.23728663269439165,0.0,500
997110,6773,3.5875768760225726,3.187576876022573,20.0,139
997198,6774,1.4522763728620935,1.4522763728620935,0.0,88
997339,6775,2.67446947890597,2.4144694789059704,13.0,141
997408,6776,1.9548902522888398,1.9548902522888398,0.0,69
997473,6777,2.3857388912744666,2.3457388912744666,2.0,65
997713,6778,2.440572872513943,1.5605728725139416,44.0,240
997809,6779,1.305262335047912,1.305262335047912,0.0,96
997937,6780,3.383711428757822,3.1437114287578214,12.0,128
998021,6781,3.1724169182954096,3.09241691829541,4.0,84
998058,6782,1.6839153687687554,1.6839153687687554,0.0,37
998558,6783,0.2124678811857028,0.012467881185702745,10.0,500
998656,6784,3.26147607575588,2.9814760757558805,14.0,98
998758,6785,1.5702980200272652,1.5702980200272652,0.0,102
998847,6786,1.3032936134507906,1.3032936134507906,0.0,89
998899,6787,2.0949128533017287,2.0949128533017287,0.0,52
999020,6788,1.9811407949697535,1.9811407949697535,0.0,121
999136,6789,3.10847870203118,3.10847870203118,0.0,116
999239,6790,2.3659623239552743,2.3659623239552743,0.0,103
999383,6791,2.321018924031579,1.8810189240315787,22.0,144
999542,6792,2.7555221929427316,2.5555221929427314,10.0,159
999603,6793,2.4479192591631915,2.3879192591631915,3.0,61
999724,6794,1.7699205052394968,1.7699205052394968,0.0,121
999900,6795,2.2376494267210028,2.2376494267210028,0.0,176
